CustomerID,FirstPurchaseDate,Country,City,AgeGroup,Gender
C00001,2024-07-08,USA,Houston,35-44,Male
C00002,2024-03-11,USA,Chicago,25-34,Male
C00003,2024-03-03,USA,Chicago,25-34,Female
C00004,2024-02-27,Germany,Berlin,35-44,Male
C00005,2024-02-05,USA,Chicago,18-24,Male
C00006,2024-07-07,UK,Manchester,25-34,Female
C00007,2024-01-27,USA,Chicago,25-34,Male
C00008,2024-06-22,Germany,Munich,25-34,Male
C00009,2024-07-08,Australia,Melbourne,45-54,Male
C00010,2024-08-16,UK,Birmingham,25-34,Female
C00011,2024-05-19,USA,New York,35-44,Female
C00012,2024-01-23,Australia,Sydney,35-44,Female
C00013,2024-05-31,Canada,Toronto,18-24,Female
C00014,2024-04-18,Germany,Munich,35-44,Male
C00015,2024-01-09,UK,Birmingham,25-34,Male
C00016,2024-01-08,Canada,Vancouver,18-24,Female
C00017,2024-01-24,UK,Manchester,55+,Male
C00018,2024-02-25,Australia,Melbourne,55+,Male
C00019,2024-02-29,USA,Houston,45-54,Male
C00020,2024-05-09,Canada,Montreal,25-34,Male
C00021,2024-06-03,Canada,Montreal,18-24,Other
C00022,2024-01-07,USA,New York,35-44,Male
C00023,2024-05-23,Germany,Berlin,25-34,Female
C00024,2024-02-20,USA,Houston,18-24,Male
C00025,2024-07-02,Germany,Berlin,25-34,Female
C00026,2024-06-15,USA,Houston,18-24,Male
C00027,2024-06-28,Australia,Melbourne,55+,Male
C00028,2024-05-19,Australia,Melbourne,25-34,Female
C00029,2024-04-17,Germany,Berlin,35-44,Female
C00030,2024-02-26,Australia,Sydney,25-34,Male
C00031,2024-04-24,Canada,Toronto,35-44,Male
C00032,2024-05-30,USA,Chicago,35-44,Male
C00033,2024-03-12,Australia,Melbourne,25-34,Male
C00034,2024-07-26,UK,London,55+,Male
C00035,2024-08-10,Canada,Montreal,45-54,Female
C00036,2024-01-02,USA,Phoenix,55+,Male
C00037,2024-07-13,USA,New York,45-54,Male
C00038,2024-07-25,USA,Los Angeles,35-44,Female
C00039,2024-02-10,Australia,Sydney,55+,Female
C00040,2024-06-27,USA,Los Angeles,18-24,Female
C00041,2024-04-18,USA,New York,25-34,Male
C00042,2024-03-28,Australia,Sydney,18-24,Male
C00043,2024-03-12,UK,London,25-34,Female
C00044,2024-02-09,USA,Houston,25-34,Male
C00045,2024-02-25,UK,London,25-34,Male
C00046,2024-09-02,Canada,Vancouver,45-54,Female
C00047,2024-07-14,Canada,Montreal,25-34,Female
C00048,2024-03-27,UK,London,25-34,Female
C00049,2024-01-27,UK,Manchester,35-44,Male
C00050,2024-01-24,Australia,Melbourne,18-24,Male
C00051,2024-04-07,Canada,Vancouver,45-54,Female
C00052,2024-01-25,USA,Phoenix,18-24,Male
C00053,2024-04-01,Canada,Vancouver,55+,Female
C00054,2024-08-04,Germany,Berlin,45-54,Female
C00055,2024-03-29,USA,New York,25-34,Female
C00056,2024-06-03,USA,Los Angeles,18-24,Male
C00057,2024-03-08,USA,Chicago,45-54,Male
C00058,2024-07-25,UK,Manchester,35-44,Female
C00059,2024-01-12,Australia,Melbourne,35-44,Female
C00060,2024-07-05,Australia,Sydney,45-54,Female
C00061,2024-04-27,UK,Manchester,18-24,Male
C00062,2024-05-17,Canada,Montreal,25-34,Male
C00063,2024-02-01,UK,Birmingham,18-24,Female
C00064,2024-09-06,Australia,Melbourne,45-54,Female
C00065,2024-08-24,UK,Manchester,35-44,Female
C00066,2024-04-06,Germany,Berlin,25-34,Male
C00067,2024-01-21,Canada,Vancouver,18-24,Female
C00068,2024-05-21,USA,New York,25-34,Female
C00069,2024-03-16,USA,Chicago,25-34,Female
C00070,2024-07-31,UK,London,35-44,Male
C00071,2024-06-09,Canada,Vancouver,35-44,Male
C00072,2024-06-07,USA,New York,45-54,Female
C00073,2024-08-14,UK,London,25-34,Male
C00074,2024-08-08,UK,Birmingham,18-24,Male
C00075,2024-04-02,Canada,Toronto,35-44,Female
C00076,2024-05-27,Canada,Toronto,45-54,Male
C00077,2024-02-19,UK,Birmingham,35-44,Female
C00078,2024-06-29,USA,Los Angeles,45-54,Male
C00079,2024-01-18,Germany,Berlin,25-34,Female
C00080,2024-01-12,Germany,Munich,35-44,Female
C00081,2024-06-18,Australia,Melbourne,25-34,Male
C00082,2024-02-28,Canada,Montreal,18-24,Male
C00083,2024-07-16,Canada,Toronto,18-24,Male
C00084,2024-03-15,Canada,Montreal,18-24,Male
C00085,2024-01-21,USA,New York,35-44,Female
C00086,2024-08-06,Australia,Melbourne,25-34,Female
C00087,2024-02-29,USA,Los Angeles,35-44,Male
C00088,2024-08-09,UK,Birmingham,55+,Male
C00089,2024-01-26,Canada,Toronto,25-34,Male
C00090,2024-04-07,Germany,Berlin,25-34,Female
C00091,2024-03-12,Germany,Berlin,45-54,Male
C00092,2024-04-26,USA,Chicago,25-34,Female
C00093,2024-06-11,Germany,Munich,18-24,Female
C00094,2024-08-01,USA,Chicago,25-34,Female
C00095,2024-04-03,Canada,Vancouver,25-34,Male
C00096,2024-02-11,USA,Houston,55+,Female
C00097,2024-04-04,USA,Chicago,45-54,Male
C00098,2024-03-31,USA,Houston,35-44,Male
C00099,2024-02-23,USA,Chicago,45-54,Female
C00100,2024-06-20,UK,London,45-54,Female
C00101,2024-03-09,Germany,Munich,25-34,Male
C00102,2024-06-28,Australia,Melbourne,45-54,Male
C00103,2024-08-27,USA,Phoenix,35-44,Male
C00104,2024-06-23,UK,Birmingham,45-54,Male
C00105,2024-06-14,Canada,Vancouver,45-54,Male
C00106,2024-01-19,Germany,Berlin,25-34,Male
C00107,2024-06-04,USA,New York,18-24,Male
C00108,2024-06-11,Germany,Munich,25-34,Female
C00109,2024-02-13,USA,Phoenix,25-34,Female
C00110,2024-05-16,USA,Phoenix,45-54,Female
C00111,2024-07-05,USA,Phoenix,45-54,Male
C00112,2024-03-03,Canada,Vancouver,18-24,Female
C00113,2024-02-11,Canada,Vancouver,35-44,Female
C00114,2024-04-28,USA,New York,25-34,Female
C00115,2024-04-07,USA,Houston,25-34,Female
C00116,2024-03-10,Canada,Toronto,18-24,Female
C00117,2024-08-24,USA,Chicago,25-34,Female
C00118,2024-06-12,Canada,Vancouver,55+,Male
C00119,2024-06-25,Canada,Montreal,25-34,Female
C00120,2024-05-22,USA,Chicago,35-44,Female
C00121,2024-02-26,Canada,Vancouver,35-44,Female
C00122,2024-06-24,Canada,Vancouver,25-34,Female
C00123,2024-03-24,USA,Chicago,55+,Male
C00124,2024-08-03,Canada,Toronto,55+,Male
C00125,2024-07-15,Canada,Toronto,25-34,Female
C00126,2024-07-17,USA,Phoenix,25-34,Female
C00127,2024-01-15,USA,Los Angeles,25-34,Female
C00128,2024-02-28,Canada,Toronto,25-34,Male
C00129,2024-07-29,Canada,Montreal,18-24,Male
C00130,2024-01-09,Australia,Melbourne,35-44,Female
C00131,2024-07-25,Germany,Munich,35-44,Female
C00132,2024-03-21,Canada,Montreal,18-24,Female
C00133,2024-04-12,UK,London,25-34,Male
C00134,2024-03-09,Germany,Berlin,55+,Female
C00135,2024-01-17,Germany,Munich,25-34,Male
C00136,2024-02-24,Canada,Vancouver,18-24,Female
C00137,2024-08-21,USA,Chicago,25-34,Male
C00138,2024-08-29,Germany,Munich,55+,Male
C00139,2024-05-25,Germany,Munich,25-34,Female
C00140,2024-08-12,USA,Houston,35-44,Female
C00141,2024-07-02,USA,New York,45-54,Male
C00142,2024-03-21,USA,Phoenix,25-34,Female
C00143,2024-02-24,Canada,Montreal,35-44,Male
C00144,2024-06-16,Australia,Sydney,25-34,Male
C00145,2024-05-07,Canada,Vancouver,35-44,Male
C00146,2024-04-11,USA,Los Angeles,35-44,Male
C00147,2024-08-14,Canada,Montreal,35-44,Female
C00148,2024-08-22,USA,Phoenix,18-24,Male
C00149,2024-06-13,Australia,Melbourne,45-54,Female
C00150,2024-04-27,Canada,Montreal,25-34,Female
C00151,2024-02-06,UK,Manchester,25-34,Male
C00152,2024-03-08,Canada,Montreal,18-24,Female
C00153,2024-02-05,Canada,Vancouver,35-44,Male
C00154,2024-03-04,USA,Los Angeles,35-44,Female
C00155,2024-07-09,UK,Birmingham,18-24,Male
C00156,2024-05-23,Germany,Berlin,35-44,Male
C00157,2024-05-17,Canada,Vancouver,25-34,Male
C00158,2024-03-08,Canada,Toronto,35-44,Male
C00159,2024-07-10,USA,Houston,25-34,Male
C00160,2024-05-29,Canada,Toronto,35-44,Female
C00161,2024-04-19,USA,Chicago,25-34,Female
C00162,2024-08-17,UK,Birmingham,55+,Female
C00163,2024-05-29,USA,Phoenix,18-24,Female
C00164,2024-04-12,Australia,Sydney,25-34,Male
C00165,2024-04-02,Australia,Melbourne,18-24,Male
C00166,2024-02-26,Canada,Montreal,55+,Male
C00167,2024-02-05,UK,London,45-54,Male
C00168,2024-05-10,USA,Los Angeles,25-34,Female
C00169,2024-05-06,UK,Manchester,35-44,Female
C00170,2024-01-24,USA,Los Angeles,45-54,Male
C00171,2024-07-12,Australia,Melbourne,35-44,Male
C00172,2024-01-13,USA,Houston,35-44,Female
C00173,2024-08-08,USA,Chicago,25-34,Female
C00174,2024-01-29,UK,Manchester,18-24,Male
C00175,2024-02-09,UK,Manchester,45-54,Female
C00176,2024-06-09,UK,Birmingham,55+,Female
C00177,2024-02-10,UK,Manchester,35-44,Male
C00178,2024-07-21,USA,Houston,25-34,Male
C00179,2024-06-23,UK,London,25-34,Female
C00180,2024-04-18,Canada,Vancouver,35-44,Female
C00181,2024-06-01,USA,New York,45-54,Female
C00182,2024-01-17,UK,Birmingham,45-54,Male
C00183,2024-04-08,Germany,Berlin,45-54,Male
C00184,2024-04-07,Australia,Melbourne,35-44,Female
C00185,2024-06-01,UK,London,18-24,Female
C00186,2024-04-29,Australia,Sydney,25-34,Male
C00187,2024-05-15,Germany,Munich,45-54,Female
C00188,2024-03-05,UK,Birmingham,35-44,Female
C00189,2024-09-05,UK,Manchester,18-24,Female
C00190,2024-05-21,USA,Houston,18-24,Female
C00191,2024-08-08,Australia,Sydney,35-44,Female
C00192,2024-08-29,UK,London,18-24,Male
C00193,2024-01-03,Canada,Toronto,25-34,Female
C00194,2024-06-23,Canada,Toronto,35-44,Male
C00195,2024-07-03,USA,Chicago,35-44,Female
C00196,2024-01-30,UK,Manchester,35-44,Male
C00197,2024-06-23,USA,Phoenix,25-34,Female
C00198,2024-08-14,UK,Manchester,35-44,Male
C00199,2024-05-17,USA,Los Angeles,25-34,Male
C00200,2024-07-11,USA,Chicago,25-34,Male
C00201,2024-03-09,UK,Birmingham,35-44,Male
C00202,2024-07-15,USA,Los Angeles,35-44,Female
C00203,2024-06-13,USA,New York,45-54,Female
C00204,2024-03-28,USA,Houston,35-44,Female
C00205,2024-01-29,USA,Chicago,35-44,Male
C00206,2024-03-16,USA,Los Angeles,18-24,Male
C00207,2024-04-21,UK,Manchester,25-34,Male
C00208,2024-02-10,Germany,Berlin,25-34,Male
C00209,2024-04-26,Canada,Toronto,25-34,Female
C00210,2024-01-01,UK,Manchester,55+,Male
C00211,2024-09-01,USA,Chicago,25-34,Male
C00212,2024-07-03,Germany,Berlin,45-54,Male
C00213,2024-08-12,Germany,Berlin,35-44,Male
C00214,2024-07-03,USA,Phoenix,45-54,Female
C00215,2024-03-08,Germany,Berlin,35-44,Female
C00216,2024-09-05,UK,Manchester,35-44,Male
C00217,2024-05-08,Germany,Berlin,25-34,Male
C00218,2024-07-14,Canada,Toronto,25-34,Male
C00219,2024-02-15,Australia,Melbourne,35-44,Male
C00220,2024-05-09,UK,Birmingham,25-34,Male
C00221,2024-08-21,USA,Houston,18-24,Female
C00222,2024-01-28,Australia,Melbourne,35-44,Female
C00223,2024-08-10,USA,Houston,25-34,Female
C00224,2024-06-09,UK,Manchester,55+,Male
C00225,2024-03-17,Canada,Vancouver,55+,Male
C00226,2024-08-03,UK,London,55+,Female
C00227,2024-06-12,UK,London,25-34,Female
C00228,2024-05-09,Germany,Berlin,18-24,Female
C00229,2024-06-04,USA,Chicago,55+,Male
C00230,2024-02-20,UK,London,25-34,Female
C00231,2024-02-09,USA,Chicago,55+,Male
C00232,2024-04-05,USA,Phoenix,55+,Female
C00233,2024-07-14,UK,London,45-54,Female
C00234,2024-02-11,Canada,Toronto,25-34,Female
C00235,2024-05-18,UK,Birmingham,25-34,Male
C00236,2024-09-01,USA,New York,45-54,Female
C00237,2024-07-18,USA,Los Angeles,25-34,Male
C00238,2024-08-24,Canada,Toronto,25-34,Male
C00239,2024-05-15,UK,Birmingham,35-44,Male
C00240,2024-08-23,USA,Chicago,55+,Female
C00241,2024-01-01,USA,Chicago,35-44,Male
C00242,2024-06-02,USA,Los Angeles,35-44,Male
C00243,2024-03-23,UK,London,18-24,Female
C00244,2024-05-05,Canada,Vancouver,35-44,Male
C00245,2024-01-05,Germany,Munich,55+,Female
C00246,2024-01-29,Germany,Berlin,18-24,Male
C00247,2024-08-25,Canada,Toronto,35-44,Male
C00248,2024-04-02,Canada,Toronto,45-54,Female
C00249,2024-08-12,UK,Manchester,35-44,Male
C00250,2024-07-31,USA,Chicago,35-44,Male
C00251,2024-07-25,Canada,Vancouver,35-44,Female
C00252,2024-03-19,USA,Phoenix,25-34,Female
C00253,2024-03-02,Germany,Munich,25-34,Female
C00254,2024-01-15,USA,Houston,45-54,Male
C00255,2024-03-02,UK,Birmingham,45-54,Male
C00256,2024-08-12,USA,Los Angeles,45-54,Female
C00257,2024-05-25,Germany,Munich,55+,Female
C00258,2024-08-30,USA,Houston,35-44,Female
C00259,2024-01-21,Australia,Melbourne,35-44,Female
C00260,2024-01-22,UK,London,45-54,Female
C00261,2024-07-06,Australia,Sydney,35-44,Female
C00262,2024-05-04,UK,Manchester,35-44,Male
C00263,2024-07-27,UK,London,45-54,Female
C00264,2024-01-18,USA,Los Angeles,45-54,Male
C00265,2024-09-07,UK,London,25-34,Male
C00266,2024-07-13,USA,Los Angeles,25-34,Female
C00267,2024-05-16,Canada,Toronto,18-24,Female
C00268,2024-07-15,Canada,Montreal,35-44,Male
C00269,2024-02-02,USA,New York,18-24,Male
C00270,2024-02-02,UK,Birmingham,25-34,Male
C00271,2024-06-17,Canada,Montreal,35-44,Female
C00272,2024-05-01,USA,Los Angeles,25-34,Female
C00273,2024-08-30,USA,New York,35-44,Male
C00274,2024-05-20,UK,Manchester,18-24,Male
C00275,2024-02-12,Canada,Montreal,18-24,Female
C00276,2024-03-08,UK,Birmingham,45-54,Male
C00277,2024-05-15,Australia,Sydney,25-34,Female
C00278,2024-08-11,Canada,Vancouver,18-24,Female
C00279,2024-06-04,USA,Chicago,35-44,Male
C00280,2024-04-18,Germany,Berlin,45-54,Female
C00281,2024-09-03,Canada,Montreal,25-34,Male
C00282,2024-02-24,Canada,Toronto,35-44,Male
C00283,2024-08-25,Canada,Montreal,18-24,Female
C00284,2024-05-18,USA,New York,18-24,Male
C00285,2024-07-12,USA,New York,35-44,Other
C00286,2024-07-05,USA,New York,35-44,Female
C00287,2024-06-25,UK,Birmingham,35-44,Male
C00288,2024-02-21,UK,London,35-44,Male
C00289,2024-07-01,Australia,Melbourne,55+,Male
C00290,2024-03-20,UK,Manchester,35-44,Male
C00291,2024-04-12,Canada,Vancouver,25-34,Male
C00292,2024-06-20,UK,London,45-54,Male
C00293,2024-06-15,Australia,Melbourne,25-34,Male
C00294,2024-04-05,USA,Houston,25-34,Female
C00295,2024-04-22,USA,Los Angeles,18-24,Female
C00296,2024-08-18,Canada,Toronto,18-24,Female
C00297,2024-05-12,Canada,Montreal,55+,Male
C00298,2024-04-25,UK,Birmingham,45-54,Male
C00299,2024-01-31,Canada,Montreal,35-44,Female
C00300,2024-03-04,USA,New York,25-34,Female
C00301,2024-02-27,USA,Chicago,25-34,Male
C00302,2024-01-17,USA,Houston,25-34,Female
C00303,2024-03-27,USA,New York,25-34,Female
C00304,2024-01-06,Australia,Melbourne,35-44,Female
C00305,2024-05-30,UK,Birmingham,35-44,Male
C00306,2024-05-21,Australia,Sydney,35-44,Female
C00307,2024-02-28,UK,Manchester,25-34,Female
C00308,2024-05-30,Canada,Toronto,55+,Female
C00309,2024-02-26,UK,Birmingham,35-44,Female
C00310,2024-01-02,USA,Phoenix,35-44,Female
C00311,2024-01-19,Canada,Toronto,35-44,Female
C00312,2024-06-30,Germany,Munich,25-34,Male
C00313,2024-06-10,Canada,Toronto,25-34,Female
C00314,2024-01-16,USA,New York,25-34,Female
C00315,2024-02-28,UK,Manchester,45-54,Female
C00316,2024-01-18,Germany,Berlin,18-24,Male
C00317,2024-08-19,Canada,Montreal,18-24,Male
C00318,2024-01-09,UK,London,18-24,Female
C00319,2024-08-08,USA,Chicago,18-24,Female
C00320,2024-03-25,UK,Birmingham,45-54,Female
C00321,2024-01-19,Canada,Toronto,35-44,Female
C00322,2024-05-11,Australia,Melbourne,25-34,Female
C00323,2024-03-01,Germany,Munich,18-24,Female
C00324,2024-03-12,USA,Chicago,25-34,Female
C00325,2024-06-20,Canada,Toronto,25-34,Female
C00326,2024-05-04,UK,London,25-34,Female
C00327,2024-02-24,Canada,Montreal,25-34,Male
C00328,2024-05-18,Germany,Munich,25-34,Male
C00329,2024-02-03,Canada,Toronto,35-44,Female
C00330,2024-07-04,Canada,Montreal,35-44,Male
C00331,2024-08-27,UK,Manchester,18-24,Male
C00332,2024-08-13,Australia,Melbourne,25-34,Male
C00333,2024-05-26,Canada,Toronto,35-44,Male
C00334,2024-05-27,USA,New York,35-44,Male
C00335,2024-05-01,UK,London,45-54,Male
C00336,2024-03-03,Germany,Berlin,35-44,Female
C00337,2024-07-19,USA,New York,25-34,Female
C00338,2024-05-01,UK,Birmingham,18-24,Male
C00339,2024-07-25,UK,Birmingham,35-44,Male
C00340,2024-04-14,Canada,Vancouver,18-24,Female
C00341,2024-02-18,USA,Los Angeles,35-44,Male
C00342,2024-01-25,UK,London,55+,Female
C00343,2024-01-25,Canada,Montreal,35-44,Female
C00344,2024-06-17,USA,New York,25-34,Female
C00345,2024-04-20,Australia,Sydney,35-44,Male
C00346,2024-03-31,Germany,Munich,25-34,Female
C00347,2024-04-18,Australia,Sydney,35-44,Male
C00348,2024-04-15,Germany,Munich,55+,Female
C00349,2024-04-29,Australia,Melbourne,25-34,Female
C00350,2024-08-09,Canada,Vancouver,55+,Male
C00351,2024-07-05,USA,Houston,55+,Male
C00352,2024-01-14,Canada,Toronto,25-34,Male
C00353,2024-06-21,UK,London,18-24,Female
C00354,2024-06-16,USA,Los Angeles,18-24,Male
C00355,2024-06-14,Canada,Toronto,18-24,Female
C00356,2024-01-26,Australia,Melbourne,18-24,Male
C00357,2024-01-16,Australia,Melbourne,35-44,Female
C00358,2024-04-13,Canada,Montreal,18-24,Female
C00359,2024-07-05,Canada,Vancouver,25-34,Female
C00360,2024-03-27,USA,Houston,45-54,Female
C00361,2024-07-23,Australia,Sydney,18-24,Male
C00362,2024-08-08,USA,New York,45-54,Male
C00363,2024-01-28,Canada,Toronto,25-34,Female
C00364,2024-03-04,UK,London,18-24,Male
C00365,2024-02-19,USA,Los Angeles,35-44,Male
C00366,2024-02-18,Canada,Montreal,35-44,Male
C00367,2024-05-17,Canada,Montreal,45-54,Male
C00368,2024-04-24,Australia,Sydney,35-44,Male
C00369,2024-02-05,Canada,Vancouver,45-54,Female
C00370,2024-04-18,Australia,Melbourne,25-34,Male
C00371,2024-02-16,Germany,Munich,25-34,Female
C00372,2024-03-12,UK,Birmingham,45-54,Male
C00373,2024-04-28,USA,Chicago,45-54,Female
C00374,2024-03-04,Germany,Berlin,55+,Male
C00375,2024-08-11,Canada,Vancouver,25-34,Female
C00376,2024-08-24,USA,Chicago,25-34,Female
C00377,2024-01-20,USA,Los Angeles,45-54,Male
C00378,2024-04-23,Canada,Toronto,25-34,Female
C00379,2024-07-25,Australia,Melbourne,55+,Other
C00380,2024-08-08,USA,Houston,45-54,Female
C00381,2024-08-07,USA,Houston,25-34,Female
C00382,2024-05-20,USA,Chicago,45-54,Male
C00383,2024-01-26,UK,Manchester,45-54,Female
C00384,2024-01-13,UK,Birmingham,18-24,Male
C00385,2024-06-15,UK,Manchester,55+,Male
C00386,2024-05-18,USA,Houston,35-44,Other
C00387,2024-08-02,UK,Birmingham,45-54,Male
C00388,2024-01-04,Australia,Sydney,25-34,Female
C00389,2024-09-05,USA,New York,45-54,Female
C00390,2024-01-24,UK,London,25-34,Female
C00391,2024-08-25,Canada,Montreal,18-24,Other
C00392,2024-07-11,Australia,Sydney,55+,Male
C00393,2024-08-05,Canada,Toronto,18-24,Male
C00394,2024-03-01,Germany,Berlin,25-34,Male
C00395,2024-02-12,UK,Manchester,55+,Male
C00396,2024-04-14,Germany,Munich,55+,Male
C00397,2024-05-04,Germany,Munich,35-44,Male
C00398,2024-05-03,Australia,Sydney,35-44,Female
C00399,2024-02-24,Australia,Melbourne,25-34,Female
C00400,2024-08-09,USA,Chicago,25-34,Male
C00401,2024-04-12,Australia,Sydney,25-34,Female
C00402,2024-08-19,USA,Los Angeles,35-44,Male
C00403,2024-01-16,Canada,Vancouver,45-54,Male
C00404,2024-02-12,USA,Houston,45-54,Female
C00405,2024-04-07,Canada,Toronto,45-54,Female
C00406,2024-01-01,UK,Manchester,18-24,Female
C00407,2024-04-09,Canada,Vancouver,25-34,Male
C00408,2024-03-08,UK,London,18-24,Female
C00409,2024-08-25,Canada,Toronto,35-44,Female
C00410,2024-07-19,UK,Manchester,25-34,Female
C00411,2024-07-19,UK,Birmingham,45-54,Female
C00412,2024-04-26,USA,Chicago,25-34,Female
C00413,2024-03-14,UK,London,18-24,Female
C00414,2024-04-18,Germany,Berlin,18-24,Female
C00415,2024-06-27,Canada,Montreal,45-54,Other
C00416,2024-09-02,UK,Manchester,35-44,Female
C00417,2024-07-06,Canada,Montreal,18-24,Male
C00418,2024-07-19,UK,Birmingham,18-24,Female
C00419,2024-05-22,Canada,Montreal,35-44,Male
C00420,2024-06-18,Australia,Sydney,18-24,Male
C00421,2024-07-02,Germany,Munich,45-54,Female
C00422,2024-05-04,Australia,Sydney,35-44,Female
C00423,2024-02-09,Canada,Vancouver,18-24,Female
C00424,2024-02-18,Canada,Vancouver,18-24,Male
C00425,2024-03-16,Australia,Melbourne,55+,Female
C00426,2024-02-25,Australia,Sydney,25-34,Male
C00427,2024-09-04,USA,Phoenix,25-34,Other
C00428,2024-01-15,Canada,Montreal,45-54,Other
C00429,2024-05-28,UK,London,55+,Female
C00430,2024-07-07,USA,New York,55+,Female
C00431,2024-05-18,USA,Los Angeles,45-54,Female
C00432,2024-01-16,USA,Phoenix,25-34,Female
C00433,2024-07-10,Canada,Vancouver,18-24,Male
C00434,2024-03-21,USA,Houston,45-54,Male
C00435,2024-01-15,USA,Los Angeles,35-44,Female
C00436,2024-01-13,USA,New York,25-34,Female
C00437,2024-05-29,Australia,Melbourne,55+,Male
C00438,2024-05-02,USA,Chicago,18-24,Female
C00439,2024-05-08,Australia,Sydney,25-34,Male
C00440,2024-08-23,USA,Chicago,18-24,Female
C00441,2024-08-06,Australia,Melbourne,25-34,Female
C00442,2024-05-15,Australia,Sydney,18-24,Female
C00443,2024-02-10,UK,Birmingham,18-24,Female
C00444,2024-01-15,UK,London,18-24,Male
C00445,2024-09-02,UK,Birmingham,35-44,Male
C00446,2024-05-10,UK,Birmingham,35-44,Female
C00447,2024-01-21,Canada,Vancouver,35-44,Female
C00448,2024-08-05,Germany,Munich,55+,Male
C00449,2024-02-17,Germany,Berlin,25-34,Female
C00450,2024-01-18,Australia,Sydney,25-34,Male
C00451,2024-06-01,Australia,Melbourne,45-54,Female
C00452,2024-01-18,USA,Houston,25-34,Female
C00453,2024-06-21,USA,Phoenix,55+,Male
C00454,2024-08-08,USA,Houston,18-24,Male
C00455,2024-03-01,Canada,Toronto,55+,Female
C00456,2024-04-13,Canada,Vancouver,18-24,Female
C00457,2024-01-31,Canada,Vancouver,45-54,Female
C00458,2024-08-29,UK,Manchester,35-44,Female
C00459,2024-08-15,Germany,Berlin,55+,Female
C00460,2024-05-25,UK,Manchester,18-24,Female
C00461,2024-03-04,Germany,Berlin,35-44,Female
C00462,2024-05-28,UK,London,55+,Female
C00463,2024-06-01,Australia,Melbourne,35-44,Male
C00464,2024-01-11,Australia,Melbourne,35-44,Male
C00465,2024-06-07,USA,New York,35-44,Female
C00466,2024-01-21,USA,Phoenix,25-34,Male
C00467,2024-04-17,USA,Phoenix,35-44,Female
C00468,2024-06-17,USA,New York,35-44,Female
C00469,2024-05-29,Australia,Sydney,55+,Female
C00470,2024-05-24,USA,Phoenix,18-24,Male
C00471,2024-05-13,UK,Birmingham,25-34,Male
C00472,2024-03-21,Germany,Munich,55+,Male
C00473,2024-08-27,UK,Birmingham,45-54,Male
C00474,2024-03-07,Canada,Montreal,25-34,Male
C00475,2024-02-22,USA,Los Angeles,35-44,Female
C00476,2024-06-20,Australia,Melbourne,25-34,Female
C00477,2024-07-02,UK,Manchester,25-34,Female
C00478,2024-03-21,USA,Chicago,25-34,Female
C00479,2024-03-02,USA,New York,25-34,Male
C00480,2024-03-08,Germany,Berlin,35-44,Female
C00481,2024-04-11,Canada,Vancouver,18-24,Female
C00482,2024-02-03,USA,Chicago,55+,Male
C00483,2024-06-20,Germany,Munich,55+,Female
C00484,2024-06-14,Canada,Montreal,35-44,Male
C00485,2024-03-17,Australia,Melbourne,35-44,Female
C00486,2024-04-27,USA,Houston,25-34,Other
C00487,2024-03-21,USA,New York,45-54,Male
C00488,2024-08-25,USA,New York,35-44,Female
C00489,2024-07-11,Canada,Montreal,25-34,Female
C00490,2024-08-27,Australia,Sydney,55+,Female
C00491,2024-01-19,Canada,Toronto,45-54,Male
C00492,2024-01-03,USA,Chicago,55+,Female
C00493,2024-04-27,USA,Chicago,35-44,Male
C00494,2024-06-08,USA,Chicago,35-44,Male
C00495,2024-05-24,Canada,Montreal,25-34,Male
C00496,2024-01-26,Germany,Munich,55+,Female
C00497,2024-01-19,Canada,Montreal,45-54,Female
C00498,2024-05-17,USA,New York,18-24,Female
C00499,2024-02-24,Canada,Toronto,18-24,Female
C00500,2024-05-09,USA,Los Angeles,25-34,Male
C00501,2024-03-08,USA,Houston,45-54,Male
C00502,2024-02-03,USA,Los Angeles,55+,Male
C00503,2024-08-26,UK,Birmingham,25-34,Male
C00504,2024-03-30,UK,Birmingham,35-44,Male
C00505,2024-08-13,Australia,Melbourne,25-34,Male
C00506,2024-01-18,UK,London,55+,Male
C00507,2024-08-13,USA,Chicago,45-54,Male
C00508,2024-03-03,Canada,Montreal,45-54,Male
C00509,2024-04-04,Australia,Sydney,25-34,Male
C00510,2024-03-13,USA,Los Angeles,25-34,Female
C00511,2024-02-10,USA,New York,25-34,Female
C00512,2024-04-22,Canada,Vancouver,18-24,Female
C00513,2024-08-01,Germany,Berlin,45-54,Male
C00514,2024-05-19,USA,Houston,45-54,Male
C00515,2024-06-29,UK,London,55+,Female
C00516,2024-03-18,Canada,Montreal,55+,Male
C00517,2024-06-05,Germany,Munich,35-44,Male
C00518,2024-07-25,Germany,Berlin,45-54,Male
C00519,2024-06-16,Germany,Munich,55+,Male
C00520,2024-05-15,UK,London,45-54,Male
C00521,2024-01-03,UK,Birmingham,25-34,Male
C00522,2024-06-19,Canada,Montreal,25-34,Female
C00523,2024-07-28,USA,Phoenix,18-24,Male
C00524,2024-05-21,Australia,Sydney,55+,Male
C00525,2024-03-17,USA,Houston,35-44,Female
C00526,2024-08-26,UK,Manchester,25-34,Male
C00527,2024-06-18,USA,Phoenix,35-44,Male
C00528,2024-01-27,Canada,Montreal,35-44,Female
C00529,2024-08-28,USA,Los Angeles,25-34,Male
C00530,2024-08-12,Germany,Munich,18-24,Male
C00531,2024-02-04,Australia,Sydney,35-44,Female
C00532,2024-03-08,USA,Phoenix,35-44,Male
C00533,2024-01-30,Canada,Montreal,45-54,Female
C00534,2024-08-15,Canada,Toronto,35-44,Female
C00535,2024-01-28,USA,Phoenix,45-54,Male
C00536,2024-07-09,Canada,Vancouver,35-44,Female
C00537,2024-05-21,Australia,Melbourne,35-44,Female
C00538,2024-02-09,Australia,Sydney,45-54,Male
C00539,2024-03-10,Germany,Berlin,25-34,Female
C00540,2024-03-13,Germany,Berlin,18-24,Male
C00541,2024-06-03,USA,New York,18-24,Female
C00542,2024-02-23,Germany,Munich,45-54,Male
C00543,2024-07-02,Germany,Munich,35-44,Male
C00544,2024-03-28,USA,Phoenix,35-44,Male
C00545,2024-02-22,UK,Manchester,25-34,Female
C00546,2024-06-24,Germany,Munich,18-24,Male
C00547,2024-06-11,Germany,Berlin,18-24,Male
C00548,2024-08-06,USA,Chicago,25-34,Male
C00549,2024-03-08,Germany,Munich,35-44,Female
C00550,2024-05-09,Germany,Munich,25-34,Female
C00551,2024-05-05,USA,Chicago,25-34,Female
C00552,2024-03-05,Germany,Munich,55+,Female
C00553,2024-08-19,UK,London,25-34,Female
C00554,2024-08-20,Australia,Sydney,35-44,Male
C00555,2024-08-04,UK,Manchester,45-54,Female
C00556,2024-01-14,USA,Phoenix,25-34,Female
C00557,2024-01-24,Germany,Munich,35-44,Other
C00558,2024-06-11,Australia,Melbourne,45-54,Female
C00559,2024-04-18,Germany,Berlin,55+,Male
C00560,2024-07-31,Germany,Berlin,18-24,Male
C00561,2024-03-11,USA,Los Angeles,55+,Female
C00562,2024-01-12,Germany,Munich,25-34,Female
C00563,2024-01-01,USA,Chicago,25-34,Female
C00564,2024-03-26,USA,Los Angeles,25-34,Female
C00565,2024-07-16,USA,Los Angeles,55+,Female
C00566,2024-02-03,Canada,Montreal,25-34,Male
C00567,2024-06-12,Canada,Montreal,25-34,Female
C00568,2024-09-07,USA,Chicago,35-44,Male
C00569,2024-03-08,Germany,Berlin,25-34,Male
C00570,2024-02-11,UK,Manchester,18-24,Male
C00571,2024-07-08,USA,Phoenix,18-24,Female
C00572,2024-04-23,UK,Manchester,18-24,Male
C00573,2024-05-21,Canada,Montreal,25-34,Male
C00574,2024-06-29,Canada,Montreal,18-24,Female
C00575,2024-04-19,Canada,Montreal,35-44,Male
C00576,2024-05-23,UK,Birmingham,25-34,Female
C00577,2024-01-03,Germany,Munich,25-34,Female
C00578,2024-01-29,USA,Phoenix,45-54,Female
C00579,2024-01-20,Germany,Munich,25-34,Female
C00580,2024-08-29,Canada,Vancouver,35-44,Male
C00581,2024-08-14,UK,London,25-34,Female
C00582,2024-06-25,USA,Phoenix,25-34,Male
C00583,2024-08-19,USA,New York,18-24,Female
C00584,2024-02-08,Australia,Sydney,25-34,Male
C00585,2024-05-19,USA,Houston,25-34,Female
C00586,2024-01-10,UK,London,25-34,Male
C00587,2024-08-01,USA,New York,18-24,Male
C00588,2024-04-04,Australia,Sydney,18-24,Male
C00589,2024-05-29,UK,London,25-34,Male
C00590,2024-05-21,Canada,Vancouver,25-34,Female
C00591,2024-02-07,USA,Los Angeles,25-34,Male
C00592,2024-04-20,Australia,Melbourne,35-44,Female
C00593,2024-02-02,USA,Chicago,35-44,Female
C00594,2024-01-11,USA,Los Angeles,18-24,Female
C00595,2024-03-19,Australia,Sydney,45-54,Male
C00596,2024-04-03,UK,Birmingham,35-44,Male
C00597,2024-08-18,Australia,Melbourne,18-24,Female
C00598,2024-08-26,USA,Los Angeles,45-54,Male
C00599,2024-07-22,Canada,Montreal,55+,Male
C00600,2024-09-05,Canada,Toronto,18-24,Female
C00601,2024-08-08,Australia,Melbourne,25-34,Female
C00602,2024-01-11,USA,Houston,45-54,Female
C00603,2024-08-18,USA,New York,35-44,Male
C00604,2024-04-01,Canada,Montreal,25-34,Female
C00605,2024-02-23,Germany,Berlin,25-34,Male
C00606,2024-06-23,Canada,Montreal,25-34,Male
C00607,2024-03-04,Germany,Munich,25-34,Female
C00608,2024-06-19,UK,London,35-44,Male
C00609,2024-01-27,Germany,Munich,25-34,Male
C00610,2024-03-31,UK,Birmingham,25-34,Male
C00611,2024-07-18,Canada,Montreal,35-44,Female
C00612,2024-05-23,UK,London,18-24,Female
C00613,2024-08-14,USA,Houston,25-34,Female
C00614,2024-08-11,UK,Manchester,35-44,Female
C00615,2024-04-14,Canada,Vancouver,45-54,Male
C00616,2024-09-06,USA,Chicago,35-44,Male
C00617,2024-06-07,USA,Phoenix,35-44,Male
C00618,2024-07-10,USA,New York,18-24,Male
C00619,2024-02-09,UK,London,25-34,Female
C00620,2024-08-24,UK,Birmingham,35-44,Female
C00621,2024-08-26,Germany,Munich,25-34,Male
C00622,2024-03-01,USA,Los Angeles,25-34,Male
C00623,2024-08-09,USA,Phoenix,25-34,Male
C00624,2024-02-11,USA,Houston,18-24,Male
C00625,2024-09-06,UK,London,25-34,Female
C00626,2024-07-23,USA,Chicago,25-34,Male
C00627,2024-07-26,UK,Birmingham,25-34,Male
C00628,2024-02-15,Australia,Sydney,18-24,Female
C00629,2024-08-13,USA,Los Angeles,45-54,Male
C00630,2024-04-15,UK,Manchester,35-44,Female
C00631,2024-01-07,USA,Houston,35-44,Male
C00632,2024-02-15,Canada,Toronto,45-54,Female
C00633,2024-07-07,Australia,Sydney,25-34,Other
C00634,2024-08-24,Canada,Toronto,18-24,Female
C00635,2024-03-26,USA,Los Angeles,35-44,Male
C00636,2024-07-19,USA,Phoenix,35-44,Female
C00637,2024-08-26,Canada,Toronto,35-44,Male
C00638,2024-04-15,UK,Manchester,25-34,Male
C00639,2024-07-24,Australia,Sydney,18-24,Male
C00640,2024-06-20,USA,Houston,25-34,Male
C00641,2024-08-09,USA,Chicago,25-34,Female
C00642,2024-07-07,Canada,Montreal,35-44,Female
C00643,2024-07-26,USA,Chicago,35-44,Female
C00644,2024-03-04,UK,London,25-34,Female
C00645,2024-03-09,USA,Los Angeles,55+,Female
C00646,2024-02-10,USA,Phoenix,35-44,Male
C00647,2024-07-20,UK,Manchester,25-34,Male
C00648,2024-06-28,Canada,Toronto,18-24,Female
C00649,2024-01-28,Canada,Vancouver,25-34,Male
C00650,2024-04-07,Germany,Munich,25-34,Female
C00651,2024-08-11,Germany,Berlin,25-34,Male
C00652,2024-01-10,Germany,Berlin,25-34,Male
C00653,2024-08-07,Australia,Sydney,25-34,Male
C00654,2024-04-30,Australia,Melbourne,25-34,Male
C00655,2024-02-26,USA,Phoenix,45-54,Male
C00656,2024-02-21,Australia,Sydney,18-24,Female
C00657,2024-07-28,USA,Phoenix,35-44,Male
C00658,2024-08-23,Canada,Montreal,25-34,Female
C00659,2024-04-27,Germany,Munich,55+,Male
C00660,2024-03-30,USA,Houston,18-24,Male
C00661,2024-03-19,UK,Birmingham,25-34,Male
C00662,2024-07-29,Canada,Montreal,55+,Female
C00663,2024-07-22,USA,Chicago,45-54,Male
C00664,2024-08-11,USA,New York,45-54,Female
C00665,2024-02-28,USA,Chicago,25-34,Male
C00666,2024-02-27,UK,Birmingham,25-34,Female
C00667,2024-01-07,USA,Los Angeles,35-44,Male
C00668,2024-06-17,UK,London,55+,Female
C00669,2024-02-19,Australia,Sydney,35-44,Female
C00670,2024-04-12,Canada,Montreal,35-44,Female
C00671,2024-03-25,UK,London,25-34,Male
C00672,2024-03-12,UK,Manchester,45-54,Male
C00673,2024-08-09,Australia,Melbourne,25-34,Male
C00674,2024-01-18,Canada,Toronto,25-34,Female
C00675,2024-09-04,Germany,Munich,25-34,Female
C00676,2024-07-16,UK,London,35-44,Female
C00677,2024-03-12,Australia,Sydney,25-34,Male
C00678,2024-03-30,Canada,Montreal,18-24,Male
C00679,2024-06-13,Australia,Melbourne,35-44,Male
C00680,2024-05-10,Canada,Vancouver,25-34,Female
C00681,2024-04-12,Germany,Munich,35-44,Female
C00682,2024-06-22,USA,Chicago,25-34,Female
C00683,2024-08-03,Australia,Sydney,25-34,Male
C00684,2024-05-17,USA,Phoenix,35-44,Female
C00685,2024-03-25,Canada,Montreal,18-24,Female
C00686,2024-08-28,Australia,Melbourne,25-34,Male
C00687,2024-01-08,Canada,Montreal,18-24,Female
C00688,2024-01-30,Germany,Berlin,18-24,Female
C00689,2024-08-12,Australia,Sydney,55+,Female
C00690,2024-09-05,USA,Chicago,25-34,Female
C00691,2024-03-07,Canada,Vancouver,45-54,Male
C00692,2024-02-15,UK,London,25-34,Male
C00693,2024-05-28,Canada,Montreal,35-44,Female
C00694,2024-09-03,Australia,Sydney,45-54,Male
C00695,2024-03-08,UK,London,35-44,Female
C00696,2024-01-10,USA,Chicago,25-34,Female
C00697,2024-01-28,Germany,Munich,25-34,Female
C00698,2024-06-01,Canada,Toronto,25-34,Other
C00699,2024-04-21,USA,Houston,55+,Male
C00700,2024-03-29,USA,Chicago,45-54,Male
C00701,2024-07-05,Germany,Munich,55+,Male
C00702,2024-07-20,Canada,Toronto,18-24,Male
C00703,2024-03-21,Germany,Munich,35-44,Male
C00704,2024-04-21,Canada,Montreal,55+,Male
C00705,2024-06-04,USA,Phoenix,25-34,Female
C00706,2024-05-10,Canada,Vancouver,18-24,Female
C00707,2024-01-30,Canada,Vancouver,35-44,Male
C00708,2024-04-08,USA,New York,35-44,Male
C00709,2024-08-18,USA,Chicago,45-54,Female
C00710,2024-05-27,UK,Birmingham,18-24,Male
C00711,2024-02-18,Germany,Berlin,45-54,Male
C00712,2024-03-06,Canada,Vancouver,25-34,Male
C00713,2024-01-12,UK,Birmingham,25-34,Female
C00714,2024-06-30,USA,New York,25-34,Male
C00715,2024-04-21,Canada,Toronto,45-54,Female
C00716,2024-01-01,USA,Los Angeles,35-44,Male
C00717,2024-05-13,Australia,Sydney,35-44,Female
C00718,2024-08-24,Canada,Montreal,25-34,Male
C00719,2024-07-25,UK,London,45-54,Male
C00720,2024-05-17,USA,Los Angeles,25-34,Female
C00721,2024-06-24,Germany,Berlin,45-54,Female
C00722,2024-07-03,Canada,Montreal,25-34,Female
C00723,2024-08-28,UK,Manchester,25-34,Female
C00724,2024-07-08,Australia,Sydney,25-34,Female
C00725,2024-07-07,USA,Los Angeles,25-34,Female
C00726,2024-06-20,UK,Birmingham,35-44,Female
C00727,2024-02-20,USA,Houston,35-44,Male
C00728,2024-04-03,Canada,Montreal,25-34,Male
C00729,2024-04-20,UK,London,45-54,Male
C00730,2024-01-18,UK,Birmingham,25-34,Female
C00731,2024-08-30,Canada,Montreal,35-44,Male
C00732,2024-06-19,USA,Los Angeles,55+,Male
C00733,2024-08-23,Canada,Toronto,35-44,Female
C00734,2024-03-25,UK,Manchester,18-24,Female
C00735,2024-06-08,Canada,Montreal,55+,Female
C00736,2024-03-21,Australia,Melbourne,35-44,Male
C00737,2024-06-18,USA,New York,25-34,Female
C00738,2024-08-05,Australia,Sydney,18-24,Male
C00739,2024-02-01,USA,New York,45-54,Male
C00740,2024-07-03,UK,London,35-44,Male
C00741,2024-08-18,USA,Los Angeles,35-44,Male
C00742,2024-03-17,Germany,Munich,45-54,Male
C00743,2024-05-09,USA,Phoenix,45-54,Female
C00744,2024-03-20,Australia,Sydney,25-34,Male
C00745,2024-06-19,USA,Phoenix,25-34,Female
C00746,2024-04-14,Canada,Toronto,25-34,Female
C00747,2024-03-24,USA,Chicago,35-44,Male
C00748,2024-04-13,USA,Houston,18-24,Female
C00749,2024-06-27,UK,Manchester,35-44,Male
C00750,2024-03-16,UK,Manchester,45-54,Female
C00751,2024-05-21,Australia,Melbourne,45-54,Male
C00752,2024-02-02,USA,Houston,25-34,Male
C00753,2024-02-19,Canada,Vancouver,45-54,Male
C00754,2024-04-17,USA,New York,18-24,Female
C00755,2024-06-19,Germany,Munich,45-54,Female
C00756,2024-08-28,Germany,Berlin,18-24,Male
C00757,2024-04-07,USA,Phoenix,25-34,Female
C00758,2024-06-22,Germany,Berlin,45-54,Female
C00759,2024-07-10,UK,Birmingham,18-24,Female
C00760,2024-08-19,USA,Phoenix,25-34,Female
C00761,2024-02-14,USA,New York,35-44,Female
C00762,2024-06-06,UK,Birmingham,35-44,Female
C00763,2024-05-25,USA,Phoenix,35-44,Female
C00764,2024-03-18,Australia,Sydney,35-44,Male
C00765,2024-04-13,USA,New York,35-44,Male
C00766,2024-05-20,Australia,Melbourne,25-34,Male
C00767,2024-08-01,Canada,Montreal,25-34,Female
C00768,2024-01-01,Australia,Sydney,25-34,Female
C00769,2024-03-18,Canada,Vancouver,55+,Male
C00770,2024-03-14,UK,Birmingham,35-44,Female
C00771,2024-02-23,UK,Manchester,25-34,Male
C00772,2024-04-20,Germany,Berlin,25-34,Male
C00773,2024-07-20,UK,Manchester,55+,Other
C00774,2024-05-28,UK,Manchester,25-34,Male
C00775,2024-06-04,Germany,Munich,35-44,Male
C00776,2024-06-16,Germany,Munich,35-44,Female
C00777,2024-03-23,Germany,Berlin,35-44,Female
C00778,2024-04-29,UK,Manchester,18-24,Male
C00779,2024-04-23,UK,London,45-54,Female
C00780,2024-04-23,USA,Phoenix,55+,Female
C00781,2024-06-21,Canada,Toronto,35-44,Male
C00782,2024-02-24,Canada,Toronto,35-44,Male
C00783,2024-05-10,Germany,Munich,55+,Female
C00784,2024-05-01,Canada,Montreal,35-44,Male
C00785,2024-07-22,USA,Chicago,25-34,Female
C00786,2024-08-18,Canada,Montreal,35-44,Female
C00787,2024-09-02,Germany,Berlin,35-44,Other
C00788,2024-07-22,UK,Manchester,25-34,Male
C00789,2024-07-07,USA,Chicago,35-44,Female
C00790,2024-02-13,USA,New York,55+,Male
C00791,2024-06-17,Canada,Montreal,55+,Male
C00792,2024-01-22,UK,Birmingham,25-34,Male
C00793,2024-03-13,Canada,Toronto,18-24,Male
C00794,2024-05-11,USA,New York,55+,Female
C00795,2024-06-18,Australia,Sydney,45-54,Male
C00796,2024-06-11,USA,New York,18-24,Male
C00797,2024-06-07,Germany,Munich,55+,Female
C00798,2024-03-26,USA,Phoenix,45-54,Male
C00799,2024-01-24,Australia,Sydney,35-44,Female
C00800,2024-07-28,USA,Chicago,35-44,Male
C00801,2024-08-31,USA,Los Angeles,25-34,Female
C00802,2024-07-11,UK,Birmingham,18-24,Female
C00803,2024-03-01,Canada,Montreal,25-34,Male
C00804,2024-06-21,Australia,Melbourne,45-54,Male
C00805,2024-03-20,Canada,Toronto,18-24,Male
C00806,2024-02-27,UK,Manchester,25-34,Female
C00807,2024-07-25,Canada,Montreal,25-34,Male
C00808,2024-02-20,UK,Birmingham,35-44,Male
C00809,2024-02-07,Germany,Berlin,55+,Male
C00810,2024-01-07,USA,Los Angeles,25-34,Male
C00811,2024-01-12,USA,Los Angeles,25-34,Female
C00812,2024-03-03,UK,London,35-44,Female
C00813,2024-05-01,UK,Birmingham,25-34,Male
C00814,2024-06-05,USA,Chicago,25-34,Male
C00815,2024-08-05,USA,Los Angeles,25-34,Female
C00816,2024-07-15,USA,New York,18-24,Female
C00817,2024-01-19,Germany,Berlin,25-34,Male
C00818,2024-04-26,Germany,Berlin,25-34,Male
C00819,2024-04-16,Australia,Melbourne,25-34,Male
C00820,2024-08-14,Australia,Sydney,55+,Female
C00821,2024-06-10,USA,Chicago,25-34,Male
C00822,2024-05-27,USA,New York,35-44,Female
C00823,2024-02-19,Australia,Melbourne,35-44,Female
C00824,2024-07-02,Canada,Toronto,18-24,Female
C00825,2024-06-27,UK,London,35-44,Male
C00826,2024-04-08,Canada,Montreal,25-34,Male
C00827,2024-05-06,Australia,Melbourne,55+,Male
C00828,2024-04-12,Germany,Munich,18-24,Male
C00829,2024-03-03,Germany,Munich,25-34,Female
C00830,2024-02-07,Germany,Berlin,18-24,Female
C00831,2024-06-16,USA,Los Angeles,55+,Female
C00832,2024-06-25,USA,New York,35-44,Female
C00833,2024-01-02,USA,Chicago,35-44,Male
C00834,2024-08-16,USA,Phoenix,18-24,Male
C00835,2024-07-11,USA,New York,35-44,Male
C00836,2024-08-08,Canada,Toronto,25-34,Female
C00837,2024-07-16,USA,Chicago,45-54,Female
C00838,2024-08-14,UK,Manchester,25-34,Female
C00839,2024-01-28,Canada,Vancouver,25-34,Male
C00840,2024-07-18,Canada,Vancouver,18-24,Male
C00841,2024-04-18,Australia,Melbourne,25-34,Female
C00842,2024-02-26,Germany,Berlin,35-44,Male
C00843,2024-02-15,USA,Phoenix,18-24,Female
C00844,2024-07-24,USA,Phoenix,45-54,Female
C00845,2024-09-02,Australia,Melbourne,25-34,Female
C00846,2024-06-27,USA,Chicago,35-44,Male
C00847,2024-05-12,UK,Manchester,25-34,Male
C00848,2024-04-28,UK,London,25-34,Male
C00849,2024-01-13,USA,New York,35-44,Male
C00850,2024-05-22,Canada,Vancouver,25-34,Male
C00851,2024-03-04,USA,Los Angeles,25-34,Female
C00852,2024-08-22,Australia,Sydney,45-54,Female
C00853,2024-08-05,Germany,Munich,55+,Male
C00854,2024-02-01,Australia,Melbourne,25-34,Male
C00855,2024-04-26,USA,Chicago,25-34,Male
C00856,2024-02-04,USA,Los Angeles,35-44,Male
C00857,2024-07-24,Canada,Montreal,25-34,Female
C00858,2024-04-28,USA,Chicago,18-24,Male
C00859,2024-06-19,USA,Houston,25-34,Male
C00860,2024-05-15,Germany,Munich,35-44,Male
C00861,2024-05-23,Germany,Munich,35-44,Female
C00862,2024-06-01,Australia,Melbourne,18-24,Female
C00863,2024-03-22,Canada,Vancouver,25-34,Male
C00864,2024-08-31,UK,Manchester,25-34,Female
C00865,2024-07-12,Canada,Montreal,35-44,Female
C00866,2024-08-16,Canada,Toronto,18-24,Female
C00867,2024-04-23,Australia,Sydney,18-24,Male
C00868,2024-06-05,Canada,Montreal,45-54,Female
C00869,2024-07-27,Germany,Berlin,25-34,Female
C00870,2024-07-03,UK,Manchester,35-44,Female
C00871,2024-08-16,USA,Los Angeles,25-34,Female
C00872,2024-05-09,USA,Phoenix,18-24,Female
C00873,2024-04-19,Germany,Berlin,25-34,Male
C00874,2024-07-31,USA,Chicago,35-44,Female
C00875,2024-08-20,Canada,Montreal,45-54,Female
C00876,2024-05-20,Canada,Montreal,45-54,Female
C00877,2024-04-24,USA,New York,25-34,Male
C00878,2024-08-17,UK,Birmingham,35-44,Female
C00879,2024-02-10,USA,New York,25-34,Female
C00880,2024-07-09,USA,New York,25-34,Male
C00881,2024-08-08,USA,Phoenix,45-54,Female
C00882,2024-05-01,Canada,Montreal,18-24,Female
C00883,2024-04-25,Canada,Toronto,18-24,Female
C00884,2024-03-07,Germany,Munich,25-34,Male
C00885,2024-07-11,Australia,Sydney,18-24,Male
C00886,2024-03-04,Germany,Berlin,25-34,Female
C00887,2024-08-03,USA,Phoenix,35-44,Male
C00888,2024-06-12,Canada,Vancouver,25-34,Female
C00889,2024-03-11,Canada,Montreal,45-54,Female
C00890,2024-07-15,UK,Birmingham,45-54,Female
C00891,2024-07-18,Canada,Vancouver,25-34,Male
C00892,2024-05-13,UK,Birmingham,25-34,Female
C00893,2024-05-04,USA,Los Angeles,25-34,Male
C00894,2024-06-09,UK,Manchester,35-44,Male
C00895,2024-03-02,Canada,Vancouver,25-34,Male
C00896,2024-03-11,Canada,Toronto,35-44,Male
C00897,2024-04-22,UK,Birmingham,25-34,Female
C00898,2024-01-20,Australia,Melbourne,35-44,Female
C00899,2024-07-01,Canada,Toronto,25-34,Male
C00900,2024-03-14,UK,Manchester,25-34,Female
C00901,2024-03-01,Australia,Sydney,55+,Male
C00902,2024-03-10,UK,Manchester,45-54,Female
C00903,2024-03-26,UK,Manchester,18-24,Female
C00904,2024-03-22,USA,Phoenix,45-54,Female
C00905,2024-08-16,USA,New York,25-34,Male
C00906,2024-05-18,UK,Birmingham,45-54,Female
C00907,2024-01-21,USA,Los Angeles,45-54,Male
C00908,2024-02-05,Australia,Sydney,25-34,Other
C00909,2024-02-08,Canada,Montreal,18-24,Male
C00910,2024-02-29,UK,London,25-34,Female
C00911,2024-04-08,USA,Houston,35-44,Female
C00912,2024-06-26,Germany,Berlin,35-44,Female
C00913,2024-02-09,USA,Los Angeles,25-34,Male
C00914,2024-06-29,USA,Phoenix,18-24,Female
C00915,2024-02-24,Germany,Berlin,45-54,Male
C00916,2024-01-17,Australia,Melbourne,55+,Female
C00917,2024-04-16,USA,Chicago,35-44,Male
C00918,2024-04-14,Australia,Sydney,25-34,Male
C00919,2024-03-25,UK,London,25-34,Female
C00920,2024-05-18,Germany,Munich,18-24,Male
C00921,2024-04-29,USA,Los Angeles,55+,Male
C00922,2024-04-16,Canada,Toronto,18-24,Male
C00923,2024-01-16,UK,Manchester,35-44,Male
C00924,2024-02-22,UK,Manchester,25-34,Female
C00925,2024-08-01,Canada,Toronto,35-44,Female
C00926,2024-04-17,Canada,Toronto,35-44,Male
C00927,2024-04-09,USA,Los Angeles,45-54,Male
C00928,2024-08-19,UK,Birmingham,25-34,Male
C00929,2024-07-16,USA,Chicago,18-24,Male
C00930,2024-05-29,USA,Houston,18-24,Female
C00931,2024-08-30,USA,Houston,55+,Female
C00932,2024-06-27,UK,Manchester,45-54,Male
C00933,2024-01-06,Canada,Toronto,35-44,Male
C00934,2024-08-07,USA,New York,35-44,Male
C00935,2024-08-13,Germany,Munich,35-44,Female
C00936,2024-07-14,UK,London,25-34,Female
C00937,2024-05-27,Germany,Munich,55+,Male
C00938,2024-04-07,UK,Birmingham,25-34,Male
C00939,2024-05-02,USA,Chicago,25-34,Female
C00940,2024-01-02,Canada,Montreal,35-44,Female
C00941,2024-08-29,Australia,Sydney,18-24,Male
C00942,2024-03-31,Germany,Munich,25-34,Male
C00943,2024-03-17,USA,Houston,35-44,Male
C00944,2024-07-11,USA,Chicago,18-24,Female
C00945,2024-04-09,USA,Phoenix,35-44,Male
C00946,2024-08-06,UK,Birmingham,25-34,Male
C00947,2024-08-16,Canada,Toronto,25-34,Female
C00948,2024-09-01,Canada,Montreal,25-34,Male
C00949,2024-08-01,Canada,Vancouver,25-34,Female
C00950,2024-04-17,USA,Houston,35-44,Male
C00951,2024-05-17,Germany,Berlin,25-34,Male
C00952,2024-07-10,USA,Phoenix,35-44,Female
C00953,2024-07-07,USA,Houston,25-34,Male
C00954,2024-05-19,Australia,Melbourne,35-44,Female
C00955,2024-07-23,Australia,Melbourne,55+,Female
C00956,2024-06-03,Canada,Vancouver,35-44,Male
C00957,2024-08-17,Australia,Melbourne,25-34,Female
C00958,2024-02-26,Canada,Montreal,18-24,Male
C00959,2024-05-04,Canada,Toronto,25-34,Female
C00960,2024-02-26,USA,Phoenix,35-44,Male
C00961,2024-03-10,UK,London,18-24,Female
C00962,2024-04-21,USA,Houston,25-34,Male
C00963,2024-05-04,Germany,Berlin,35-44,Male
C00964,2024-01-08,Germany,Berlin,25-34,Female
C00965,2024-04-09,UK,London,45-54,Female
C00966,2024-03-27,USA,Phoenix,18-24,Male
C00967,2024-06-20,Germany,Munich,18-24,Male
C00968,2024-06-22,USA,Los Angeles,35-44,Female
C00969,2024-07-23,USA,Los Angeles,25-34,Female
C00970,2024-04-13,Germany,Berlin,35-44,Male
C00971,2024-07-04,USA,Los Angeles,25-34,Male
C00972,2024-02-12,Australia,Melbourne,25-34,Male
C00973,2024-08-03,USA,Phoenix,45-54,Female
C00974,2024-04-29,Australia,Sydney,45-54,Male
C00975,2024-08-23,Australia,Sydney,35-44,Male
C00976,2024-02-02,UK,Manchester,25-34,Female
C00977,2024-06-08,Germany,Munich,35-44,Male
C00978,2024-05-16,USA,New York,25-34,Female
C00979,2024-01-07,Australia,Melbourne,18-24,Male
C00980,2024-08-20,Canada,Montreal,55+,Male
C00981,2024-04-10,Australia,Melbourne,18-24,Male
C00982,2024-05-31,USA,Houston,55+,Female
C00983,2024-05-24,UK,London,25-34,Male
C00984,2024-06-18,Germany,Berlin,25-34,Female
C00985,2024-01-07,USA,Houston,35-44,Female
C00986,2024-01-22,Canada,Toronto,45-54,Female
C00987,2024-06-13,UK,London,35-44,Male
C00988,2024-04-19,Australia,Sydney,45-54,Male
C00989,2024-02-04,USA,Los Angeles,35-44,Male
C00990,2024-08-09,UK,Birmingham,35-44,Male
C00991,2024-04-28,UK,Birmingham,45-54,Male
C00992,2024-02-16,Canada,Toronto,25-34,Female
C00993,2024-01-13,Canada,Toronto,25-34,Male
C00994,2024-03-07,UK,Birmingham,25-34,Male
C00995,2024-04-07,USA,Phoenix,55+,Male
C00996,2024-03-24,USA,New York,55+,Female
C00997,2024-02-24,UK,Birmingham,18-24,Male
C00998,2024-04-26,Canada,Toronto,35-44,Female
C00999,2024-03-24,Germany,Berlin,55+,Male
C01000,2024-03-27,UK,London,25-34,Female
C01001,2024-07-13,UK,Manchester,35-44,Female
C01002,2024-08-13,USA,Los Angeles,55+,Male
C01003,2024-04-07,Australia,Melbourne,18-24,Male
C01004,2024-03-12,Australia,Sydney,35-44,Male
C01005,2024-07-11,UK,Birmingham,25-34,Male
C01006,2024-08-31,Australia,Melbourne,55+,Female
C01007,2024-07-31,Germany,Berlin,55+,Female
C01008,2024-04-17,UK,London,55+,Female
C01009,2024-03-05,Germany,Munich,25-34,Female
C01010,2024-08-01,USA,Phoenix,45-54,Male
C01011,2024-01-21,UK,Manchester,45-54,Male
C01012,2024-04-30,UK,Manchester,25-34,Female
C01013,2024-01-05,UK,London,45-54,Male
C01014,2024-07-10,USA,Los Angeles,18-24,Female
C01015,2024-05-18,Canada,Vancouver,35-44,Male
C01016,2024-01-14,Germany,Berlin,25-34,Male
C01017,2024-08-31,USA,Phoenix,18-24,Other
C01018,2024-03-30,Australia,Sydney,18-24,Male
C01019,2024-02-27,USA,Phoenix,35-44,Other
C01020,2024-06-15,USA,Phoenix,25-34,Female
C01021,2024-01-18,USA,Chicago,35-44,Female
C01022,2024-07-18,Canada,Toronto,18-24,Female
C01023,2024-09-02,Germany,Munich,25-34,Female
C01024,2024-06-15,Canada,Vancouver,35-44,Female
C01025,2024-01-11,Canada,Montreal,45-54,Male
C01026,2024-07-12,Australia,Sydney,25-34,Male
C01027,2024-01-08,UK,London,35-44,Female
C01028,2024-08-31,USA,Houston,45-54,Male
C01029,2024-03-04,USA,Houston,35-44,Male
C01030,2024-02-21,USA,Los Angeles,25-34,Male
C01031,2024-08-02,UK,London,18-24,Female
C01032,2024-01-06,USA,New York,45-54,Female
C01033,2024-06-08,UK,London,18-24,Male
C01034,2024-02-09,Canada,Montreal,45-54,Female
C01035,2024-03-02,Germany,Munich,35-44,Female
C01036,2024-02-02,USA,Los Angeles,55+,Female
C01037,2024-05-01,UK,Birmingham,45-54,Female
C01038,2024-06-20,Canada,Toronto,55+,Female
C01039,2024-01-30,Canada,Toronto,25-34,Male
C01040,2024-05-24,Canada,Vancouver,45-54,Female
C01041,2024-08-30,UK,Birmingham,25-34,Male
C01042,2024-02-25,USA,Phoenix,25-34,Female
C01043,2024-04-29,Australia,Sydney,35-44,Other
C01044,2024-06-28,Germany,Berlin,45-54,Male
C01045,2024-03-06,UK,London,55+,Male
C01046,2024-07-15,Australia,Melbourne,45-54,Female
C01047,2024-04-04,Canada,Montreal,25-34,Male
C01048,2024-02-12,Australia,Sydney,25-34,Female
C01049,2024-06-04,UK,Birmingham,35-44,Male
C01050,2024-06-04,UK,Birmingham,25-34,Male
C01051,2024-09-03,USA,New York,18-24,Female
C01052,2024-07-10,Australia,Melbourne,25-34,Female
C01053,2024-07-02,Australia,Melbourne,25-34,Female
C01054,2024-01-30,UK,Manchester,25-34,Male
C01055,2024-07-18,USA,New York,25-34,Female
C01056,2024-07-28,USA,Phoenix,18-24,Female
C01057,2024-02-11,Australia,Melbourne,18-24,Female
C01058,2024-09-03,Canada,Toronto,55+,Female
C01059,2024-03-20,UK,Manchester,25-34,Female
C01060,2024-01-28,USA,Houston,25-34,Male
C01061,2024-05-28,Germany,Munich,35-44,Male
C01062,2024-01-07,Germany,Berlin,25-34,Female
C01063,2024-08-25,Canada,Vancouver,55+,Male
C01064,2024-03-20,Canada,Toronto,45-54,Female
C01065,2024-05-27,USA,Chicago,18-24,Male
C01066,2024-06-22,Canada,Vancouver,25-34,Female
C01067,2024-08-20,USA,Los Angeles,45-54,Female
C01068,2024-09-02,Germany,Berlin,55+,Male
C01069,2024-04-06,Germany,Munich,25-34,Male
C01070,2024-04-11,USA,Phoenix,35-44,Male
C01071,2024-08-29,Germany,Munich,25-34,Female
C01072,2024-07-02,Canada,Vancouver,55+,Female
C01073,2024-02-20,USA,Los Angeles,25-34,Male
C01074,2024-01-20,Australia,Sydney,55+,Female
C01075,2024-05-31,USA,New York,35-44,Male
C01076,2024-06-25,UK,Birmingham,35-44,Male
C01077,2024-07-31,USA,Phoenix,35-44,Female
C01078,2024-06-09,Germany,Berlin,25-34,Male
C01079,2024-03-03,Canada,Montreal,25-34,Male
C01080,2024-01-27,USA,New York,25-34,Male
C01081,2024-06-27,USA,Houston,25-34,Male
C01082,2024-07-16,Australia,Sydney,45-54,Male
C01083,2024-03-18,USA,Chicago,25-34,Male
C01084,2024-08-05,USA,Houston,18-24,Female
C01085,2024-06-24,USA,Chicago,55+,Male
C01086,2024-06-02,Canada,Toronto,45-54,Female
C01087,2024-07-25,UK,London,55+,Male
C01088,2024-01-31,UK,Manchester,55+,Male
C01089,2024-07-22,USA,Phoenix,25-34,Female
C01090,2024-05-24,Canada,Vancouver,25-34,Female
C01091,2024-07-19,Canada,Vancouver,45-54,Male
C01092,2024-01-11,Canada,Montreal,35-44,Female
C01093,2024-03-29,Germany,Munich,25-34,Female
C01094,2024-05-16,Canada,Montreal,45-54,Female
C01095,2024-04-19,Germany,Munich,25-34,Female
C01096,2024-06-18,UK,Birmingham,25-34,Male
C01097,2024-04-04,Canada,Vancouver,35-44,Male
C01098,2024-01-18,UK,Birmingham,35-44,Female
C01099,2024-05-09,USA,Houston,35-44,Male
C01100,2024-06-14,USA,Los Angeles,18-24,Female
C01101,2024-03-28,Canada,Vancouver,45-54,Male
C01102,2024-01-04,Canada,Montreal,25-34,Male
C01103,2024-08-05,UK,Birmingham,18-24,Female
C01104,2024-04-17,USA,Houston,45-54,Male
C01105,2024-07-29,USA,Los Angeles,55+,Female
C01106,2024-05-05,Canada,Vancouver,45-54,Female
C01107,2024-01-28,Australia,Melbourne,45-54,Female
C01108,2024-04-20,USA,Chicago,35-44,Female
C01109,2024-09-02,Canada,Vancouver,35-44,Female
C01110,2024-04-02,USA,Phoenix,18-24,Female
C01111,2024-06-11,USA,Chicago,25-34,Female
C01112,2024-08-16,Canada,Montreal,25-34,Male
C01113,2024-07-31,Germany,Munich,25-34,Male
C01114,2024-04-27,Australia,Sydney,35-44,Male
C01115,2024-06-30,Canada,Montreal,25-34,Male
C01116,2024-02-09,UK,London,18-24,Female
C01117,2024-04-21,Australia,Sydney,25-34,Female
C01118,2024-02-15,Germany,Munich,35-44,Female
C01119,2024-07-06,USA,Los Angeles,18-24,Male
C01120,2024-05-13,USA,New York,45-54,Female
C01121,2024-09-04,Germany,Berlin,25-34,Male
C01122,2024-06-15,USA,Phoenix,25-34,Female
C01123,2024-03-10,Canada,Vancouver,35-44,Female
C01124,2024-06-06,USA,Chicago,45-54,Male
C01125,2024-07-25,USA,Phoenix,25-34,Male
C01126,2024-08-23,USA,Phoenix,35-44,Male
C01127,2024-05-17,Canada,Montreal,35-44,Female
C01128,2024-07-17,Canada,Montreal,25-34,Female
C01129,2024-05-03,USA,New York,45-54,Female
C01130,2024-04-29,Germany,Berlin,45-54,Male
C01131,2024-04-21,UK,Manchester,35-44,Male
C01132,2024-07-30,USA,New York,45-54,Female
C01133,2024-07-06,Australia,Sydney,45-54,Female
C01134,2024-05-31,UK,London,35-44,Male
C01135,2024-03-09,USA,Houston,45-54,Male
C01136,2024-03-23,UK,Birmingham,35-44,Female
C01137,2024-08-06,UK,Manchester,35-44,Male
C01138,2024-03-03,UK,London,35-44,Male
C01139,2024-07-31,Canada,Toronto,45-54,Male
C01140,2024-08-27,USA,Chicago,25-34,Female
C01141,2024-01-23,Australia,Sydney,45-54,Female
C01142,2024-03-12,USA,Chicago,45-54,Female
C01143,2024-08-13,USA,New York,18-24,Female
C01144,2024-04-25,Canada,Montreal,45-54,Female
C01145,2024-03-03,Germany,Berlin,18-24,Male
C01146,2024-07-11,Germany,Munich,25-34,Female
C01147,2024-04-28,USA,Houston,35-44,Male
C01148,2024-05-25,Canada,Montreal,25-34,Female
C01149,2024-06-05,Germany,Munich,45-54,Male
C01150,2024-06-20,Canada,Montreal,45-54,Male
C01151,2024-04-07,Australia,Sydney,35-44,Male
C01152,2024-03-27,USA,Los Angeles,18-24,Male
C01153,2024-01-08,USA,Houston,25-34,Male
C01154,2024-05-06,UK,Manchester,35-44,Male
C01155,2024-08-05,UK,London,55+,Other
C01156,2024-03-24,UK,London,35-44,Male
C01157,2024-02-16,Canada,Montreal,25-34,Female
C01158,2024-05-04,UK,Birmingham,35-44,Female
C01159,2024-02-24,USA,Chicago,35-44,Other
C01160,2024-03-31,Canada,Toronto,45-54,Female
C01161,2024-07-23,USA,New York,18-24,Female
C01162,2024-03-07,Australia,Sydney,45-54,Male
C01163,2024-03-28,USA,Phoenix,35-44,Male
C01164,2024-03-12,USA,Los Angeles,55+,Male
C01165,2024-08-13,UK,Birmingham,25-34,Female
C01166,2024-06-01,Germany,Berlin,35-44,Female
C01167,2024-06-28,UK,Manchester,55+,Male
C01168,2024-08-13,Canada,Toronto,18-24,Male
C01169,2024-03-11,Australia,Sydney,55+,Female
C01170,2024-05-22,UK,London,35-44,Male
C01171,2024-01-03,Canada,Toronto,18-24,Female
C01172,2024-05-12,Germany,Munich,25-34,Female
C01173,2024-08-30,USA,Houston,35-44,Female
C01174,2024-02-18,Germany,Munich,18-24,Female
C01175,2024-01-22,Canada,Montreal,35-44,Female
C01176,2024-03-02,Germany,Munich,25-34,Female
C01177,2024-07-03,USA,Houston,35-44,Female
C01178,2024-04-14,USA,Phoenix,18-24,Female
C01179,2024-05-05,USA,Los Angeles,45-54,Male
C01180,2024-05-22,Germany,Berlin,55+,Male
C01181,2024-07-13,Germany,Berlin,55+,Male
C01182,2024-03-02,Australia,Sydney,35-44,Male
C01183,2024-06-25,Germany,Munich,18-24,Female
C01184,2024-05-01,Canada,Montreal,45-54,Female
C01185,2024-06-14,UK,Birmingham,18-24,Male
C01186,2024-07-01,USA,Phoenix,18-24,Male
C01187,2024-05-05,USA,Chicago,25-34,Female
C01188,2024-04-24,Germany,Munich,25-34,Male
C01189,2024-07-21,USA,Chicago,45-54,Male
C01190,2024-01-05,Canada,Toronto,35-44,Female
C01191,2024-01-24,Germany,Berlin,25-34,Female
C01192,2024-03-16,USA,Houston,25-34,Male
C01193,2024-02-26,Germany,Munich,55+,Male
C01194,2024-04-13,Canada,Montreal,25-34,Male
C01195,2024-06-26,Canada,Toronto,25-34,Female
C01196,2024-03-03,Canada,Vancouver,25-34,Female
C01197,2024-03-19,USA,Los Angeles,45-54,Male
C01198,2024-06-18,USA,Houston,35-44,Female
C01199,2024-05-28,Germany,Berlin,25-34,Female
C01200,2024-04-04,Germany,Berlin,18-24,Male
C01201,2024-05-01,UK,Birmingham,35-44,Female
C01202,2024-05-21,USA,Chicago,35-44,Female
C01203,2024-05-15,USA,Chicago,25-34,Male
C01204,2024-03-29,Canada,Toronto,55+,Male
C01205,2024-04-18,USA,Phoenix,25-34,Female
C01206,2024-07-09,Australia,Melbourne,25-34,Female
C01207,2024-05-20,Germany,Munich,55+,Female
C01208,2024-03-25,Australia,Melbourne,25-34,Female
C01209,2024-03-31,Germany,Munich,35-44,Female
C01210,2024-06-28,UK,Birmingham,25-34,Male
C01211,2024-04-26,Germany,Munich,25-34,Female
C01212,2024-03-10,USA,Los Angeles,55+,Male
C01213,2024-03-19,USA,Chicago,25-34,Male
C01214,2024-03-05,USA,Houston,45-54,Female
C01215,2024-02-29,Canada,Montreal,25-34,Female
C01216,2024-01-31,USA,Houston,25-34,Male
C01217,2024-07-03,Canada,Montreal,18-24,Female
C01218,2024-02-19,Germany,Berlin,35-44,Male
C01219,2024-03-21,Germany,Munich,25-34,Male
C01220,2024-01-31,UK,London,45-54,Male
C01221,2024-07-09,Canada,Vancouver,25-34,Female
C01222,2024-05-17,Germany,Berlin,55+,Female
C01223,2024-08-31,Canada,Vancouver,25-34,Male
C01224,2024-07-14,UK,Birmingham,45-54,Female
C01225,2024-06-25,UK,London,45-54,Male
C01226,2024-02-17,Australia,Sydney,45-54,Female
C01227,2024-02-19,Australia,Melbourne,45-54,Male
C01228,2024-02-25,USA,Houston,45-54,Male
C01229,2024-07-08,Australia,Melbourne,35-44,Female
C01230,2024-05-03,Australia,Sydney,18-24,Male
C01231,2024-03-11,Australia,Melbourne,18-24,Male
C01232,2024-07-04,USA,Los Angeles,55+,Female
C01233,2024-05-30,Canada,Vancouver,35-44,Female
C01234,2024-09-07,Australia,Sydney,45-54,Male
C01235,2024-07-13,UK,Manchester,25-34,Male
C01236,2024-05-14,USA,Chicago,18-24,Male
C01237,2024-06-01,USA,New York,18-24,Female
C01238,2024-03-13,UK,Birmingham,35-44,Male
C01239,2024-01-26,USA,Los Angeles,25-34,Female
C01240,2024-08-01,Germany,Munich,25-34,Other
C01241,2024-02-19,USA,Chicago,25-34,Male
C01242,2024-03-16,UK,Manchester,18-24,Male
C01243,2024-02-28,Canada,Toronto,35-44,Male
C01244,2024-04-02,Australia,Melbourne,25-34,Male
C01245,2024-02-15,Canada,Toronto,45-54,Female
C01246,2024-03-18,Canada,Montreal,25-34,Male
C01247,2024-01-04,UK,Birmingham,25-34,Male
C01248,2024-06-30,Australia,Sydney,18-24,Female
C01249,2024-05-16,UK,Manchester,18-24,Male
C01250,2024-02-02,USA,Los Angeles,25-34,Female
C01251,2024-03-11,Canada,Toronto,25-34,Male
C01252,2024-01-12,USA,Los Angeles,35-44,Female
C01253,2024-09-06,Australia,Melbourne,25-34,Female
C01254,2024-01-14,UK,London,35-44,Female
C01255,2024-05-21,UK,London,45-54,Female
C01256,2024-03-15,USA,Los Angeles,45-54,Male
C01257,2024-06-27,UK,London,18-24,Male
C01258,2024-08-29,Canada,Montreal,25-34,Female
C01259,2024-02-02,UK,Manchester,18-24,Female
C01260,2024-06-12,UK,London,25-34,Male
C01261,2024-08-10,USA,New York,55+,Male
C01262,2024-07-11,Canada,Toronto,18-24,Male
C01263,2024-05-05,Canada,Toronto,25-34,Male
C01264,2024-01-27,Canada,Montreal,35-44,Male
C01265,2024-08-11,UK,Birmingham,35-44,Female
C01266,2024-01-04,USA,Houston,35-44,Male
C01267,2024-05-26,Australia,Sydney,18-24,Male
C01268,2024-03-13,Canada,Montreal,25-34,Female
C01269,2024-04-30,USA,New York,35-44,Female
C01270,2024-05-02,Australia,Melbourne,18-24,Female
C01271,2024-04-22,USA,Chicago,25-34,Female
C01272,2024-03-28,Australia,Melbourne,18-24,Male
C01273,2024-02-17,USA,Houston,18-24,Female
C01274,2024-09-04,USA,Phoenix,25-34,Female
C01275,2024-01-14,USA,Chicago,18-24,Male
C01276,2024-03-05,USA,Houston,35-44,Female
C01277,2024-08-28,UK,London,35-44,Female
C01278,2024-08-08,Australia,Melbourne,45-54,Male
C01279,2024-05-02,Australia,Melbourne,25-34,Male
C01280,2024-01-30,Canada,Toronto,25-34,Male
C01281,2024-07-29,USA,Phoenix,18-24,Male
C01282,2024-01-17,Australia,Sydney,35-44,Male
C01283,2024-04-12,UK,London,35-44,Female
C01284,2024-05-05,UK,Birmingham,18-24,Male
C01285,2024-01-19,UK,Manchester,55+,Female
C01286,2024-05-27,USA,Houston,18-24,Female
C01287,2024-06-10,USA,Phoenix,35-44,Female
C01288,2024-06-24,USA,New York,35-44,Female
C01289,2024-01-14,USA,Phoenix,45-54,Male
C01290,2024-02-08,UK,Manchester,35-44,Male
C01291,2024-02-08,UK,Manchester,45-54,Female
C01292,2024-07-26,Australia,Sydney,25-34,Female
C01293,2024-05-24,USA,Houston,45-54,Female
C01294,2024-08-30,USA,New York,18-24,Male
C01295,2024-03-18,USA,Phoenix,45-54,Female
C01296,2024-01-22,USA,Houston,35-44,Male
C01297,2024-03-04,USA,Chicago,45-54,Female
C01298,2024-01-31,UK,Birmingham,25-34,Female
C01299,2024-05-22,UK,London,35-44,Male
C01300,2024-07-14,Canada,Toronto,35-44,Female
C01301,2024-04-16,Canada,Montreal,35-44,Male
C01302,2024-06-04,Canada,Toronto,18-24,Male
C01303,2024-06-01,UK,Manchester,18-24,Female
C01304,2024-07-21,USA,Phoenix,25-34,Female
C01305,2024-06-07,USA,New York,25-34,Female
C01306,2024-02-27,USA,Chicago,45-54,Female
C01307,2024-07-17,UK,Manchester,25-34,Female
C01308,2024-05-13,Canada,Montreal,55+,Female
C01309,2024-04-07,USA,Chicago,25-34,Female
C01310,2024-04-25,Canada,Toronto,25-34,Male
C01311,2024-08-20,Canada,Montreal,45-54,Other
C01312,2024-04-23,Australia,Melbourne,35-44,Male
C01313,2024-03-17,UK,London,25-34,Female
C01314,2024-08-08,Germany,Munich,35-44,Male
C01315,2024-05-30,UK,Manchester,35-44,Male
C01316,2024-04-19,USA,Phoenix,25-34,Male
C01317,2024-03-19,USA,Chicago,55+,Female
C01318,2024-05-25,UK,Manchester,55+,Male
C01319,2024-06-07,UK,London,35-44,Male
C01320,2024-01-16,Australia,Melbourne,25-34,Female
C01321,2024-06-05,USA,Houston,35-44,Female
C01322,2024-09-02,Australia,Sydney,18-24,Male
C01323,2024-07-08,Germany,Munich,18-24,Male
C01324,2024-01-26,Canada,Montreal,25-34,Male
C01325,2024-08-30,Germany,Munich,25-34,Male
C01326,2024-07-14,USA,Chicago,45-54,Female
C01327,2024-02-23,Canada,Vancouver,35-44,Female
C01328,2024-06-09,Canada,Vancouver,35-44,Female
C01329,2024-02-24,USA,Houston,25-34,Male
C01330,2024-03-08,Canada,Toronto,25-34,Female
C01331,2024-06-18,UK,Birmingham,25-34,Female
C01332,2024-01-21,USA,Los Angeles,55+,Female
C01333,2024-02-10,USA,Phoenix,18-24,Female
C01334,2024-03-02,USA,Los Angeles,45-54,Female
C01335,2024-02-14,USA,New York,35-44,Female
C01336,2024-05-21,USA,Chicago,25-34,Male
C01337,2024-01-20,UK,London,35-44,Female
C01338,2024-02-10,USA,Phoenix,25-34,Female
C01339,2024-01-01,USA,Houston,45-54,Female
C01340,2024-04-14,USA,Houston,55+,Male
C01341,2024-04-25,UK,London,25-34,Female
C01342,2024-06-25,USA,Los Angeles,25-34,Female
C01343,2024-06-01,UK,Birmingham,35-44,Male
C01344,2024-04-30,USA,Los Angeles,55+,Male
C01345,2024-03-15,UK,Manchester,25-34,Female
C01346,2024-01-09,Australia,Sydney,35-44,Female
C01347,2024-02-29,USA,Los Angeles,35-44,Female
C01348,2024-03-14,UK,Manchester,35-44,Male
C01349,2024-06-29,USA,Houston,18-24,Female
C01350,2024-03-13,USA,Los Angeles,35-44,Male
C01351,2024-06-28,Australia,Melbourne,55+,Male
C01352,2024-08-08,Canada,Vancouver,25-34,Male
C01353,2024-04-26,UK,Manchester,25-34,Male
C01354,2024-01-19,Canada,Vancouver,55+,Male
C01355,2024-06-24,Canada,Montreal,25-34,Male
C01356,2024-02-29,USA,Phoenix,45-54,Male
C01357,2024-08-24,UK,London,25-34,Male
C01358,2024-03-08,USA,Houston,25-34,Female
C01359,2024-07-20,USA,New York,45-54,Female
C01360,2024-07-21,USA,Los Angeles,25-34,Male
C01361,2024-06-09,USA,New York,35-44,Female
C01362,2024-05-30,UK,London,25-34,Male
C01363,2024-06-18,UK,Manchester,35-44,Female
C01364,2024-07-24,Germany,Munich,25-34,Male
C01365,2024-08-27,Canada,Montreal,25-34,Male
C01366,2024-02-20,UK,London,55+,Female
C01367,2024-04-18,Australia,Melbourne,25-34,Female
C01368,2024-01-30,Germany,Munich,35-44,Female
C01369,2024-05-19,UK,Manchester,25-34,Female
C01370,2024-02-27,UK,Manchester,45-54,Female
C01371,2024-06-14,UK,Manchester,18-24,Male
C01372,2024-02-08,UK,Birmingham,55+,Male
C01373,2024-08-20,Germany,Munich,25-34,Male
C01374,2024-03-09,Germany,Munich,25-34,Male
C01375,2024-07-30,Germany,Berlin,18-24,Female
C01376,2024-02-06,Canada,Vancouver,25-34,Female
C01377,2024-01-19,Canada,Toronto,35-44,Male
C01378,2024-01-16,USA,Chicago,25-34,Female
C01379,2024-02-12,USA,Phoenix,45-54,Female
C01380,2024-07-21,UK,London,25-34,Male
C01381,2024-03-19,Canada,Montreal,25-34,Male
C01382,2024-06-01,Australia,Sydney,35-44,Male
C01383,2024-07-10,USA,Chicago,35-44,Male
C01384,2024-07-30,UK,Manchester,25-34,Male
C01385,2024-05-25,UK,Manchester,25-34,Female
C01386,2024-08-23,USA,Phoenix,18-24,Male
C01387,2024-03-14,UK,Manchester,35-44,Male
C01388,2024-04-22,UK,Birmingham,35-44,Other
C01389,2024-02-01,USA,Houston,25-34,Female
C01390,2024-04-29,Australia,Sydney,45-54,Female
C01391,2024-06-25,Australia,Melbourne,45-54,Male
C01392,2024-03-18,Canada,Montreal,35-44,Male
C01393,2024-06-28,UK,Manchester,45-54,Female
C01394,2024-04-13,Canada,Vancouver,25-34,Male
C01395,2024-08-29,Australia,Sydney,18-24,Male
C01396,2024-03-10,USA,Los Angeles,25-34,Female
C01397,2024-05-08,UK,Birmingham,18-24,Female
C01398,2024-05-18,UK,Manchester,35-44,Male
C01399,2024-05-06,USA,Houston,55+,Female
C01400,2024-04-22,Germany,Munich,18-24,Male
C01401,2024-01-21,Australia,Sydney,18-24,Male
C01402,2024-06-02,UK,London,25-34,Male
C01403,2024-01-11,UK,London,55+,Male
C01404,2024-08-15,USA,Chicago,25-34,Male
C01405,2024-04-20,Germany,Berlin,35-44,Female
C01406,2024-07-07,Canada,Vancouver,18-24,Female
C01407,2024-03-23,USA,Chicago,18-24,Female
C01408,2024-06-03,Canada,Montreal,55+,Male
C01409,2024-03-05,Canada,Vancouver,55+,Male
C01410,2024-01-07,USA,Chicago,18-24,Male
C01411,2024-01-24,Canada,Montreal,55+,Male
C01412,2024-02-28,Australia,Melbourne,35-44,Male
C01413,2024-09-03,Canada,Vancouver,45-54,Female
C01414,2024-06-21,USA,Houston,25-34,Female
C01415,2024-08-02,Australia,Melbourne,35-44,Female
C01416,2024-08-08,UK,Birmingham,25-34,Male
C01417,2024-05-27,Australia,Melbourne,35-44,Female
C01418,2024-05-30,USA,Houston,18-24,Male
C01419,2024-08-31,UK,London,18-24,Male
C01420,2024-01-06,Australia,Sydney,25-34,Male
C01421,2024-07-14,USA,New York,35-44,Female
C01422,2024-06-21,Germany,Berlin,25-34,Other
C01423,2024-07-29,Australia,Sydney,35-44,Male
C01424,2024-03-09,USA,Chicago,55+,Female
C01425,2024-05-27,Germany,Berlin,18-24,Female
C01426,2024-01-11,Germany,Berlin,35-44,Male
C01427,2024-07-14,Australia,Sydney,25-34,Male
C01428,2024-07-12,Australia,Melbourne,45-54,Male
C01429,2024-02-14,UK,London,25-34,Female
C01430,2024-04-30,Canada,Toronto,35-44,Male
C01431,2024-05-12,UK,London,45-54,Female
C01432,2024-06-15,USA,Houston,55+,Male
C01433,2024-04-23,Canada,Montreal,35-44,Female
C01434,2024-08-22,USA,New York,25-34,Male
C01435,2024-03-12,USA,New York,35-44,Female
C01436,2024-02-16,USA,Houston,45-54,Female
C01437,2024-05-29,Canada,Montreal,35-44,Female
C01438,2024-04-21,USA,New York,18-24,Female
C01439,2024-06-11,Australia,Sydney,55+,Male
C01440,2024-07-27,UK,Manchester,35-44,Female
C01441,2024-05-05,Australia,Sydney,35-44,Male
C01442,2024-09-05,UK,London,25-34,Male
C01443,2024-01-24,USA,Houston,35-44,Female
C01444,2024-04-30,UK,Manchester,25-34,Male
C01445,2024-03-30,Canada,Toronto,35-44,Female
C01446,2024-04-14,UK,London,18-24,Other
C01447,2024-03-26,Canada,Montreal,35-44,Male
C01448,2024-03-23,UK,Manchester,55+,Female
C01449,2024-06-20,Canada,Vancouver,18-24,Male
C01450,2024-01-27,Canada,Montreal,55+,Male
C01451,2024-08-07,Germany,Berlin,25-34,Male
C01452,2024-02-11,Germany,Berlin,45-54,Female
C01453,2024-03-25,Germany,Berlin,45-54,Female
C01454,2024-04-15,Australia,Sydney,35-44,Female
C01455,2024-06-26,UK,London,35-44,Other
C01456,2024-05-06,Canada,Montreal,45-54,Male
C01457,2024-03-14,USA,Chicago,25-34,Male
C01458,2024-06-18,Australia,Melbourne,25-34,Female
C01459,2024-08-29,UK,Manchester,35-44,Female
C01460,2024-04-12,Australia,Melbourne,45-54,Male
C01461,2024-07-27,Germany,Munich,45-54,Male
C01462,2024-07-13,Australia,Melbourne,45-54,Female
C01463,2024-05-20,Canada,Toronto,25-34,Female
C01464,2024-01-10,Canada,Montreal,45-54,Male
C01465,2024-04-26,Canada,Montreal,18-24,Male
C01466,2024-01-23,Germany,Berlin,35-44,Female
C01467,2024-03-21,USA,Phoenix,18-24,Female
C01468,2024-03-05,USA,Phoenix,25-34,Male
C01469,2024-03-23,Australia,Melbourne,25-34,Female
C01470,2024-01-30,USA,Phoenix,25-34,Male
C01471,2024-09-05,Canada,Vancouver,35-44,Male
C01472,2024-07-16,Canada,Montreal,25-34,Female
C01473,2024-04-13,UK,Birmingham,25-34,Female
C01474,2024-08-09,USA,Phoenix,25-34,Male
C01475,2024-05-11,Canada,Vancouver,25-34,Female
C01476,2024-07-30,Canada,Vancouver,25-34,Female
C01477,2024-01-01,USA,Houston,18-24,Female
C01478,2024-06-17,Canada,Montreal,35-44,Female
C01479,2024-08-10,Canada,Toronto,35-44,Female
C01480,2024-05-18,Canada,Toronto,35-44,Female
C01481,2024-04-28,Canada,Vancouver,25-34,Male
C01482,2024-04-15,UK,Manchester,25-34,Male
C01483,2024-01-14,Australia,Melbourne,45-54,Male
C01484,2024-02-18,UK,Manchester,35-44,Female
C01485,2024-05-12,Australia,Melbourne,25-34,Female
C01486,2024-04-02,UK,London,18-24,Male
C01487,2024-06-08,USA,Chicago,25-34,Male
C01488,2024-07-12,USA,New York,25-34,Female
C01489,2024-05-07,USA,New York,25-34,Male
C01490,2024-06-09,USA,Phoenix,35-44,Female
C01491,2024-04-23,USA,Los Angeles,35-44,Male
C01492,2024-07-13,Canada,Vancouver,35-44,Female
C01493,2024-01-14,Australia,Melbourne,45-54,Female
C01494,2024-02-22,Canada,Vancouver,45-54,Male
C01495,2024-03-09,Canada,Montreal,35-44,Male
C01496,2024-05-20,Canada,Toronto,55+,Male
C01497,2024-02-03,Australia,Melbourne,18-24,Female
C01498,2024-08-25,Canada,Vancouver,25-34,Female
C01499,2024-03-14,USA,Chicago,18-24,Male
C01500,2024-04-22,UK,London,35-44,Female
C01501,2024-08-13,UK,Manchester,45-54,Female
C01502,2024-06-27,UK,Manchester,25-34,Male
C01503,2024-05-04,UK,Birmingham,55+,Male
C01504,2024-02-01,Australia,Sydney,18-24,Female
C01505,2024-01-08,Canada,Toronto,55+,Female
C01506,2024-09-06,Canada,Montreal,25-34,Female
C01507,2024-06-10,Australia,Melbourne,18-24,Female
C01508,2024-06-04,Canada,Toronto,25-34,Female
C01509,2024-07-23,USA,Houston,25-34,Male
C01510,2024-03-02,UK,Birmingham,25-34,Female
C01511,2024-06-30,USA,Houston,25-34,Female
C01512,2024-02-10,UK,Manchester,45-54,Female
C01513,2024-03-20,USA,Los Angeles,35-44,Male
C01514,2024-05-21,USA,Los Angeles,25-34,Male
C01515,2024-01-04,UK,Birmingham,35-44,Male
C01516,2024-05-21,Germany,Munich,35-44,Male
C01517,2024-04-14,USA,Houston,25-34,Male
C01518,2024-01-24,USA,Los Angeles,25-34,Female
C01519,2024-02-27,Germany,Munich,18-24,Female
C01520,2024-08-03,Australia,Sydney,25-34,Male
C01521,2024-08-21,USA,Houston,35-44,Female
C01522,2024-01-30,UK,Birmingham,25-34,Male
C01523,2024-04-28,USA,Los Angeles,35-44,Male
C01524,2024-08-30,UK,Birmingham,35-44,Male
C01525,2024-01-31,UK,Birmingham,18-24,Female
C01526,2024-06-14,Australia,Melbourne,35-44,Male
C01527,2024-08-01,USA,Chicago,25-34,Male
C01528,2024-02-09,Canada,Montreal,55+,Male
C01529,2024-05-07,UK,Birmingham,25-34,Female
C01530,2024-08-26,UK,Birmingham,45-54,Male
C01531,2024-07-02,UK,Manchester,35-44,Female
C01532,2024-03-15,USA,Houston,18-24,Female
C01533,2024-05-10,UK,London,35-44,Female
C01534,2024-06-29,Australia,Sydney,55+,Female
C01535,2024-03-10,Australia,Sydney,35-44,Male
C01536,2024-04-16,UK,London,45-54,Male
C01537,2024-08-01,UK,Manchester,45-54,Female
C01538,2024-05-03,USA,New York,25-34,Male
C01539,2024-09-07,USA,Houston,25-34,Female
C01540,2024-04-30,USA,Phoenix,35-44,Female
C01541,2024-03-03,Australia,Melbourne,25-34,Female
C01542,2024-04-26,Australia,Melbourne,45-54,Female
C01543,2024-05-21,USA,Phoenix,55+,Other
C01544,2024-02-07,USA,Houston,25-34,Female
C01545,2024-04-08,Germany,Berlin,25-34,Male
C01546,2024-02-18,UK,Manchester,45-54,Female
C01547,2024-08-23,Canada,Toronto,25-34,Male
C01548,2024-06-02,USA,Los Angeles,45-54,Male
C01549,2024-05-10,Canada,Toronto,25-34,Female
C01550,2024-07-10,Australia,Sydney,35-44,Male
C01551,2024-08-13,USA,Los Angeles,18-24,Male
C01552,2024-02-04,Germany,Berlin,35-44,Male
C01553,2024-08-09,Australia,Melbourne,25-34,Female
C01554,2024-01-18,USA,Chicago,35-44,Female
C01555,2024-03-11,Canada,Toronto,25-34,Female
C01556,2024-07-16,USA,Houston,35-44,Male
C01557,2024-07-21,Canada,Montreal,45-54,Female
C01558,2024-08-06,USA,New York,25-34,Female
C01559,2024-04-16,UK,London,18-24,Male
C01560,2024-03-28,Canada,Toronto,18-24,Male
C01561,2024-08-27,UK,London,35-44,Male
C01562,2024-07-20,UK,London,35-44,Female
C01563,2024-05-09,USA,Houston,35-44,Female
C01564,2024-03-09,Australia,Sydney,25-34,Female
C01565,2024-07-29,UK,Manchester,25-34,Male
C01566,2024-01-01,Canada,Vancouver,35-44,Female
C01567,2024-03-13,USA,Chicago,25-34,Female
C01568,2024-07-04,USA,Houston,55+,Female
C01569,2024-03-17,Canada,Vancouver,18-24,Female
C01570,2024-08-02,Canada,Vancouver,35-44,Male
C01571,2024-05-30,UK,Birmingham,25-34,Male
C01572,2024-05-28,UK,London,25-34,Female
C01573,2024-06-17,USA,Chicago,35-44,Female
C01574,2024-05-05,Australia,Sydney,35-44,Female
C01575,2024-08-09,Canada,Toronto,55+,Male
C01576,2024-02-08,Germany,Berlin,18-24,Female
C01577,2024-04-24,USA,Chicago,18-24,Male
C01578,2024-05-17,UK,Manchester,35-44,Male
C01579,2024-05-03,Canada,Toronto,35-44,Female
C01580,2024-03-29,UK,Birmingham,25-34,Female
C01581,2024-03-26,UK,Manchester,18-24,Male
C01582,2024-05-21,USA,Los Angeles,18-24,Male
C01583,2024-07-14,Australia,Sydney,45-54,Male
C01584,2024-05-19,USA,Chicago,25-34,Male
C01585,2024-04-06,USA,Houston,25-34,Female
C01586,2024-04-26,USA,New York,25-34,Female
C01587,2024-08-26,Australia,Sydney,25-34,Male
C01588,2024-03-23,Australia,Sydney,18-24,Female
C01589,2024-08-10,Australia,Melbourne,35-44,Female
C01590,2024-02-18,Australia,Melbourne,18-24,Female
C01591,2024-06-27,USA,Los Angeles,45-54,Male
C01592,2024-03-02,Canada,Montreal,25-34,Female
C01593,2024-05-26,USA,New York,35-44,Male
C01594,2024-04-08,Australia,Sydney,45-54,Male
C01595,2024-02-29,Germany,Munich,35-44,Male
C01596,2024-08-07,Canada,Montreal,35-44,Female
C01597,2024-07-17,USA,New York,25-34,Male
C01598,2024-04-15,UK,Birmingham,25-34,Male
C01599,2024-01-12,UK,Birmingham,35-44,Male
C01600,2024-03-22,USA,Los Angeles,55+,Female
C01601,2024-07-09,UK,Manchester,35-44,Female
C01602,2024-05-01,USA,Houston,35-44,Male
C01603,2024-06-29,USA,Chicago,35-44,Female
C01604,2024-08-21,Canada,Vancouver,25-34,Female
C01605,2024-07-26,Germany,Berlin,18-24,Female
C01606,2024-04-07,UK,Birmingham,35-44,Male
C01607,2024-04-08,Canada,Montreal,55+,Female
C01608,2024-06-18,Canada,Toronto,25-34,Female
C01609,2024-07-21,UK,Birmingham,35-44,Female
C01610,2024-07-29,Canada,Montreal,25-34,Male
C01611,2024-06-15,UK,Birmingham,35-44,Female
C01612,2024-02-08,Canada,Toronto,18-24,Female
C01613,2024-05-06,UK,Manchester,25-34,Female
C01614,2024-09-03,Canada,Vancouver,45-54,Male
C01615,2024-01-10,USA,Chicago,25-34,Male
C01616,2024-02-02,UK,London,35-44,Female
C01617,2024-05-08,UK,Manchester,45-54,Female
C01618,2024-09-04,Germany,Berlin,55+,Male
C01619,2024-05-31,UK,Birmingham,25-34,Female
C01620,2024-03-25,Canada,Toronto,25-34,Male
C01621,2024-08-10,USA,New York,25-34,Female
C01622,2024-01-26,Germany,Berlin,55+,Female
C01623,2024-08-11,Canada,Montreal,55+,Female
C01624,2024-08-04,Australia,Melbourne,35-44,Female
C01625,2024-04-22,Australia,Melbourne,45-54,Male
C01626,2024-01-26,USA,New York,35-44,Female
C01627,2024-05-14,Germany,Berlin,35-44,Male
C01628,2024-08-21,Canada,Vancouver,18-24,Female
C01629,2024-04-26,Canada,Montreal,45-54,Female
C01630,2024-01-04,USA,New York,18-24,Female
C01631,2024-07-03,Canada,Vancouver,45-54,Male
C01632,2024-02-06,USA,Los Angeles,45-54,Female
C01633,2024-04-14,UK,London,35-44,Male
C01634,2024-08-10,USA,New York,18-24,Male
C01635,2024-06-16,USA,Phoenix,25-34,Female
C01636,2024-09-05,USA,Houston,25-34,Male
C01637,2024-02-09,USA,Phoenix,25-34,Female
C01638,2024-01-20,USA,Los Angeles,18-24,Male
C01639,2024-04-30,UK,Manchester,55+,Male
C01640,2024-07-19,Australia,Sydney,35-44,Female
C01641,2024-09-05,USA,Los Angeles,25-34,Female
C01642,2024-03-08,Canada,Toronto,25-34,Male
C01643,2024-03-27,UK,Manchester,25-34,Female
C01644,2024-06-08,UK,London,35-44,Female
C01645,2024-06-26,Canada,Montreal,35-44,Female
C01646,2024-04-11,USA,Phoenix,55+,Male
C01647,2024-06-15,Canada,Vancouver,25-34,Female
C01648,2024-01-21,UK,Birmingham,55+,Female
C01649,2024-08-06,UK,London,45-54,Female
C01650,2024-03-25,USA,New York,25-34,Male
C01651,2024-08-06,UK,Manchester,55+,Female
C01652,2024-06-21,Canada,Montreal,18-24,Female
C01653,2024-08-07,Canada,Toronto,45-54,Female
C01654,2024-05-16,Australia,Sydney,25-34,Male
C01655,2024-04-07,Germany,Berlin,45-54,Female
C01656,2024-09-01,Canada,Vancouver,45-54,Female
C01657,2024-03-22,Germany,Berlin,45-54,Male
C01658,2024-06-09,USA,Chicago,45-54,Male
C01659,2024-07-02,Canada,Montreal,25-34,Female
C01660,2024-08-15,USA,Chicago,18-24,Male
C01661,2024-07-13,UK,Manchester,25-34,Female
C01662,2024-05-04,USA,Los Angeles,25-34,Female
C01663,2024-08-11,USA,New York,35-44,Female
C01664,2024-05-18,USA,Houston,25-34,Male
C01665,2024-01-10,UK,Manchester,55+,Male
C01666,2024-06-07,Germany,Berlin,35-44,Female
C01667,2024-01-18,UK,Manchester,45-54,Male
C01668,2024-03-01,Canada,Toronto,18-24,Female
C01669,2024-06-10,USA,Houston,45-54,Male
C01670,2024-06-24,Germany,Munich,55+,Male
C01671,2024-08-23,UK,Birmingham,25-34,Male
C01672,2024-03-14,USA,Chicago,35-44,Female
C01673,2024-02-28,UK,Birmingham,45-54,Female
C01674,2024-07-10,USA,Houston,25-34,Male
C01675,2024-01-24,USA,Los Angeles,35-44,Male
C01676,2024-04-21,Germany,Berlin,25-34,Male
C01677,2024-09-07,UK,Birmingham,18-24,Female
C01678,2024-01-26,Canada,Vancouver,25-34,Male
C01679,2024-07-13,Canada,Vancouver,18-24,Female
C01680,2024-06-11,Canada,Montreal,18-24,Female
C01681,2024-06-29,UK,Manchester,18-24,Female
C01682,2024-08-11,UK,Manchester,55+,Male
C01683,2024-01-26,Canada,Montreal,35-44,Other
C01684,2024-04-23,UK,Birmingham,55+,Male
C01685,2024-02-12,UK,London,25-34,Male
C01686,2024-06-26,Australia,Sydney,25-34,Female
C01687,2024-03-17,Germany,Berlin,35-44,Female
C01688,2024-08-19,UK,Manchester,25-34,Male
C01689,2024-01-08,UK,Manchester,18-24,Male
C01690,2024-01-12,USA,Chicago,35-44,Female
C01691,2024-03-24,USA,Phoenix,25-34,Male
C01692,2024-07-22,Canada,Vancouver,35-44,Female
C01693,2024-01-15,USA,Houston,35-44,Female
C01694,2024-03-16,Australia,Sydney,25-34,Male
C01695,2024-04-01,Australia,Melbourne,18-24,Male
C01696,2024-04-05,USA,Los Angeles,45-54,Male
C01697,2024-04-20,USA,New York,25-34,Female
C01698,2024-02-07,USA,Phoenix,18-24,Female
C01699,2024-03-03,USA,Chicago,55+,Male
C01700,2024-05-15,USA,Phoenix,18-24,Female
C01701,2024-04-15,Canada,Toronto,35-44,Other
C01702,2024-05-24,USA,Chicago,55+,Male
C01703,2024-06-23,USA,New York,25-34,Female
C01704,2024-07-21,Australia,Melbourne,18-24,Male
C01705,2024-02-16,UK,London,18-24,Male
C01706,2024-02-13,Canada,Montreal,25-34,Male
C01707,2024-02-14,Australia,Melbourne,18-24,Male
C01708,2024-01-21,Australia,Sydney,35-44,Male
C01709,2024-06-05,Australia,Melbourne,18-24,Male
C01710,2024-08-10,UK,Manchester,35-44,Female
C01711,2024-04-07,Canada,Vancouver,55+,Female
C01712,2024-06-07,Canada,Montreal,45-54,Female
C01713,2024-06-23,USA,Chicago,35-44,Male
C01714,2024-03-02,Canada,Toronto,25-34,Male
C01715,2024-05-07,USA,New York,35-44,Male
C01716,2024-08-21,USA,Phoenix,35-44,Female
C01717,2024-05-29,Australia,Sydney,25-34,Female
C01718,2024-02-06,Canada,Toronto,18-24,Male
C01719,2024-02-29,Germany,Berlin,45-54,Male
C01720,2024-04-28,UK,London,25-34,Female
C01721,2024-06-12,Canada,Toronto,25-34,Male
C01722,2024-03-06,Germany,Berlin,25-34,Male
C01723,2024-04-27,Australia,Sydney,25-34,Female
C01724,2024-03-06,USA,Houston,45-54,Female
C01725,2024-06-19,Australia,Sydney,35-44,Male
C01726,2024-01-03,Australia,Sydney,45-54,Male
C01727,2024-08-18,UK,London,18-24,Other
C01728,2024-07-24,Canada,Montreal,25-34,Male
C01729,2024-04-29,USA,Houston,25-34,Male
C01730,2024-08-18,UK,Birmingham,18-24,Male
C01731,2024-03-14,USA,Houston,25-34,Male
C01732,2024-06-22,Australia,Melbourne,45-54,Male
C01733,2024-05-19,Germany,Berlin,18-24,Female
C01734,2024-02-10,Canada,Vancouver,35-44,Male
C01735,2024-01-19,Australia,Sydney,25-34,Male
C01736,2024-04-23,USA,Phoenix,18-24,Female
C01737,2024-08-29,USA,New York,25-34,Female
C01738,2024-03-29,Germany,Berlin,55+,Female
C01739,2024-05-30,USA,Los Angeles,45-54,Female
C01740,2024-03-17,UK,Birmingham,55+,Male
C01741,2024-06-12,USA,Houston,25-34,Female
C01742,2024-09-03,UK,London,18-24,Male
C01743,2024-04-18,Germany,Munich,35-44,Other
C01744,2024-06-25,Germany,Berlin,25-34,Female
C01745,2024-03-05,USA,Chicago,45-54,Other
C01746,2024-04-26,UK,Birmingham,18-24,Female
C01747,2024-08-04,Germany,Munich,25-34,Male
C01748,2024-03-18,USA,Chicago,25-34,Female
C01749,2024-02-20,Australia,Sydney,25-34,Other
C01750,2024-04-08,Australia,Melbourne,35-44,Female
C01751,2024-08-06,USA,Phoenix,25-34,Male
C01752,2024-05-03,USA,New York,25-34,Female
C01753,2024-01-28,Australia,Sydney,25-34,Male
C01754,2024-03-01,Australia,Melbourne,25-34,Male
C01755,2024-04-07,Canada,Toronto,45-54,Male
C01756,2024-05-26,Australia,Sydney,45-54,Male
C01757,2024-04-01,UK,Birmingham,55+,Female
C01758,2024-05-27,Germany,Berlin,45-54,Male
C01759,2024-03-16,Australia,Sydney,25-34,Female
C01760,2024-06-28,Canada,Montreal,35-44,Male
C01761,2024-03-16,Canada,Toronto,25-34,Male
C01762,2024-01-06,UK,Birmingham,25-34,Male
C01763,2024-09-07,USA,Houston,45-54,Male
C01764,2024-07-31,Canada,Toronto,18-24,Male
C01765,2024-06-17,USA,Los Angeles,55+,Male
C01766,2024-04-11,Australia,Sydney,25-34,Female
C01767,2024-03-11,USA,Phoenix,35-44,Male
C01768,2024-01-03,Germany,Berlin,35-44,Male
C01769,2024-05-24,USA,Phoenix,45-54,Male
C01770,2024-08-09,Australia,Melbourne,35-44,Female
C01771,2024-06-24,USA,New York,35-44,Female
C01772,2024-07-18,Canada,Montreal,18-24,Female
C01773,2024-07-09,UK,Birmingham,35-44,Male
C01774,2024-09-06,Canada,Vancouver,25-34,Male
C01775,2024-01-13,USA,Houston,35-44,Female
C01776,2024-08-21,Canada,Montreal,35-44,Male
C01777,2024-06-04,Canada,Montreal,35-44,Male
C01778,2024-07-09,USA,Houston,18-24,Male
C01779,2024-05-07,UK,London,18-24,Male
C01780,2024-08-01,Australia,Sydney,35-44,Male
C01781,2024-08-19,USA,Los Angeles,18-24,Female
C01782,2024-08-19,USA,Phoenix,18-24,Male
C01783,2024-03-14,Canada,Vancouver,18-24,Female
C01784,2024-07-17,USA,Phoenix,55+,Male
C01785,2024-07-23,Germany,Munich,35-44,Male
C01786,2024-02-28,Canada,Montreal,25-34,Female
C01787,2024-06-04,Germany,Berlin,25-34,Male
C01788,2024-07-24,Canada,Montreal,25-34,Female
C01789,2024-03-31,Germany,Munich,45-54,Female
C01790,2024-02-26,USA,Chicago,35-44,Male
C01791,2024-06-11,USA,Chicago,25-34,Female
C01792,2024-02-18,Australia,Melbourne,25-34,Male
C01793,2024-06-07,Australia,Melbourne,18-24,Female
C01794,2024-03-05,UK,Manchester,35-44,Male
C01795,2024-06-22,Germany,Munich,45-54,Female
C01796,2024-07-12,USA,Chicago,25-34,Male
C01797,2024-07-03,USA,Phoenix,18-24,Female
C01798,2024-07-15,Germany,Berlin,18-24,Female
C01799,2024-06-17,Canada,Montreal,55+,Female
C01800,2024-06-23,USA,Phoenix,25-34,Female
C01801,2024-08-02,Australia,Sydney,45-54,Female
C01802,2024-02-05,Germany,Munich,35-44,Female
C01803,2024-06-09,USA,Phoenix,25-34,Male
C01804,2024-01-25,USA,Chicago,25-34,Male
C01805,2024-08-19,USA,Chicago,18-24,Male
C01806,2024-06-09,Australia,Melbourne,35-44,Male
C01807,2024-06-14,UK,Manchester,45-54,Male
C01808,2024-01-11,Germany,Munich,35-44,Female
C01809,2024-03-20,USA,New York,35-44,Male
C01810,2024-07-20,Australia,Sydney,18-24,Female
C01811,2024-04-22,Germany,Munich,55+,Male
C01812,2024-01-09,Canada,Montreal,45-54,Male
C01813,2024-05-28,UK,London,25-34,Female
C01814,2024-04-03,UK,Birmingham,55+,Female
C01815,2024-07-06,USA,Los Angeles,35-44,Female
C01816,2024-02-03,Canada,Vancouver,35-44,Female
C01817,2024-01-24,Canada,Toronto,35-44,Male
C01818,2024-08-20,USA,Chicago,45-54,Female
C01819,2024-03-16,Canada,Toronto,35-44,Male
C01820,2024-03-24,UK,London,18-24,Male
C01821,2024-07-10,UK,Manchester,25-34,Male
C01822,2024-04-16,UK,London,55+,Male
C01823,2024-02-14,USA,Chicago,25-34,Male
C01824,2024-02-21,Canada,Montreal,25-34,Female
C01825,2024-02-03,Australia,Sydney,25-34,Female
C01826,2024-07-20,Germany,Berlin,25-34,Male
C01827,2024-05-18,Australia,Sydney,35-44,Male
C01828,2024-08-12,USA,Houston,55+,Male
C01829,2024-09-05,UK,Manchester,25-34,Male
C01830,2024-04-03,Canada,Toronto,18-24,Female
C01831,2024-05-15,Australia,Sydney,25-34,Male
C01832,2024-05-08,USA,Chicago,45-54,Female
C01833,2024-08-21,Australia,Melbourne,35-44,Male
C01834,2024-03-10,Germany,Berlin,25-34,Other
C01835,2024-07-31,Germany,Berlin,45-54,Male
C01836,2024-02-12,UK,Manchester,45-54,Female
C01837,2024-03-06,UK,Manchester,45-54,Male
C01838,2024-08-21,UK,London,55+,Female
C01839,2024-07-30,UK,Birmingham,25-34,Male
C01840,2024-08-29,Canada,Vancouver,45-54,Male
C01841,2024-05-03,USA,Phoenix,25-34,Female
C01842,2024-09-04,Germany,Berlin,45-54,Female
C01843,2024-07-25,Australia,Sydney,35-44,Female
C01844,2024-03-16,Germany,Munich,45-54,Female
C01845,2024-07-10,Australia,Melbourne,35-44,Female
C01846,2024-08-10,USA,Los Angeles,25-34,Male
C01847,2024-03-27,Australia,Melbourne,35-44,Male
C01848,2024-07-24,UK,Birmingham,55+,Male
C01849,2024-01-30,Canada,Montreal,55+,Female
C01850,2024-04-29,Canada,Montreal,18-24,Male
C01851,2024-09-03,Australia,Sydney,25-34,Male
C01852,2024-01-20,UK,Birmingham,18-24,Female
C01853,2024-02-06,Germany,Munich,35-44,Female
C01854,2024-07-12,USA,New York,45-54,Male
C01855,2024-09-04,Australia,Melbourne,25-34,Male
C01856,2024-02-27,Canada,Toronto,35-44,Male
C01857,2024-08-08,UK,London,45-54,Male
C01858,2024-06-22,USA,Chicago,35-44,Male
C01859,2024-07-04,UK,Manchester,35-44,Female
C01860,2024-06-21,Germany,Munich,35-44,Female
C01861,2024-09-07,USA,Houston,35-44,Female
C01862,2024-04-11,UK,London,25-34,Male
C01863,2024-09-04,USA,Los Angeles,35-44,Female
C01864,2024-08-04,UK,Birmingham,35-44,Male
C01865,2024-07-24,Germany,Berlin,45-54,Male
C01866,2024-05-22,USA,Houston,35-44,Female
C01867,2024-04-03,UK,London,45-54,Male
C01868,2024-01-24,Canada,Vancouver,25-34,Male
C01869,2024-07-21,Canada,Montreal,25-34,Female
C01870,2024-04-11,USA,New York,18-24,Male
C01871,2024-01-04,Canada,Vancouver,25-34,Female
C01872,2024-03-08,Germany,Berlin,35-44,Male
C01873,2024-05-17,UK,Manchester,55+,Female
C01874,2024-02-01,Australia,Sydney,18-24,Male
C01875,2024-04-26,UK,London,25-34,Male
C01876,2024-04-04,Germany,Berlin,45-54,Female
C01877,2024-06-21,Canada,Montreal,25-34,Male
C01878,2024-07-10,Australia,Melbourne,35-44,Male
C01879,2024-06-21,USA,Houston,35-44,Male
C01880,2024-03-08,USA,Phoenix,35-44,Male
C01881,2024-05-29,USA,Phoenix,25-34,Male
C01882,2024-04-07,Canada,Montreal,25-34,Male
C01883,2024-07-29,Australia,Sydney,45-54,Female
C01884,2024-06-12,Germany,Berlin,35-44,Male
C01885,2024-08-28,UK,Manchester,18-24,Female
C01886,2024-04-05,USA,Chicago,45-54,Male
C01887,2024-01-28,USA,Houston,18-24,Male
C01888,2024-06-21,Germany,Berlin,35-44,Female
C01889,2024-02-29,Germany,Berlin,25-34,Male
C01890,2024-04-30,USA,Chicago,55+,Female
C01891,2024-01-07,UK,London,25-34,Male
C01892,2024-06-07,UK,Manchester,25-34,Female
C01893,2024-08-14,USA,Phoenix,18-24,Female
C01894,2024-08-29,UK,Birmingham,25-34,Female
C01895,2024-05-23,USA,New York,45-54,Female
C01896,2024-03-24,Australia,Melbourne,55+,Female
C01897,2024-08-22,Germany,Munich,25-34,Male
C01898,2024-06-05,USA,New York,25-34,Male
C01899,2024-02-26,Germany,Munich,35-44,Female
C01900,2024-06-14,Canada,Montreal,45-54,Male
C01901,2024-01-17,USA,Houston,35-44,Male
C01902,2024-06-11,USA,Los Angeles,25-34,Female
C01903,2024-07-29,Germany,Berlin,25-34,Male
C01904,2024-04-28,Germany,Munich,35-44,Female
C01905,2024-08-20,Germany,Berlin,18-24,Female
C01906,2024-06-28,USA,Houston,35-44,Female
C01907,2024-03-18,USA,Houston,25-34,Female
C01908,2024-06-15,Canada,Montreal,45-54,Male
C01909,2024-04-14,UK,Birmingham,18-24,Male
C01910,2024-01-30,USA,Los Angeles,35-44,Male
C01911,2024-02-05,USA,Phoenix,25-34,Male
C01912,2024-01-12,UK,Birmingham,35-44,Female
C01913,2024-08-30,Canada,Montreal,18-24,Female
C01914,2024-01-10,Germany,Berlin,35-44,Male
C01915,2024-03-18,Canada,Toronto,35-44,Male
C01916,2024-05-06,USA,New York,35-44,Female
C01917,2024-01-30,USA,Chicago,35-44,Male
C01918,2024-01-25,UK,Manchester,35-44,Female
C01919,2024-03-01,Canada,Vancouver,45-54,Male
C01920,2024-08-15,USA,Phoenix,25-34,Female
C01921,2024-05-17,Australia,Sydney,45-54,Female
C01922,2024-02-04,Australia,Sydney,25-34,Female
C01923,2024-04-09,Australia,Melbourne,18-24,Female
C01924,2024-04-26,USA,Houston,18-24,Male
C01925,2024-04-04,UK,Manchester,25-34,Male
C01926,2024-06-20,Canada,Vancouver,45-54,Female
C01927,2024-08-31,USA,Los Angeles,35-44,Male
C01928,2024-07-09,Australia,Melbourne,45-54,Female
C01929,2024-06-27,USA,Chicago,35-44,Female
C01930,2024-08-30,USA,Phoenix,25-34,Female
C01931,2024-05-18,USA,New York,18-24,Female
C01932,2024-04-17,UK,Manchester,25-34,Female
C01933,2024-05-30,USA,Los Angeles,25-34,Female
C01934,2024-07-09,USA,Chicago,18-24,Male
C01935,2024-07-05,Canada,Montreal,25-34,Male
C01936,2024-02-09,USA,Houston,35-44,Male
C01937,2024-08-14,Canada,Montreal,35-44,Female
C01938,2024-04-16,Canada,Toronto,55+,Male
C01939,2024-06-16,UK,Manchester,55+,Female
C01940,2024-01-26,USA,New York,35-44,Male
C01941,2024-08-01,USA,Los Angeles,25-34,Female
C01942,2024-05-05,Australia,Sydney,35-44,Male
C01943,2024-06-06,UK,Birmingham,45-54,Female
C01944,2024-04-14,Germany,Munich,18-24,Female
C01945,2024-08-28,USA,Los Angeles,25-34,Male
C01946,2024-08-31,Germany,Berlin,45-54,Male
C01947,2024-03-12,UK,London,25-34,Female
C01948,2024-01-09,Australia,Sydney,35-44,Female
C01949,2024-06-25,USA,Los Angeles,35-44,Male
C01950,2024-04-04,UK,Birmingham,25-34,Female
C01951,2024-02-25,USA,Los Angeles,25-34,Female
C01952,2024-04-23,USA,Chicago,25-34,Female
C01953,2024-04-23,UK,London,18-24,Male
C01954,2024-08-31,USA,Chicago,18-24,Male
C01955,2024-03-01,Australia,Sydney,45-54,Female
C01956,2024-08-06,Australia,Melbourne,25-34,Female
C01957,2024-04-02,USA,Houston,35-44,Female
C01958,2024-01-26,USA,Houston,25-34,Male
C01959,2024-06-24,UK,London,55+,Male
C01960,2024-04-04,UK,Manchester,25-34,Male
C01961,2024-05-19,Germany,Berlin,25-34,Male
C01962,2024-08-18,USA,Phoenix,45-54,Male
C01963,2024-09-07,USA,Los Angeles,45-54,Male
C01964,2024-06-14,UK,London,25-34,Female
C01965,2024-04-01,Australia,Melbourne,45-54,Male
C01966,2024-01-16,Germany,Munich,25-34,Female
C01967,2024-04-11,Australia,Sydney,25-34,Female
C01968,2024-03-11,Germany,Berlin,18-24,Female
C01969,2024-02-18,USA,Houston,18-24,Male
C01970,2024-09-04,Canada,Montreal,35-44,Female
C01971,2024-02-01,Canada,Montreal,25-34,Female
C01972,2024-08-30,USA,Phoenix,25-34,Female
C01973,2024-08-05,USA,New York,35-44,Female
C01974,2024-07-29,Canada,Vancouver,45-54,Female
C01975,2024-04-26,Canada,Toronto,25-34,Female
C01976,2024-01-24,USA,New York,35-44,Male
C01977,2024-06-18,Canada,Vancouver,18-24,Female
C01978,2024-02-24,Canada,Toronto,45-54,Male
C01979,2024-06-13,USA,Phoenix,35-44,Female
C01980,2024-06-12,UK,Manchester,55+,Male
C01981,2024-06-01,UK,London,18-24,Male
C01982,2024-09-05,Australia,Melbourne,18-24,Female
C01983,2024-01-06,USA,New York,25-34,Female
C01984,2024-01-13,Canada,Toronto,25-34,Male
C01985,2024-07-20,Australia,Melbourne,25-34,Male
C01986,2024-03-26,USA,Chicago,55+,Female
C01987,2024-03-03,Germany,Munich,25-34,Male
C01988,2024-02-02,UK,London,25-34,Female
C01989,2024-07-20,Canada,Toronto,45-54,Male
C01990,2024-05-24,Canada,Vancouver,25-34,Female
C01991,2024-02-22,UK,Birmingham,45-54,Female
C01992,2024-01-18,Germany,Munich,18-24,Male
C01993,2024-07-31,USA,Los Angeles,25-34,Male
C01994,2024-07-14,USA,Houston,18-24,Male
C01995,2024-05-21,Germany,Berlin,18-24,Female
C01996,2024-02-23,USA,Chicago,55+,Female
C01997,2024-05-30,USA,Houston,18-24,Female
C01998,2024-02-25,Australia,Sydney,35-44,Male
C01999,2024-07-27,USA,Los Angeles,25-34,Male
C02000,2024-08-10,Canada,Toronto,25-34,Male
C02001,2024-02-29,Australia,Melbourne,45-54,Male
C02002,2024-03-25,UK,Birmingham,18-24,Female
C02003,2024-07-17,UK,Birmingham,35-44,Female
C02004,2024-02-07,UK,London,55+,Female
C02005,2024-07-20,UK,London,35-44,Male
C02006,2024-08-18,Australia,Sydney,55+,Female
C02007,2024-06-01,USA,Phoenix,18-24,Female
C02008,2024-01-01,USA,Chicago,25-34,Female
C02009,2024-03-11,USA,Chicago,25-34,Female
C02010,2024-08-07,Canada,Vancouver,35-44,Male
C02011,2024-02-07,USA,Houston,55+,Male
C02012,2024-02-03,USA,Los Angeles,25-34,Female
C02013,2024-05-18,Canada,Toronto,35-44,Male
C02014,2024-03-05,Canada,Vancouver,25-34,Male
C02015,2024-07-23,Canada,Montreal,35-44,Female
C02016,2024-02-14,Australia,Melbourne,25-34,Female
C02017,2024-01-29,Canada,Vancouver,55+,Female
C02018,2024-06-18,USA,Chicago,35-44,Male
C02019,2024-08-09,Australia,Sydney,25-34,Male
C02020,2024-01-07,Australia,Melbourne,18-24,Female
C02021,2024-02-03,USA,New York,25-34,Female
C02022,2024-01-04,Germany,Munich,25-34,Female
C02023,2024-04-01,Germany,Munich,25-34,Female
C02024,2024-07-21,Canada,Toronto,45-54,Female
C02025,2024-07-20,Germany,Munich,35-44,Female
C02026,2024-03-01,USA,Los Angeles,35-44,Male
C02027,2024-05-30,USA,Los Angeles,18-24,Female
C02028,2024-03-23,Canada,Vancouver,45-54,Female
C02029,2024-01-05,Canada,Vancouver,35-44,Female
C02030,2024-02-14,Canada,Montreal,18-24,Female
C02031,2024-03-08,USA,Los Angeles,35-44,Female
C02032,2024-01-14,Australia,Sydney,35-44,Male
C02033,2024-02-02,UK,Birmingham,18-24,Female
C02034,2024-07-08,USA,Houston,25-34,Male
C02035,2024-04-17,Canada,Montreal,25-34,Female
C02036,2024-05-14,USA,Phoenix,25-34,Male
C02037,2024-01-30,Australia,Sydney,55+,Male
C02038,2024-07-09,Germany,Munich,45-54,Male
C02039,2024-01-17,Australia,Sydney,35-44,Female
C02040,2024-05-01,USA,Phoenix,25-34,Male
C02041,2024-04-24,UK,London,25-34,Male
C02042,2024-07-18,UK,Manchester,35-44,Female
C02043,2024-04-02,USA,Chicago,35-44,Male
C02044,2024-05-11,USA,Phoenix,18-24,Female
C02045,2024-05-31,UK,Manchester,35-44,Female
C02046,2024-01-28,Canada,Vancouver,45-54,Female
C02047,2024-04-25,Canada,Montreal,25-34,Male
C02048,2024-05-08,USA,Los Angeles,18-24,Female
C02049,2024-02-26,Canada,Toronto,45-54,Male
C02050,2024-08-30,Germany,Berlin,25-34,Male
C02051,2024-06-06,USA,Phoenix,25-34,Male
C02052,2024-01-12,UK,Birmingham,25-34,Female
C02053,2024-07-05,Germany,Berlin,25-34,Male
C02054,2024-07-19,UK,London,45-54,Female
C02055,2024-08-20,USA,Chicago,35-44,Female
C02056,2024-08-09,UK,Birmingham,25-34,Female
C02057,2024-06-17,Germany,Berlin,45-54,Male
C02058,2024-05-13,Germany,Munich,45-54,Female
C02059,2024-03-18,Canada,Toronto,45-54,Female
C02060,2024-04-27,UK,Birmingham,25-34,Female
C02061,2024-06-13,UK,Birmingham,25-34,Male
C02062,2024-09-03,Canada,Toronto,55+,Female
C02063,2024-01-08,Canada,Vancouver,45-54,Male
C02064,2024-01-16,USA,New York,18-24,Male
C02065,2024-05-02,Australia,Sydney,18-24,Male
C02066,2024-08-04,UK,London,25-34,Female
C02067,2024-04-12,Australia,Melbourne,55+,Male
C02068,2024-04-19,USA,Los Angeles,35-44,Male
C02069,2024-06-24,USA,New York,25-34,Female
C02070,2024-01-28,Canada,Vancouver,18-24,Female
C02071,2024-05-05,USA,Houston,35-44,Male
C02072,2024-07-01,USA,Houston,45-54,Female
C02073,2024-08-20,USA,Chicago,25-34,Male
C02074,2024-04-23,USA,Houston,45-54,Male
C02075,2024-01-19,USA,Chicago,55+,Male
C02076,2024-08-18,Germany,Berlin,25-34,Female
C02077,2024-01-21,USA,Los Angeles,35-44,Male
C02078,2024-03-23,Australia,Sydney,25-34,Male
C02079,2024-06-04,UK,London,45-54,Male
C02080,2024-02-07,Canada,Toronto,35-44,Female
C02081,2024-01-17,USA,New York,35-44,Male
C02082,2024-02-02,Canada,Montreal,45-54,Male
C02083,2024-03-11,Australia,Melbourne,25-34,Male
C02084,2024-06-08,Canada,Montreal,55+,Male
C02085,2024-06-11,Australia,Sydney,35-44,Female
C02086,2024-05-29,UK,Birmingham,25-34,Female
C02087,2024-05-20,UK,London,35-44,Male
C02088,2024-07-01,Australia,Sydney,45-54,Male
C02089,2024-03-24,UK,Birmingham,25-34,Male
C02090,2024-04-07,USA,New York,45-54,Male
C02091,2024-06-01,Canada,Vancouver,55+,Male
C02092,2024-05-15,Canada,Toronto,25-34,Female
C02093,2024-03-16,Canada,Montreal,55+,Female
C02094,2024-04-26,Canada,Vancouver,18-24,Female
C02095,2024-05-09,USA,Los Angeles,25-34,Female
C02096,2024-06-03,USA,Phoenix,25-34,Female
C02097,2024-04-20,USA,Phoenix,45-54,Female
C02098,2024-01-26,USA,Houston,35-44,Male
C02099,2024-07-22,USA,Chicago,25-34,Female
C02100,2024-06-28,Canada,Toronto,25-34,Male
C02101,2024-01-30,Germany,Munich,35-44,Female
C02102,2024-08-06,USA,Houston,18-24,Female
C02103,2024-06-16,Australia,Melbourne,45-54,Male
C02104,2024-06-15,USA,Los Angeles,45-54,Male
C02105,2024-08-12,Canada,Toronto,35-44,Female
C02106,2024-07-15,UK,London,55+,Male
C02107,2024-05-21,UK,London,25-34,Female
C02108,2024-07-03,Canada,Toronto,55+,Female
C02109,2024-08-09,Canada,Vancouver,35-44,Female
C02110,2024-02-25,Australia,Sydney,35-44,Female
C02111,2024-04-20,Germany,Munich,25-34,Male
C02112,2024-04-25,Canada,Vancouver,45-54,Male
C02113,2024-08-15,Canada,Toronto,25-34,Female
C02114,2024-02-28,Canada,Montreal,25-34,Female
C02115,2024-04-15,USA,Los Angeles,18-24,Female
C02116,2024-03-27,USA,Los Angeles,35-44,Male
C02117,2024-07-30,Australia,Sydney,35-44,Male
C02118,2024-04-26,UK,London,35-44,Female
C02119,2024-04-12,Australia,Melbourne,45-54,Male
C02120,2024-04-16,Germany,Munich,18-24,Female
C02121,2024-07-05,USA,Chicago,35-44,Male
C02122,2024-01-25,USA,Houston,25-34,Female
C02123,2024-03-21,USA,Los Angeles,45-54,Female
C02124,2024-04-19,USA,Houston,45-54,Female
C02125,2024-03-21,Germany,Munich,35-44,Male
C02126,2024-06-19,UK,London,35-44,Female
C02127,2024-03-06,USA,Phoenix,25-34,Female
C02128,2024-04-05,UK,Birmingham,25-34,Male
C02129,2024-09-01,Canada,Vancouver,45-54,Female
C02130,2024-02-09,Canada,Montreal,25-34,Female
C02131,2024-06-24,USA,Chicago,25-34,Female
C02132,2024-08-24,USA,Houston,25-34,Female
C02133,2024-05-01,Canada,Montreal,45-54,Male
C02134,2024-01-18,Australia,Sydney,25-34,Male
C02135,2024-01-24,Canada,Montreal,25-34,Male
C02136,2024-07-31,Australia,Sydney,35-44,Female
C02137,2024-01-22,USA,Houston,45-54,Female
C02138,2024-01-24,USA,Houston,18-24,Female
C02139,2024-04-20,USA,New York,25-34,Male
C02140,2024-01-25,Australia,Sydney,18-24,Male
C02141,2024-07-09,USA,Phoenix,25-34,Female
C02142,2024-07-08,Australia,Melbourne,25-34,Male
C02143,2024-04-05,USA,New York,35-44,Male
C02144,2024-07-26,USA,Phoenix,35-44,Female
C02145,2024-02-03,UK,Manchester,35-44,Male
C02146,2024-05-22,UK,Birmingham,25-34,Male
C02147,2024-01-16,Canada,Montreal,45-54,Male
C02148,2024-05-30,Canada,Toronto,25-34,Male
C02149,2024-09-01,Australia,Sydney,55+,Other
C02150,2024-05-23,Germany,Munich,35-44,Male
C02151,2024-05-23,Australia,Melbourne,18-24,Male
C02152,2024-03-25,USA,Houston,35-44,Male
C02153,2024-06-20,USA,Chicago,25-34,Female
C02154,2024-02-01,UK,Manchester,35-44,Male
C02155,2024-04-15,USA,Houston,18-24,Female
C02156,2024-03-31,Australia,Sydney,25-34,Male
C02157,2024-08-11,Australia,Melbourne,45-54,Male
C02158,2024-06-19,Germany,Munich,25-34,Male
C02159,2024-08-28,USA,Phoenix,45-54,Female
C02160,2024-07-11,Australia,Sydney,25-34,Female
C02161,2024-04-18,Germany,Berlin,35-44,Male
C02162,2024-08-10,USA,Houston,35-44,Female
C02163,2024-08-22,Australia,Melbourne,35-44,Female
C02164,2024-07-03,Germany,Berlin,25-34,Male
C02165,2024-01-14,USA,Phoenix,25-34,Female
C02166,2024-09-04,UK,London,18-24,Male
C02167,2024-03-14,Australia,Sydney,25-34,Female
C02168,2024-06-02,UK,Birmingham,35-44,Female
C02169,2024-03-20,USA,Phoenix,55+,Female
C02170,2024-03-31,Canada,Toronto,45-54,Female
C02171,2024-01-27,USA,Houston,45-54,Male
C02172,2024-05-27,USA,Houston,45-54,Female
C02173,2024-05-09,Australia,Melbourne,35-44,Male
C02174,2024-02-24,Canada,Vancouver,25-34,Male
C02175,2024-02-09,Canada,Toronto,55+,Female
C02176,2024-06-17,USA,Los Angeles,35-44,Female
C02177,2024-05-03,UK,Manchester,35-44,Female
C02178,2024-02-27,UK,Birmingham,18-24,Male
C02179,2024-08-04,Canada,Montreal,25-34,Female
C02180,2024-01-28,UK,London,25-34,Female
C02181,2024-03-30,USA,Houston,45-54,Male
C02182,2024-08-04,UK,London,35-44,Male
C02183,2024-05-22,Germany,Munich,25-34,Male
C02184,2024-04-04,Canada,Vancouver,55+,Male
C02185,2024-01-30,USA,Los Angeles,18-24,Other
C02186,2024-07-14,UK,Birmingham,25-34,Female
C02187,2024-03-12,USA,New York,18-24,Female
C02188,2024-05-26,USA,New York,35-44,Female
C02189,2024-02-27,Australia,Sydney,55+,Male
C02190,2024-07-25,USA,Houston,25-34,Female
C02191,2024-04-19,Germany,Munich,45-54,Male
C02192,2024-08-04,Canada,Toronto,25-34,Female
C02193,2024-05-23,Canada,Montreal,55+,Male
C02194,2024-09-06,Australia,Melbourne,45-54,Female
C02195,2024-07-15,USA,Phoenix,45-54,Male
C02196,2024-07-28,USA,Phoenix,18-24,Male
C02197,2024-06-08,Australia,Sydney,55+,Female
C02198,2024-06-06,Canada,Vancouver,35-44,Male
C02199,2024-06-21,USA,Phoenix,25-34,Female
C02200,2024-06-13,USA,Houston,45-54,Male
C02201,2024-05-22,Germany,Berlin,25-34,Female
C02202,2024-01-07,Germany,Berlin,45-54,Male
C02203,2024-06-04,USA,Chicago,18-24,Male
C02204,2024-08-25,USA,Phoenix,35-44,Male
C02205,2024-06-17,USA,Los Angeles,35-44,Male
C02206,2024-07-31,UK,London,18-24,Male
C02207,2024-06-26,UK,London,25-34,Male
C02208,2024-03-09,UK,London,18-24,Male
C02209,2024-01-08,Germany,Berlin,25-34,Male
C02210,2024-02-16,USA,Houston,25-34,Female
C02211,2024-03-10,USA,Chicago,35-44,Female
C02212,2024-06-28,Germany,Munich,25-34,Male
C02213,2024-07-14,Germany,Munich,25-34,Female
C02214,2024-03-20,USA,Chicago,35-44,Female
C02215,2024-08-23,Canada,Montreal,18-24,Male
C02216,2024-03-27,Australia,Sydney,55+,Female
C02217,2024-03-30,Germany,Berlin,45-54,Male
C02218,2024-01-02,Australia,Sydney,35-44,Female
C02219,2024-02-16,Australia,Sydney,35-44,Male
C02220,2024-08-10,Canada,Toronto,45-54,Female
C02221,2024-02-06,UK,Birmingham,25-34,Female
C02222,2024-05-24,USA,Chicago,18-24,Male
C02223,2024-06-17,UK,London,25-34,Male
C02224,2024-04-12,USA,Houston,45-54,Female
C02225,2024-01-18,UK,Manchester,18-24,Male
C02226,2024-02-06,Germany,Munich,35-44,Female
C02227,2024-07-08,Australia,Sydney,55+,Female
C02228,2024-06-11,UK,Birmingham,45-54,Female
C02229,2024-09-05,USA,Houston,35-44,Female
C02230,2024-01-08,Germany,Berlin,18-24,Female
C02231,2024-01-24,USA,Los Angeles,45-54,Female
C02232,2024-07-10,Canada,Montreal,35-44,Male
C02233,2024-05-15,UK,Birmingham,18-24,Male
C02234,2024-02-25,USA,Houston,18-24,Male
C02235,2024-04-06,Canada,Vancouver,55+,Female
C02236,2024-04-17,Canada,Vancouver,35-44,Female
C02237,2024-04-26,Germany,Munich,45-54,Male
C02238,2024-03-28,USA,New York,45-54,Female
C02239,2024-02-10,USA,Phoenix,35-44,Female
C02240,2024-04-04,USA,Phoenix,35-44,Male
C02241,2024-03-20,Australia,Sydney,25-34,Female
C02242,2024-07-03,Canada,Toronto,25-34,Male
C02243,2024-03-24,USA,Phoenix,25-34,Female
C02244,2024-07-17,UK,Manchester,45-54,Male
C02245,2024-08-29,USA,Phoenix,35-44,Female
C02246,2024-05-25,Germany,Berlin,45-54,Female
C02247,2024-06-01,UK,London,25-34,Male
C02248,2024-01-22,Germany,Berlin,35-44,Female
C02249,2024-08-14,USA,Los Angeles,35-44,Female
C02250,2024-01-14,Australia,Sydney,35-44,Male
C02251,2024-02-09,Germany,Munich,35-44,Male
C02252,2024-02-10,USA,New York,25-34,Female
C02253,2024-07-12,UK,London,35-44,Male
C02254,2024-06-07,USA,New York,18-24,Male
C02255,2024-01-13,Canada,Montreal,25-34,Male
C02256,2024-06-21,UK,Birmingham,25-34,Male
C02257,2024-01-21,USA,Phoenix,35-44,Female
C02258,2024-03-10,UK,Manchester,55+,Male
C02259,2024-04-23,USA,Chicago,35-44,Male
C02260,2024-06-18,USA,New York,35-44,Male
C02261,2024-04-18,Canada,Toronto,35-44,Male
C02262,2024-05-04,Australia,Sydney,35-44,Female
C02263,2024-06-04,USA,Houston,18-24,Male
C02264,2024-04-23,Australia,Sydney,25-34,Other
C02265,2024-04-16,Canada,Toronto,25-34,Female
C02266,2024-03-10,USA,Chicago,25-34,Male
C02267,2024-02-25,UK,Birmingham,18-24,Female
C02268,2024-07-12,UK,Birmingham,18-24,Male
C02269,2024-05-11,Canada,Montreal,25-34,Female
C02270,2024-01-30,UK,Birmingham,55+,Other
C02271,2024-03-29,Australia,Sydney,25-34,Male
C02272,2024-04-20,Australia,Melbourne,25-34,Male
C02273,2024-01-29,USA,Phoenix,25-34,Female
C02274,2024-03-13,Australia,Melbourne,35-44,Male
C02275,2024-06-22,Germany,Berlin,25-34,Male
C02276,2024-06-22,Canada,Toronto,25-34,Male
C02277,2024-05-31,Australia,Melbourne,35-44,Male
C02278,2024-05-04,Australia,Melbourne,18-24,Female
C02279,2024-05-14,USA,Chicago,18-24,Male
C02280,2024-06-19,USA,Houston,25-34,Male
C02281,2024-03-19,USA,New York,18-24,Female
C02282,2024-01-12,Germany,Munich,18-24,Male
C02283,2024-02-26,UK,Birmingham,25-34,Male
C02284,2024-04-11,USA,New York,45-54,Female
C02285,2024-06-02,USA,Chicago,35-44,Male
C02286,2024-01-15,Canada,Vancouver,35-44,Female
C02287,2024-01-02,UK,London,25-34,Female
C02288,2024-02-22,Canada,Toronto,55+,Male
C02289,2024-03-18,Germany,Munich,25-34,Female
C02290,2024-08-30,Australia,Melbourne,18-24,Male
C02291,2024-02-24,Germany,Munich,35-44,Male
C02292,2024-07-15,USA,Phoenix,18-24,Female
C02293,2024-02-05,UK,London,25-34,Female
C02294,2024-07-14,USA,Los Angeles,35-44,Male
C02295,2024-03-06,Australia,Sydney,45-54,Female
C02296,2024-03-15,Canada,Toronto,25-34,Female
C02297,2024-03-24,UK,Birmingham,35-44,Female
C02298,2024-01-31,Germany,Berlin,55+,Female
C02299,2024-01-02,Australia,Melbourne,18-24,Male
C02300,2024-05-07,Australia,Melbourne,25-34,Male
C02301,2024-07-10,USA,Houston,25-34,Female
C02302,2024-04-20,USA,Phoenix,25-34,Male
C02303,2024-02-14,USA,Chicago,25-34,Female
C02304,2024-02-03,Canada,Vancouver,55+,Male
C02305,2024-04-07,USA,Phoenix,35-44,Male
C02306,2024-05-16,UK,Birmingham,35-44,Male
C02307,2024-06-29,UK,Birmingham,25-34,Other
C02308,2024-02-28,USA,Chicago,45-54,Male
C02309,2024-05-08,USA,Los Angeles,55+,Female
C02310,2024-05-23,Australia,Melbourne,45-54,Male
C02311,2024-08-01,USA,Phoenix,18-24,Male
C02312,2024-06-20,USA,Houston,35-44,Male
C02313,2024-07-25,USA,Houston,18-24,Female
C02314,2024-03-31,Germany,Berlin,25-34,Male
C02315,2024-01-19,USA,Phoenix,18-24,Male
C02316,2024-04-11,Germany,Berlin,35-44,Male
C02317,2024-08-08,Germany,Munich,35-44,Male
C02318,2024-07-08,Canada,Toronto,18-24,Female
C02319,2024-01-11,UK,London,25-34,Female
C02320,2024-04-21,Australia,Sydney,25-34,Male
C02321,2024-01-05,Germany,Berlin,25-34,Female
C02322,2024-04-27,UK,Manchester,18-24,Female
C02323,2024-08-23,UK,Birmingham,25-34,Male
C02324,2024-01-20,Australia,Sydney,45-54,Female
C02325,2024-08-08,USA,Los Angeles,18-24,Female
C02326,2024-03-21,Canada,Montreal,18-24,Male
C02327,2024-05-27,USA,Houston,25-34,Male
C02328,2024-04-19,Canada,Vancouver,55+,Female
C02329,2024-05-26,USA,New York,35-44,Female
C02330,2024-04-13,Canada,Vancouver,35-44,Male
C02331,2024-06-30,Germany,Munich,25-34,Male
C02332,2024-06-12,UK,Birmingham,35-44,Male
C02333,2024-04-16,USA,Los Angeles,18-24,Female
C02334,2024-03-15,Canada,Toronto,35-44,Female
C02335,2024-01-30,Canada,Montreal,55+,Other
C02336,2024-04-13,USA,Los Angeles,35-44,Male
C02337,2024-01-06,UK,Birmingham,45-54,Female
C02338,2024-09-04,Canada,Vancouver,35-44,Female
C02339,2024-03-24,USA,Chicago,18-24,Male
C02340,2024-02-13,USA,New York,55+,Male
C02341,2024-07-24,USA,Chicago,18-24,Female
C02342,2024-08-30,USA,Chicago,35-44,Female
C02343,2024-06-07,Germany,Munich,18-24,Female
C02344,2024-04-27,UK,London,18-24,Female
C02345,2024-07-31,Germany,Berlin,25-34,Male
C02346,2024-06-25,Australia,Melbourne,25-34,Female
C02347,2024-08-23,UK,Manchester,25-34,Female
C02348,2024-04-02,Australia,Melbourne,35-44,Female
C02349,2024-01-23,Germany,Berlin,18-24,Other
C02350,2024-04-21,Australia,Sydney,18-24,Female
C02351,2024-08-04,UK,London,35-44,Male
C02352,2024-01-28,UK,Manchester,25-34,Female
C02353,2024-03-03,UK,Manchester,35-44,Male
C02354,2024-04-21,USA,Houston,35-44,Male
C02355,2024-05-30,USA,Houston,45-54,Male
C02356,2024-04-12,USA,New York,35-44,Male
C02357,2024-05-14,USA,Los Angeles,25-34,Female
C02358,2024-01-21,USA,Houston,35-44,Female
C02359,2024-04-11,Australia,Sydney,25-34,Female
C02360,2024-08-10,Australia,Melbourne,25-34,Female
C02361,2024-03-20,Canada,Montreal,45-54,Male
C02362,2024-07-09,USA,Chicago,25-34,Female
C02363,2024-03-27,USA,Houston,45-54,Male
C02364,2024-02-26,USA,Houston,45-54,Male
C02365,2024-03-26,USA,New York,45-54,Female
C02366,2024-07-18,UK,Birmingham,55+,Male
C02367,2024-02-13,UK,Manchester,25-34,Male
C02368,2024-01-20,UK,Birmingham,25-34,Female
C02369,2024-05-10,UK,Birmingham,35-44,Female
C02370,2024-06-11,USA,Chicago,25-34,Male
C02371,2024-01-30,Canada,Montreal,35-44,Female
C02372,2024-05-15,UK,Birmingham,35-44,Female
C02373,2024-05-10,Australia,Sydney,35-44,Female
C02374,2024-02-19,USA,Los Angeles,25-34,Male
C02375,2024-08-19,UK,Birmingham,25-34,Female
C02376,2024-07-17,USA,Chicago,25-34,Female
C02377,2024-03-30,UK,Manchester,18-24,Female
C02378,2024-03-30,USA,New York,45-54,Female
C02379,2024-07-05,Germany,Berlin,25-34,Male
C02380,2024-09-02,USA,Chicago,25-34,Male
C02381,2024-07-28,USA,New York,18-24,Male
C02382,2024-06-14,USA,Chicago,35-44,Male
C02383,2024-07-27,Australia,Melbourne,35-44,Female
C02384,2024-02-07,Canada,Montreal,25-34,Male
C02385,2024-03-01,USA,Phoenix,18-24,Female
C02386,2024-01-27,Germany,Berlin,25-34,Female
C02387,2024-02-07,Australia,Melbourne,25-34,Male
C02388,2024-03-06,Australia,Sydney,35-44,Male
C02389,2024-02-20,Canada,Montreal,35-44,Female
C02390,2024-02-14,USA,New York,25-34,Female
C02391,2024-06-03,USA,Chicago,25-34,Male
C02392,2024-02-09,Germany,Munich,55+,Male
C02393,2024-07-13,Germany,Berlin,25-34,Female
C02394,2024-07-13,UK,Manchester,35-44,Female
C02395,2024-06-16,USA,Houston,18-24,Male
C02396,2024-01-20,USA,New York,25-34,Female
C02397,2024-02-15,Australia,Melbourne,18-24,Male
C02398,2024-08-31,USA,Los Angeles,35-44,Male
C02399,2024-07-16,UK,Manchester,55+,Male
C02400,2024-06-09,UK,Manchester,25-34,Male
C02401,2024-05-06,Canada,Vancouver,18-24,Male
C02402,2024-04-28,USA,Los Angeles,18-24,Female
C02403,2024-07-12,Canada,Montreal,25-34,Male
C02404,2024-05-24,USA,Chicago,25-34,Male
C02405,2024-07-13,USA,Los Angeles,18-24,Male
C02406,2024-05-28,Germany,Berlin,45-54,Female
C02407,2024-04-24,USA,Chicago,25-34,Male
C02408,2024-06-23,USA,New York,25-34,Male
C02409,2024-08-24,UK,London,55+,Female
C02410,2024-08-13,Germany,Berlin,18-24,Other
C02411,2024-05-24,UK,Manchester,55+,Male
C02412,2024-06-13,Canada,Montreal,25-34,Female
C02413,2024-06-11,Australia,Sydney,45-54,Female
C02414,2024-06-08,Canada,Vancouver,35-44,Female
C02415,2024-03-23,USA,Phoenix,45-54,Male
C02416,2024-08-09,USA,Los Angeles,55+,Female
C02417,2024-09-05,UK,London,25-34,Male
C02418,2024-06-09,USA,Chicago,55+,Female
C02419,2024-03-21,Australia,Melbourne,25-34,Female
C02420,2024-02-08,Australia,Melbourne,25-34,Male
C02421,2024-04-22,USA,Chicago,25-34,Female
C02422,2024-01-18,USA,Los Angeles,35-44,Male
C02423,2024-04-30,USA,New York,25-34,Female
C02424,2024-04-23,USA,Phoenix,35-44,Male
C02425,2024-06-10,Germany,Berlin,35-44,Male
C02426,2024-03-18,Australia,Sydney,45-54,Male
C02427,2024-07-22,USA,New York,45-54,Female
C02428,2024-03-11,USA,Houston,25-34,Male
C02429,2024-05-31,USA,Houston,25-34,Male
C02430,2024-01-15,Germany,Berlin,25-34,Male
C02431,2024-03-31,UK,London,25-34,Female
C02432,2024-05-09,UK,Manchester,18-24,Female
C02433,2024-01-19,Canada,Toronto,25-34,Male
C02434,2024-03-20,Canada,Montreal,25-34,Male
C02435,2024-04-28,Canada,Montreal,55+,Male
C02436,2024-04-25,USA,New York,35-44,Male
C02437,2024-01-10,Canada,Vancouver,25-34,Male
C02438,2024-01-15,Canada,Vancouver,35-44,Female
C02439,2024-04-04,USA,New York,18-24,Male
C02440,2024-07-31,Germany,Berlin,25-34,Male
C02441,2024-03-14,Germany,Munich,35-44,Male
C02442,2024-01-20,USA,New York,25-34,Female
C02443,2024-06-14,USA,Phoenix,25-34,Female
C02444,2024-08-09,USA,Chicago,55+,Female
C02445,2024-09-07,USA,Los Angeles,45-54,Male
C02446,2024-08-06,Germany,Munich,35-44,Male
C02447,2024-01-24,Canada,Toronto,35-44,Male
C02448,2024-06-06,UK,London,35-44,Male
C02449,2024-06-01,Australia,Melbourne,25-34,Female
C02450,2024-05-09,USA,Chicago,25-34,Female
C02451,2024-04-08,USA,Phoenix,18-24,Female
C02452,2024-04-28,Germany,Munich,25-34,Female
C02453,2024-05-28,Germany,Munich,35-44,Male
C02454,2024-05-21,Germany,Berlin,25-34,Female
C02455,2024-09-01,Australia,Melbourne,55+,Male
C02456,2024-07-21,UK,London,55+,Male
C02457,2024-07-08,USA,Los Angeles,35-44,Female
C02458,2024-08-17,USA,Chicago,35-44,Male
C02459,2024-01-11,UK,London,45-54,Male
C02460,2024-04-25,USA,New York,18-24,Male
C02461,2024-08-20,USA,Phoenix,45-54,Female
C02462,2024-07-26,Germany,Berlin,18-24,Female
C02463,2024-05-26,Canada,Toronto,45-54,Male
C02464,2024-06-15,UK,Birmingham,25-34,Female
C02465,2024-02-18,Germany,Munich,45-54,Male
C02466,2024-03-23,Australia,Melbourne,55+,Male
C02467,2024-06-03,UK,Manchester,18-24,Female
C02468,2024-05-01,UK,London,25-34,Female
C02469,2024-05-08,USA,Chicago,55+,Other
C02470,2024-02-08,UK,Birmingham,25-34,Male
C02471,2024-09-02,Canada,Toronto,45-54,Female
C02472,2024-01-16,UK,London,35-44,Female
C02473,2024-04-25,USA,New York,25-34,Female
C02474,2024-01-27,UK,Manchester,25-34,Male
C02475,2024-07-26,USA,Phoenix,25-34,Female
C02476,2024-08-18,Germany,Munich,45-54,Female
C02477,2024-08-02,USA,Phoenix,25-34,Male
C02478,2024-03-28,USA,Houston,35-44,Male
C02479,2024-07-01,USA,New York,25-34,Male
C02480,2024-01-22,UK,London,35-44,Female
C02481,2024-05-09,Germany,Berlin,45-54,Female
C02482,2024-06-14,USA,Houston,55+,Female
C02483,2024-02-14,USA,New York,25-34,Female
C02484,2024-01-11,Canada,Toronto,45-54,Female
C02485,2024-03-04,Canada,Vancouver,45-54,Male
C02486,2024-06-30,Canada,Toronto,35-44,Male
C02487,2024-04-22,USA,New York,55+,Female
C02488,2024-04-22,Canada,Vancouver,25-34,Male
C02489,2024-05-14,USA,Houston,18-24,Male
C02490,2024-05-13,UK,London,45-54,Female
C02491,2024-06-05,UK,Birmingham,25-34,Male
C02492,2024-02-10,Germany,Munich,45-54,Male
C02493,2024-04-03,Canada,Montreal,45-54,Male
C02494,2024-04-05,UK,Manchester,18-24,Male
C02495,2024-08-22,USA,Chicago,45-54,Female
C02496,2024-03-13,USA,Chicago,25-34,Female
C02497,2024-04-09,USA,Los Angeles,35-44,Female
C02498,2024-04-14,UK,Birmingham,35-44,Male
C02499,2024-07-17,USA,Phoenix,55+,Female
C02500,2024-03-27,UK,London,18-24,Female
C02501,2024-06-22,USA,Houston,25-34,Female
C02502,2024-06-02,Canada,Montreal,35-44,Male
C02503,2024-01-14,Germany,Berlin,35-44,Female
C02504,2024-07-21,Australia,Sydney,35-44,Female
C02505,2024-06-10,Canada,Montreal,18-24,Female
C02506,2024-06-14,USA,Houston,25-34,Female
C02507,2024-03-26,Canada,Toronto,25-34,Male
C02508,2024-01-17,Australia,Melbourne,45-54,Female
C02509,2024-03-25,Canada,Vancouver,25-34,Male
C02510,2024-01-25,Australia,Melbourne,25-34,Female
C02511,2024-05-22,USA,Houston,55+,Male
C02512,2024-06-22,UK,London,18-24,Male
C02513,2024-04-08,Australia,Sydney,55+,Male
C02514,2024-03-13,Australia,Sydney,35-44,Female
C02515,2024-03-05,UK,Birmingham,45-54,Male
C02516,2024-07-04,UK,Manchester,25-34,Female
C02517,2024-08-06,Canada,Vancouver,18-24,Female
C02518,2024-06-17,Australia,Melbourne,35-44,Male
C02519,2024-09-03,UK,London,45-54,Male
C02520,2024-08-20,UK,Birmingham,35-44,Male
C02521,2024-06-03,Germany,Munich,18-24,Female
C02522,2024-08-11,Canada,Vancouver,45-54,Female
C02523,2024-02-08,Canada,Vancouver,45-54,Male
C02524,2024-03-26,UK,Manchester,35-44,Male
C02525,2024-01-21,UK,London,45-54,Female
C02526,2024-05-29,USA,New York,45-54,Female
C02527,2024-06-18,USA,Houston,35-44,Female
C02528,2024-02-06,USA,New York,18-24,Female
C02529,2024-08-22,UK,Manchester,25-34,Male
C02530,2024-03-30,Canada,Vancouver,18-24,Male
C02531,2024-03-20,USA,Houston,25-34,Male
C02532,2024-09-04,USA,Los Angeles,25-34,Male
C02533,2024-06-16,Germany,Munich,18-24,Male
C02534,2024-06-27,Australia,Melbourne,25-34,Male
C02535,2024-06-18,Australia,Sydney,18-24,Male
C02536,2024-04-10,USA,Phoenix,45-54,Female
C02537,2024-02-03,USA,New York,55+,Female
C02538,2024-06-01,Australia,Melbourne,18-24,Female
C02539,2024-06-30,UK,Birmingham,55+,Female
C02540,2024-08-28,Canada,Toronto,35-44,Male
C02541,2024-01-22,UK,Manchester,25-34,Female
C02542,2024-03-20,Australia,Sydney,18-24,Male
C02543,2024-05-23,Canada,Vancouver,35-44,Female
C02544,2024-04-06,USA,Phoenix,45-54,Male
C02545,2024-06-13,USA,Houston,35-44,Other
C02546,2024-07-21,USA,Houston,18-24,Male
C02547,2024-03-25,USA,Phoenix,18-24,Male
C02548,2024-07-27,Canada,Vancouver,25-34,Female
C02549,2024-02-02,USA,Los Angeles,25-34,Male
C02550,2024-06-20,USA,Phoenix,25-34,Female
C02551,2024-06-28,Canada,Toronto,25-34,Female
C02552,2024-07-31,Germany,Berlin,45-54,Female
C02553,2024-08-30,Australia,Melbourne,55+,Female
C02554,2024-07-08,Germany,Munich,25-34,Female
C02555,2024-06-24,Australia,Sydney,55+,Male
C02556,2024-08-21,USA,Chicago,25-34,Female
C02557,2024-05-14,Australia,Sydney,25-34,Female
C02558,2024-01-24,USA,Phoenix,25-34,Female
C02559,2024-06-14,Canada,Vancouver,35-44,Male
C02560,2024-06-20,Germany,Munich,55+,Female
C02561,2024-04-18,Australia,Melbourne,35-44,Other
C02562,2024-05-10,UK,Birmingham,25-34,Female
C02563,2024-04-02,UK,Birmingham,35-44,Male
C02564,2024-01-05,Germany,Berlin,18-24,Male
C02565,2024-04-02,Germany,Berlin,45-54,Male
C02566,2024-03-20,Germany,Berlin,35-44,Female
C02567,2024-02-16,USA,Phoenix,25-34,Female
C02568,2024-08-31,USA,Houston,35-44,Male
C02569,2024-02-24,USA,New York,35-44,Male
C02570,2024-03-28,Canada,Montreal,18-24,Male
C02571,2024-08-30,UK,Birmingham,35-44,Male
C02572,2024-07-15,Australia,Melbourne,25-34,Female
C02573,2024-05-04,Australia,Melbourne,35-44,Female
C02574,2024-02-19,Australia,Sydney,45-54,Male
C02575,2024-02-27,UK,Manchester,45-54,Female
C02576,2024-02-05,Germany,Berlin,35-44,Male
C02577,2024-02-09,Canada,Vancouver,35-44,Female
C02578,2024-01-20,USA,Houston,18-24,Male
C02579,2024-03-16,Australia,Sydney,45-54,Male
C02580,2024-08-04,Australia,Sydney,25-34,Male
C02581,2024-07-20,UK,Birmingham,25-34,Female
C02582,2024-01-26,Canada,Montreal,25-34,Female
C02583,2024-05-09,Canada,Vancouver,18-24,Female
C02584,2024-07-16,USA,Chicago,35-44,Male
C02585,2024-05-18,Canada,Vancouver,18-24,Male
C02586,2024-08-01,USA,New York,35-44,Male
C02587,2024-07-08,Germany,Berlin,25-34,Female
C02588,2024-08-14,Australia,Sydney,18-24,Male
C02589,2024-05-14,Germany,Berlin,35-44,Female
C02590,2024-01-10,UK,Birmingham,18-24,Female
C02591,2024-06-18,Canada,Montreal,25-34,Female
C02592,2024-03-27,USA,New York,35-44,Male
C02593,2024-08-12,USA,Los Angeles,18-24,Male
C02594,2024-07-15,UK,Birmingham,45-54,Male
C02595,2024-06-07,USA,Los Angeles,18-24,Female
C02596,2024-02-03,USA,Houston,25-34,Female
C02597,2024-06-01,USA,Phoenix,35-44,Male
C02598,2024-04-06,USA,Chicago,25-34,Male
C02599,2024-02-09,Canada,Vancouver,18-24,Female
C02600,2024-02-11,USA,Phoenix,25-34,Female
C02601,2024-02-16,USA,Phoenix,25-34,Male
C02602,2024-07-31,Canada,Vancouver,45-54,Female
C02603,2024-06-26,UK,London,25-34,Male
C02604,2024-07-16,USA,Los Angeles,45-54,Male
C02605,2024-06-08,UK,Birmingham,45-54,Female
C02606,2024-07-26,Germany,Munich,25-34,Female
C02607,2024-08-19,Canada,Vancouver,55+,Female
C02608,2024-02-12,USA,Phoenix,25-34,Male
C02609,2024-07-03,Australia,Melbourne,55+,Female
C02610,2024-04-22,USA,Houston,18-24,Male
C02611,2024-01-12,UK,Birmingham,35-44,Male
C02612,2024-04-15,Australia,Melbourne,25-34,Female
C02613,2024-04-03,USA,New York,25-34,Male
C02614,2024-06-22,Germany,Berlin,35-44,Female
C02615,2024-07-03,Australia,Melbourne,35-44,Female
C02616,2024-03-01,Germany,Berlin,18-24,Male
C02617,2024-09-05,Germany,Munich,25-34,Male
C02618,2024-04-23,UK,London,35-44,Male
C02619,2024-06-05,USA,Chicago,35-44,Male
C02620,2024-03-13,USA,Phoenix,55+,Female
C02621,2024-07-11,USA,New York,45-54,Female
C02622,2024-07-10,Canada,Toronto,55+,Male
C02623,2024-07-19,Australia,Melbourne,35-44,Male
C02624,2024-04-24,Germany,Berlin,25-34,Female
C02625,2024-02-29,USA,Chicago,18-24,Female
C02626,2024-05-16,Australia,Sydney,45-54,Male
C02627,2024-03-02,USA,Los Angeles,35-44,Male
C02628,2024-03-20,Germany,Munich,18-24,Female
C02629,2024-09-04,Canada,Montreal,25-34,Male
C02630,2024-07-26,Germany,Munich,55+,Male
C02631,2024-07-19,UK,Birmingham,35-44,Female
C02632,2024-04-30,USA,Chicago,25-34,Female
C02633,2024-08-19,UK,Birmingham,25-34,Female
C02634,2024-08-01,Australia,Melbourne,25-34,Female
C02635,2024-02-19,Canada,Vancouver,25-34,Female
C02636,2024-04-04,UK,Manchester,25-34,Male
C02637,2024-06-22,Canada,Vancouver,18-24,Male
C02638,2024-08-30,USA,Phoenix,45-54,Male
C02639,2024-05-26,UK,London,25-34,Male
C02640,2024-04-22,USA,Los Angeles,45-54,Female
C02641,2024-04-28,UK,Manchester,45-54,Female
C02642,2024-07-15,USA,Los Angeles,25-34,Female
C02643,2024-03-13,USA,Los Angeles,35-44,Female
C02644,2024-07-18,Australia,Melbourne,25-34,Male
C02645,2024-04-07,UK,Manchester,45-54,Male
C02646,2024-05-08,Australia,Melbourne,25-34,Female
C02647,2024-05-15,Canada,Toronto,35-44,Female
C02648,2024-04-17,UK,Manchester,35-44,Female
C02649,2024-09-04,Canada,Montreal,25-34,Female
C02650,2024-02-11,UK,London,18-24,Female
C02651,2024-07-28,USA,Los Angeles,35-44,Female
C02652,2024-02-21,Australia,Sydney,35-44,Male
C02653,2024-07-24,Canada,Toronto,25-34,Female
C02654,2024-06-03,Australia,Sydney,35-44,Female
C02655,2024-02-05,Germany,Berlin,25-34,Male
C02656,2024-08-11,Germany,Munich,35-44,Female
C02657,2024-03-05,Canada,Montreal,25-34,Male
C02658,2024-01-14,Australia,Melbourne,45-54,Female
C02659,2024-06-13,UK,London,25-34,Male
C02660,2024-05-03,USA,New York,25-34,Female
C02661,2024-08-11,Canada,Toronto,18-24,Male
C02662,2024-04-05,Canada,Montreal,18-24,Female
C02663,2024-05-21,Germany,Munich,35-44,Male
C02664,2024-08-27,USA,Houston,25-34,Male
C02665,2024-01-27,UK,Birmingham,45-54,Female
C02666,2024-07-01,USA,Phoenix,18-24,Female
C02667,2024-08-04,Australia,Melbourne,25-34,Male
C02668,2024-05-12,Australia,Sydney,25-34,Male
C02669,2024-08-05,USA,Houston,18-24,Female
C02670,2024-02-01,USA,Phoenix,18-24,Female
C02671,2024-03-13,USA,Houston,25-34,Female
C02672,2024-01-22,Australia,Melbourne,25-34,Male
C02673,2024-07-14,USA,Houston,25-34,Female
C02674,2024-02-11,Australia,Melbourne,35-44,Male
C02675,2024-03-10,Canada,Toronto,35-44,Male
C02676,2024-04-25,UK,London,18-24,Female
C02677,2024-08-19,Germany,Munich,25-34,Female
C02678,2024-05-11,Australia,Sydney,55+,Female
C02679,2024-02-07,Canada,Montreal,35-44,Male
C02680,2024-07-31,USA,Houston,35-44,Male
C02681,2024-04-21,USA,Los Angeles,25-34,Male
C02682,2024-01-24,Canada,Montreal,45-54,Other
C02683,2024-08-30,UK,Birmingham,45-54,Male
C02684,2024-08-21,Germany,Munich,35-44,Male
C02685,2024-02-26,Australia,Melbourne,55+,Male
C02686,2024-07-28,Canada,Montreal,18-24,Female
C02687,2024-04-25,USA,Phoenix,18-24,Male
C02688,2024-08-14,Canada,Vancouver,45-54,Female
C02689,2024-03-30,Canada,Toronto,45-54,Male
C02690,2024-08-26,USA,New York,18-24,Female
C02691,2024-01-07,Germany,Munich,25-34,Male
C02692,2024-04-16,UK,Birmingham,18-24,Female
C02693,2024-01-14,USA,Chicago,25-34,Female
C02694,2024-04-11,UK,London,45-54,Male
C02695,2024-05-08,Australia,Melbourne,35-44,Female
C02696,2024-04-05,USA,New York,25-34,Male
C02697,2024-03-01,USA,Los Angeles,25-34,Female
C02698,2024-04-08,UK,Birmingham,18-24,Female
C02699,2024-01-21,UK,Birmingham,25-34,Male
C02700,2024-04-05,USA,Phoenix,35-44,Male
C02701,2024-02-27,Canada,Vancouver,55+,Male
C02702,2024-01-08,Germany,Munich,45-54,Male
C02703,2024-03-22,USA,Phoenix,18-24,Male
C02704,2024-08-26,Germany,Berlin,45-54,Male
C02705,2024-01-26,Australia,Sydney,45-54,Male
C02706,2024-08-02,Canada,Toronto,45-54,Female
C02707,2024-07-01,Canada,Vancouver,25-34,Male
C02708,2024-06-15,Australia,Sydney,25-34,Male
C02709,2024-03-26,Germany,Munich,25-34,Female
C02710,2024-07-21,UK,Birmingham,18-24,Male
C02711,2024-02-07,UK,London,25-34,Male
C02712,2024-02-05,USA,Chicago,25-34,Male
C02713,2024-01-10,USA,Phoenix,25-34,Female
C02714,2024-03-14,USA,New York,35-44,Female
C02715,2024-08-22,USA,Houston,25-34,Male
C02716,2024-07-31,Australia,Melbourne,18-24,Female
C02717,2024-04-30,USA,Phoenix,55+,Female
C02718,2024-06-27,UK,Manchester,55+,Female
C02719,2024-07-31,USA,Phoenix,45-54,Female
C02720,2024-02-05,Australia,Melbourne,55+,Female
C02721,2024-07-13,USA,Houston,35-44,Male
C02722,2024-06-29,Australia,Melbourne,55+,Male
C02723,2024-04-30,USA,Chicago,18-24,Male
C02724,2024-04-24,USA,Chicago,25-34,Female
C02725,2024-06-06,UK,London,25-34,Female
C02726,2024-01-02,UK,London,25-34,Female
C02727,2024-08-19,Australia,Melbourne,18-24,Other
C02728,2024-01-21,UK,Birmingham,35-44,Male
C02729,2024-01-05,USA,Phoenix,45-54,Female
C02730,2024-03-06,Germany,Munich,35-44,Female
C02731,2024-02-25,UK,London,18-24,Female
C02732,2024-08-01,UK,Birmingham,45-54,Other
C02733,2024-02-08,Germany,Munich,35-44,Female
C02734,2024-05-20,UK,Birmingham,25-34,Male
C02735,2024-08-28,UK,London,35-44,Female
C02736,2024-07-05,Canada,Montreal,25-34,Male
C02737,2024-06-04,UK,London,25-34,Female
C02738,2024-05-15,USA,Chicago,55+,Female
C02739,2024-04-18,Germany,Berlin,25-34,Male
C02740,2024-01-29,UK,Manchester,25-34,Female
C02741,2024-07-17,Australia,Melbourne,45-54,Male
C02742,2024-03-14,Germany,Berlin,35-44,Male
C02743,2024-03-01,Canada,Toronto,18-24,Male
C02744,2024-03-18,Canada,Montreal,18-24,Female
C02745,2024-02-01,Australia,Sydney,18-24,Female
C02746,2024-01-13,Canada,Vancouver,35-44,Female
C02747,2024-03-02,USA,Chicago,25-34,Male
C02748,2024-04-17,USA,Los Angeles,18-24,Female
C02749,2024-06-12,UK,Birmingham,55+,Female
C02750,2024-07-22,USA,Chicago,35-44,Male
C02751,2024-06-08,Australia,Melbourne,25-34,Male
C02752,2024-04-27,Germany,Munich,35-44,Male
C02753,2024-01-17,USA,New York,35-44,Female
C02754,2024-01-29,USA,New York,18-24,Female
C02755,2024-08-02,USA,Phoenix,25-34,Female
C02756,2024-08-19,UK,London,45-54,Male
C02757,2024-05-07,USA,Phoenix,25-34,Female
C02758,2024-06-01,USA,Los Angeles,35-44,Male
C02759,2024-05-17,USA,Houston,25-34,Male
C02760,2024-01-05,UK,Manchester,18-24,Female
C02761,2024-06-10,USA,Los Angeles,25-34,Male
C02762,2024-05-11,Germany,Munich,25-34,Female
C02763,2024-05-27,UK,Birmingham,25-34,Male
C02764,2024-03-02,USA,Los Angeles,18-24,Female
C02765,2024-07-02,Australia,Melbourne,45-54,Male
C02766,2024-02-06,USA,Los Angeles,55+,Female
C02767,2024-03-15,Canada,Montreal,45-54,Male
C02768,2024-04-19,Germany,Berlin,45-54,Male
C02769,2024-01-01,USA,Chicago,25-34,Female
C02770,2024-06-06,UK,London,55+,Male
C02771,2024-03-31,Canada,Toronto,25-34,Female
C02772,2024-03-02,Canada,Montreal,55+,Other
C02773,2024-05-26,Germany,Berlin,55+,Male
C02774,2024-04-16,UK,Manchester,35-44,Male
C02775,2024-02-17,Australia,Melbourne,55+,Female
C02776,2024-06-19,USA,Houston,35-44,Female
C02777,2024-06-20,UK,London,25-34,Female
C02778,2024-01-22,Canada,Montreal,25-34,Female
C02779,2024-05-14,USA,Houston,35-44,Female
C02780,2024-09-06,Canada,Montreal,18-24,Male
C02781,2024-04-02,Germany,Berlin,35-44,Female
C02782,2024-01-18,UK,London,55+,Female
C02783,2024-09-01,USA,Phoenix,25-34,Male
C02784,2024-05-14,USA,Chicago,45-54,Male
C02785,2024-05-19,USA,New York,55+,Male
C02786,2024-05-09,UK,Birmingham,55+,Male
C02787,2024-07-20,USA,Chicago,55+,Female
C02788,2024-05-09,USA,New York,35-44,Male
C02789,2024-05-21,UK,London,55+,Male
C02790,2024-01-06,Australia,Sydney,45-54,Male
C02791,2024-04-09,Canada,Vancouver,25-34,Other
C02792,2024-08-11,Australia,Melbourne,25-34,Female
C02793,2024-04-30,Germany,Munich,35-44,Male
C02794,2024-01-12,Australia,Melbourne,25-34,Male
C02795,2024-06-11,Canada,Vancouver,35-44,Other
C02796,2024-04-09,USA,Phoenix,35-44,Female
C02797,2024-04-05,Canada,Toronto,25-34,Male
C02798,2024-03-05,USA,Houston,35-44,Male
C02799,2024-07-10,USA,Houston,45-54,Male
C02800,2024-01-05,USA,Houston,25-34,Male
C02801,2024-04-01,USA,Chicago,18-24,Female
C02802,2024-07-20,USA,Los Angeles,18-24,Female
C02803,2024-01-18,UK,Birmingham,25-34,Female
C02804,2024-03-29,Canada,Vancouver,55+,Female
C02805,2024-03-02,Canada,Toronto,25-34,Male
C02806,2024-07-06,Germany,Munich,35-44,Female
C02807,2024-06-17,UK,Manchester,25-34,Female
C02808,2024-06-09,USA,Houston,25-34,Male
C02809,2024-01-27,USA,Chicago,45-54,Male
C02810,2024-07-16,UK,Birmingham,35-44,Female
C02811,2024-05-28,USA,New York,18-24,Male
C02812,2024-07-07,UK,London,25-34,Male
C02813,2024-07-12,USA,Phoenix,18-24,Female
C02814,2024-03-26,USA,Chicago,25-34,Other
C02815,2024-02-04,Germany,Munich,35-44,Male
C02816,2024-01-12,Canada,Montreal,18-24,Female
C02817,2024-03-31,Canada,Montreal,25-34,Male
C02818,2024-05-19,Canada,Vancouver,25-34,Female
C02819,2024-03-27,UK,Manchester,55+,Female
C02820,2024-07-27,USA,Chicago,55+,Female
C02821,2024-06-13,USA,Chicago,18-24,Male
C02822,2024-02-14,USA,New York,45-54,Female
C02823,2024-07-31,USA,Chicago,25-34,Female
C02824,2024-07-18,USA,Phoenix,25-34,Male
C02825,2024-06-24,Canada,Vancouver,45-54,Male
C02826,2024-04-28,USA,Houston,55+,Male
C02827,2024-06-27,USA,Los Angeles,55+,Male
C02828,2024-05-02,UK,Birmingham,35-44,Female
C02829,2024-06-10,Germany,Berlin,25-34,Male
C02830,2024-02-16,USA,Phoenix,45-54,Male
C02831,2024-07-26,USA,Chicago,25-34,Female
C02832,2024-02-04,Australia,Sydney,35-44,Male
C02833,2024-01-17,UK,Manchester,25-34,Female
C02834,2024-07-02,UK,Birmingham,35-44,Male
C02835,2024-07-17,UK,London,25-34,Female
C02836,2024-08-29,Germany,Berlin,25-34,Female
C02837,2024-04-27,Canada,Toronto,55+,Female
C02838,2024-01-10,USA,New York,18-24,Male
C02839,2024-03-16,USA,Houston,35-44,Female
C02840,2024-02-21,Canada,Toronto,25-34,Male
C02841,2024-01-12,Canada,Montreal,18-24,Male
C02842,2024-07-21,UK,London,18-24,Male
C02843,2024-02-21,USA,Houston,25-34,Female
C02844,2024-08-14,UK,Manchester,45-54,Male
C02845,2024-01-11,Germany,Berlin,25-34,Female
C02846,2024-03-21,UK,Birmingham,55+,Male
C02847,2024-08-26,UK,Manchester,35-44,Male
C02848,2024-03-20,USA,Chicago,25-34,Female
C02849,2024-05-11,UK,London,35-44,Male
C02850,2024-04-11,USA,New York,35-44,Female
C02851,2024-07-27,USA,New York,45-54,Male
C02852,2024-05-19,UK,Birmingham,25-34,Female
C02853,2024-05-01,UK,London,25-34,Female
C02854,2024-03-05,USA,New York,45-54,Male
C02855,2024-01-10,USA,Phoenix,55+,Male
C02856,2024-07-11,Germany,Berlin,45-54,Female
C02857,2024-06-14,USA,Phoenix,25-34,Female
C02858,2024-02-18,Canada,Montreal,45-54,Male
C02859,2024-03-14,USA,New York,25-34,Male
C02860,2024-04-01,USA,New York,25-34,Female
C02861,2024-08-08,Australia,Sydney,25-34,Female
C02862,2024-07-18,Australia,Sydney,35-44,Male
C02863,2024-01-13,Canada,Vancouver,25-34,Female
C02864,2024-08-09,USA,Phoenix,25-34,Male
C02865,2024-06-16,USA,Los Angeles,45-54,Female
C02866,2024-03-25,Canada,Toronto,25-34,Male
C02867,2024-03-10,UK,Birmingham,18-24,Other
C02868,2024-02-01,Australia,Sydney,18-24,Female
C02869,2024-07-23,Canada,Vancouver,55+,Female
C02870,2024-04-04,UK,Manchester,35-44,Female
C02871,2024-04-21,Australia,Melbourne,25-34,Female
C02872,2024-08-15,Canada,Montreal,45-54,Female
C02873,2024-04-12,USA,New York,45-54,Male
C02874,2024-07-09,Canada,Montreal,25-34,Female
C02875,2024-04-22,USA,Houston,35-44,Female
C02876,2024-08-17,Germany,Munich,45-54,Female
C02877,2024-09-01,UK,Manchester,35-44,Male
C02878,2024-04-08,Germany,Munich,25-34,Male
C02879,2024-03-27,Canada,Vancouver,45-54,Male
C02880,2024-09-06,UK,London,35-44,Female
C02881,2024-02-17,Canada,Toronto,25-34,Male
C02882,2024-05-07,Canada,Vancouver,25-34,Female
C02883,2024-06-26,Germany,Berlin,18-24,Female
C02884,2024-05-07,Germany,Munich,18-24,Female
C02885,2024-04-04,UK,Manchester,45-54,Female
C02886,2024-08-24,Canada,Vancouver,18-24,Male
C02887,2024-07-23,Germany,Berlin,25-34,Male
C02888,2024-05-12,USA,Chicago,35-44,Male
C02889,2024-03-09,UK,Manchester,18-24,Female
C02890,2024-07-24,USA,Los Angeles,55+,Male
C02891,2024-01-22,USA,Houston,25-34,Female
C02892,2024-07-05,UK,London,25-34,Male
C02893,2024-04-18,Germany,Munich,25-34,Male
C02894,2024-01-21,Germany,Berlin,25-34,Male
C02895,2024-04-20,Australia,Melbourne,18-24,Female
C02896,2024-06-03,USA,Los Angeles,35-44,Female
C02897,2024-07-29,Canada,Montreal,55+,Male
C02898,2024-02-16,Canada,Vancouver,25-34,Female
C02899,2024-05-19,Germany,Berlin,35-44,Male
C02900,2024-03-16,Canada,Toronto,35-44,Other
C02901,2024-03-23,Australia,Melbourne,45-54,Female
C02902,2024-01-27,Canada,Toronto,25-34,Male
C02903,2024-01-21,Canada,Montreal,25-34,Female
C02904,2024-03-24,Canada,Montreal,25-34,Male
C02905,2024-06-18,USA,New York,35-44,Female
C02906,2024-03-16,USA,Houston,45-54,Male
C02907,2024-03-19,Australia,Melbourne,25-34,Female
C02908,2024-04-24,UK,London,25-34,Male
C02909,2024-06-03,USA,New York,55+,Female
C02910,2024-07-02,USA,New York,45-54,Female
C02911,2024-04-19,USA,New York,55+,Female
C02912,2024-02-12,Australia,Melbourne,45-54,Female
C02913,2024-06-25,USA,Houston,25-34,Female
C02914,2024-04-23,USA,New York,35-44,Male
C02915,2024-03-30,USA,Houston,35-44,Male
C02916,2024-04-24,UK,London,18-24,Male
C02917,2024-01-11,USA,New York,35-44,Other
C02918,2024-07-05,Canada,Toronto,35-44,Male
C02919,2024-08-10,UK,Birmingham,25-34,Female
C02920,2024-08-21,USA,Houston,45-54,Female
C02921,2024-03-31,Germany,Munich,35-44,Male
C02922,2024-06-06,Canada,Toronto,55+,Male
C02923,2024-04-21,USA,Chicago,18-24,Male
C02924,2024-03-11,Germany,Munich,25-34,Male
C02925,2024-06-12,Canada,Montreal,35-44,Male
C02926,2024-09-07,USA,New York,25-34,Male
C02927,2024-07-21,UK,Birmingham,35-44,Female
C02928,2024-08-30,Germany,Munich,45-54,Female
C02929,2024-01-15,Australia,Melbourne,18-24,Male
C02930,2024-01-20,Germany,Munich,35-44,Male
C02931,2024-06-20,Australia,Melbourne,35-44,Male
C02932,2024-06-12,USA,New York,25-34,Female
C02933,2024-04-13,USA,Phoenix,55+,Female
C02934,2024-04-03,UK,London,45-54,Male
C02935,2024-05-11,Canada,Toronto,35-44,Male
C02936,2024-07-24,UK,Manchester,35-44,Female
C02937,2024-07-10,Canada,Montreal,25-34,Female
C02938,2024-06-22,UK,Manchester,55+,Male
C02939,2024-02-10,Germany,Berlin,35-44,Female
C02940,2024-08-31,USA,Phoenix,35-44,Male
C02941,2024-01-08,Canada,Montreal,45-54,Male
C02942,2024-02-06,UK,Manchester,25-34,Female
C02943,2024-08-05,Germany,Munich,45-54,Female
C02944,2024-06-04,Germany,Munich,25-34,Male
C02945,2024-06-22,USA,Houston,25-34,Female
C02946,2024-07-19,Australia,Sydney,25-34,Male
C02947,2024-04-22,Australia,Sydney,55+,Female
C02948,2024-01-09,Canada,Vancouver,45-54,Female
C02949,2024-02-02,Canada,Montreal,35-44,Female
C02950,2024-01-18,Canada,Vancouver,35-44,Female
C02951,2024-03-01,Australia,Sydney,35-44,Male
C02952,2024-07-18,UK,Manchester,55+,Female
C02953,2024-06-14,USA,Chicago,25-34,Female
C02954,2024-04-03,UK,Birmingham,25-34,Female
C02955,2024-04-02,USA,Los Angeles,25-34,Male
C02956,2024-04-08,USA,Los Angeles,45-54,Female
C02957,2024-08-31,Canada,Montreal,35-44,Female
C02958,2024-05-25,Canada,Toronto,25-34,Male
C02959,2024-01-09,Canada,Vancouver,18-24,Female
C02960,2024-06-03,Australia,Sydney,45-54,Male
C02961,2024-02-09,USA,Chicago,18-24,Male
C02962,2024-06-22,Germany,Munich,35-44,Female
C02963,2024-04-25,USA,New York,55+,Female
C02964,2024-08-30,Canada,Montreal,25-34,Female
C02965,2024-04-04,Australia,Melbourne,25-34,Male
C02966,2024-04-05,USA,Houston,35-44,Female
C02967,2024-04-23,Australia,Sydney,45-54,Male
C02968,2024-07-14,USA,Houston,35-44,Male
C02969,2024-01-20,Germany,Berlin,55+,Male
C02970,2024-05-26,Canada,Toronto,18-24,Female
C02971,2024-02-05,Germany,Berlin,35-44,Female
C02972,2024-05-15,UK,London,35-44,Female
C02973,2024-04-03,Germany,Berlin,45-54,Female
C02974,2024-04-11,UK,Birmingham,25-34,Male
C02975,2024-03-21,USA,Phoenix,45-54,Female
C02976,2024-06-15,UK,London,35-44,Male
C02977,2024-03-12,Canada,Vancouver,25-34,Female
C02978,2024-03-04,UK,Manchester,18-24,Male
C02979,2024-09-02,Canada,Toronto,45-54,Female
C02980,2024-01-30,Canada,Montreal,25-34,Female
C02981,2024-01-07,UK,Birmingham,25-34,Female
C02982,2024-07-07,USA,Chicago,25-34,Female
C02983,2024-02-17,USA,Houston,45-54,Male
C02984,2024-05-07,USA,Phoenix,35-44,Female
C02985,2024-05-12,UK,Manchester,45-54,Male
C02986,2024-04-09,USA,New York,25-34,Female
C02987,2024-08-21,Canada,Toronto,35-44,Female
C02988,2024-05-23,Canada,Vancouver,35-44,Male
C02989,2024-01-31,Canada,Toronto,45-54,Female
C02990,2024-03-08,Australia,Melbourne,55+,Female
C02991,2024-07-17,UK,Birmingham,18-24,Male
C02992,2024-03-07,USA,New York,35-44,Female
C02993,2024-06-29,UK,Manchester,18-24,Male
C02994,2024-04-24,Germany,Berlin,35-44,Female
C02995,2024-02-24,Germany,Berlin,25-34,Female
C02996,2024-06-05,UK,Birmingham,25-34,Female
C02997,2024-03-14,Australia,Melbourne,25-34,Female
C02998,2024-06-26,USA,Phoenix,35-44,Male
C02999,2024-08-22,USA,Los Angeles,25-34,Female
C03000,2024-05-05,Australia,Sydney,35-44,Male
