Date,Sessions,PageViews,UniqueVisitors,BounceRate,AvgSessionDuration,Device,Source
2024-01-01,149,662,111,0.533,289,Desktop,Organic
2024-01-01,106,473,79,0.533,289,Desktop,Paid
2024-01-01,85,378,63,0.533,289,Desktop,Direct
2024-01-01,64,283,47,0.533,289,Desktop,Social
2024-01-01,21,94,15,0.533,289,Desktop,Email
2024-01-01,233,975,178,0.745,157,Mobile,Organic
2024-01-01,166,696,127,0.745,157,Mobile,Paid
2024-01-01,133,557,101,0.745,157,Mobile,Direct
2024-01-01,100,418,76,0.745,157,Mobile,Social
2024-01-01,33,139,25,0.745,157,Mobile,Email
2024-01-01,36,137,29,0.609,203,Tablet,Organic
2024-01-01,26,98,21,0.609,203,Tablet,Paid
2024-01-01,20,78,17,0.609,203,Tablet,Direct
2024-01-01,15,59,12,0.609,203,Tablet,Social
2024-01-01,5,19,4,0.609,203,Tablet,Email
2024-01-02,95,373,66,0.527,237,Desktop,Organic
2024-01-02,68,267,47,0.527,237,Desktop,Paid
2024-01-02,54,213,38,0.527,237,Desktop,Direct
2024-01-02,40,160,28,0.527,237,Desktop,Social
2024-01-02,13,53,9,0.527,237,Desktop,Email
2024-01-02,168,656,126,0.743,104,Mobile,Organic
2024-01-02,120,469,90,0.743,104,Mobile,Paid
2024-01-02,96,375,72,0.743,104,Mobile,Direct
2024-01-02,72,281,54,0.743,104,Mobile,Social
2024-01-02,24,93,18,0.743,104,Mobile,Email
2024-01-02,27,111,19,0.474,228,Tablet,Organic
2024-01-02,19,79,13,0.474,228,Tablet,Paid
2024-01-02,15,63,11,0.474,228,Tablet,Direct
2024-01-02,11,47,8,0.474,228,Tablet,Social
2024-01-02,3,15,2,0.474,228,Tablet,Email
2024-01-03,109,352,87,0.6,232,Desktop,Organic
2024-01-03,78,251,62,0.6,232,Desktop,Paid
2024-01-03,62,201,49,0.6,232,Desktop,Direct
2024-01-03,47,150,37,0.6,232,Desktop,Social
2024-01-03,15,50,12,0.6,232,Desktop,Email
2024-01-03,190,809,154,0.691,151,Mobile,Organic
2024-01-03,135,578,110,0.691,151,Mobile,Paid
2024-01-03,108,462,88,0.691,151,Mobile,Direct
2024-01-03,81,347,66,0.691,151,Mobile,Social
2024-01-03,27,115,22,0.691,151,Mobile,Email
2024-01-03,28,96,24,0.515,169,Tablet,Organic
2024-01-03,20,68,17,0.515,169,Tablet,Paid
2024-01-03,16,55,13,0.515,169,Tablet,Direct
2024-01-03,12,41,10,0.515,169,Tablet,Social
2024-01-03,4,13,3,0.515,169,Tablet,Email
2024-01-04,130,444,105,0.521,182,Desktop,Organic
2024-01-04,93,317,75,0.521,182,Desktop,Paid
2024-01-04,74,254,60,0.521,182,Desktop,Direct
2024-01-04,55,190,45,0.521,182,Desktop,Social
2024-01-04,18,63,15,0.521,182,Desktop,Email
2024-01-04,178,628,147,0.647,154,Mobile,Organic
2024-01-04,127,449,105,0.647,154,Mobile,Paid
2024-01-04,102,359,84,0.647,154,Mobile,Direct
2024-01-04,76,269,63,0.647,154,Mobile,Social
2024-01-04,25,89,21,0.647,154,Mobile,Email
2024-01-04,33,92,28,0.62,172,Tablet,Organic
2024-01-04,23,65,20,0.62,172,Tablet,Paid
2024-01-04,19,52,16,0.62,172,Tablet,Direct
2024-01-04,14,39,12,0.62,172,Tablet,Social
2024-01-04,4,13,4,0.62,172,Tablet,Email
2024-01-05,120,319,99,0.598,248,Desktop,Organic
2024-01-05,86,228,71,0.598,248,Desktop,Paid
2024-01-05,69,182,57,0.598,248,Desktop,Direct
2024-01-05,51,136,42,0.598,248,Desktop,Social
2024-01-05,17,45,14,0.598,248,Desktop,Email
2024-01-05,192,599,150,0.727,101,Mobile,Organic
2024-01-05,137,428,107,0.727,101,Mobile,Paid
2024-01-05,110,342,86,0.727,101,Mobile,Direct
2024-01-05,82,257,64,0.727,101,Mobile,Social
2024-01-05,27,85,21,0.727,101,Mobile,Email
2024-01-05,35,148,27,0.543,226,Tablet,Organic
2024-01-05,25,105,19,0.543,226,Tablet,Paid
2024-01-05,20,84,15,0.543,226,Tablet,Direct
2024-01-05,15,63,11,0.543,226,Tablet,Social
2024-01-05,5,21,3,0.543,226,Tablet,Email
2024-01-06,147,496,103,0.539,192,Desktop,Organic
2024-01-06,105,354,74,0.539,192,Desktop,Paid
2024-01-06,84,283,59,0.539,192,Desktop,Direct
2024-01-06,63,212,44,0.539,192,Desktop,Social
2024-01-06,21,70,14,0.539,192,Desktop,Email
2024-01-06,232,908,164,0.713,125,Mobile,Organic
2024-01-06,166,649,117,0.713,125,Mobile,Paid
2024-01-06,133,519,93,0.713,125,Mobile,Direct
2024-01-06,99,389,70,0.713,125,Mobile,Social
2024-01-06,33,129,23,0.713,125,Mobile,Email
2024-01-06,37,111,31,0.624,176,Tablet,Organic
2024-01-06,26,79,22,0.624,176,Tablet,Paid
2024-01-06,21,63,17,0.624,176,Tablet,Direct
2024-01-06,15,47,13,0.624,176,Tablet,Social
2024-01-06,5,15,4,0.624,176,Tablet,Email
2024-01-07,123,474,106,0.542,226,Desktop,Organic
2024-01-07,88,339,76,0.542,226,Desktop,Paid
2024-01-07,70,271,60,0.542,226,Desktop,Direct
2024-01-07,52,203,45,0.542,226,Desktop,Social
2024-01-07,17,67,15,0.542,226,Desktop,Email
2024-01-07,180,803,136,0.551,111,Mobile,Organic
2024-01-07,129,573,97,0.551,111,Mobile,Paid
2024-01-07,103,459,78,0.551,111,Mobile,Direct
2024-01-07,77,344,58,0.551,111,Mobile,Social
2024-01-07,25,114,19,0.551,111,Mobile,Email
2024-01-07,33,103,28,0.58,202,Tablet,Organic
2024-01-07,24,74,20,0.58,202,Tablet,Paid
2024-01-07,19,59,16,0.58,202,Tablet,Direct
2024-01-07,14,44,12,0.58,202,Tablet,Social
2024-01-07,4,14,4,0.58,202,Tablet,Email
2024-01-08,110,325,80,0.593,269,Desktop,Organic
2024-01-08,79,232,57,0.593,269,Desktop,Paid
2024-01-08,63,186,46,0.593,269,Desktop,Direct
2024-01-08,47,139,34,0.593,269,Desktop,Social
2024-01-08,15,46,11,0.593,269,Desktop,Email
2024-01-08,199,683,165,0.623,170,Mobile,Organic
2024-01-08,142,488,118,0.623,170,Mobile,Paid
2024-01-08,113,390,94,0.623,170,Mobile,Direct
2024-01-08,85,292,71,0.623,170,Mobile,Social
2024-01-08,28,97,23,0.623,170,Mobile,Email
2024-01-08,31,139,22,0.517,146,Tablet,Organic
2024-01-08,22,99,15,0.517,146,Tablet,Paid
2024-01-08,18,79,12,0.517,146,Tablet,Direct
2024-01-08,13,59,9,0.517,146,Tablet,Social
2024-01-08,4,19,3,0.517,146,Tablet,Email
2024-01-09,102,430,86,0.583,247,Desktop,Organic
2024-01-09,73,307,62,0.583,247,Desktop,Paid
2024-01-09,58,246,49,0.583,247,Desktop,Direct
2024-01-09,43,184,37,0.583,247,Desktop,Social
2024-01-09,14,61,12,0.583,247,Desktop,Email
2024-01-09,145,460,112,0.632,118,Mobile,Organic
2024-01-09,104,329,80,0.632,118,Mobile,Paid
2024-01-09,83,263,64,0.632,118,Mobile,Direct
2024-01-09,62,197,48,0.632,118,Mobile,Social
2024-01-09,20,65,16,0.632,118,Mobile,Email
2024-01-09,24,62,21,0.583,237,Tablet,Organic
2024-01-09,17,44,15,0.583,237,Tablet,Paid
2024-01-09,14,35,12,0.583,237,Tablet,Direct
2024-01-09,10,26,9,0.583,237,Tablet,Social
2024-01-09,3,8,3,0.583,237,Tablet,Email
2024-01-10,109,482,77,0.48,239,Desktop,Organic
2024-01-10,78,344,55,0.48,239,Desktop,Paid
2024-01-10,62,275,44,0.48,239,Desktop,Direct
2024-01-10,47,206,33,0.48,239,Desktop,Social
2024-01-10,15,68,11,0.48,239,Desktop,Email
2024-01-10,196,604,142,0.588,173,Mobile,Organic
2024-01-10,140,431,101,0.588,173,Mobile,Paid
2024-01-10,112,345,81,0.588,173,Mobile,Direct
2024-01-10,84,259,60,0.588,173,Mobile,Social
2024-01-10,28,86,20,0.588,173,Mobile,Email
2024-01-10,34,143,30,0.559,172,Tablet,Organic
2024-01-10,24,102,21,0.559,172,Tablet,Paid
2024-01-10,19,81,17,0.559,172,Tablet,Direct
2024-01-10,14,61,13,0.559,172,Tablet,Social
2024-01-10,4,20,4,0.559,172,Tablet,Email
2024-01-11,125,465,109,0.449,231,Desktop,Organic
2024-01-11,90,332,78,0.449,231,Desktop,Paid
2024-01-11,72,265,62,0.449,231,Desktop,Direct
2024-01-11,54,199,47,0.449,231,Desktop,Social
2024-01-11,18,66,15,0.449,231,Desktop,Email
2024-01-11,177,674,136,0.619,122,Mobile,Organic
2024-01-11,127,482,97,0.619,122,Mobile,Paid
2024-01-11,101,385,77,0.619,122,Mobile,Direct
2024-01-11,76,289,58,0.619,122,Mobile,Social
2024-01-11,25,96,19,0.619,122,Mobile,Email
2024-01-11,35,142,28,0.601,203,Tablet,Organic
2024-01-11,25,101,20,0.601,203,Tablet,Paid
2024-01-11,20,81,16,0.601,203,Tablet,Direct
2024-01-11,15,60,12,0.601,203,Tablet,Social
2024-01-11,5,20,4,0.601,203,Tablet,Email
2024-01-12,157,671,118,0.467,188,Desktop,Organic
2024-01-12,112,479,84,0.467,188,Desktop,Paid
2024-01-12,90,383,67,0.467,188,Desktop,Direct
2024-01-12,67,287,50,0.467,188,Desktop,Social
2024-01-12,22,95,16,0.467,188,Desktop,Email
2024-01-12,289,985,213,0.703,112,Mobile,Organic
2024-01-12,206,703,152,0.703,112,Mobile,Paid
2024-01-12,165,563,122,0.703,112,Mobile,Direct
2024-01-12,123,422,91,0.703,112,Mobile,Social
2024-01-12,41,140,30,0.703,112,Mobile,Email
2024-01-12,51,183,36,0.463,239,Tablet,Organic
2024-01-12,36,130,25,0.463,239,Tablet,Paid
2024-01-12,29,104,20,0.463,239,Tablet,Direct
2024-01-12,22,78,15,0.463,239,Tablet,Social
2024-01-12,7,26,5,0.463,239,Tablet,Email
2024-01-13,121,369,103,0.479,261,Desktop,Organic
2024-01-13,87,264,74,0.479,261,Desktop,Paid
2024-01-13,69,211,59,0.479,261,Desktop,Direct
2024-01-13,52,158,44,0.479,261,Desktop,Social
2024-01-13,17,52,14,0.479,261,Desktop,Email
2024-01-13,186,521,156,0.733,159,Mobile,Organic
2024-01-13,133,372,111,0.733,159,Mobile,Paid
2024-01-13,106,298,89,0.733,159,Mobile,Direct
2024-01-13,79,223,67,0.733,159,Mobile,Social
2024-01-13,26,74,22,0.733,159,Mobile,Email
2024-01-13,35,144,25,0.585,151,Tablet,Organic
2024-01-13,25,103,18,0.585,151,Tablet,Paid
2024-01-13,20,82,14,0.585,151,Tablet,Direct
2024-01-13,15,61,10,0.585,151,Tablet,Social
2024-01-13,5,20,3,0.585,151,Tablet,Email
2024-01-14,173,609,155,0.4,212,Desktop,Organic
2024-01-14,123,435,110,0.4,212,Desktop,Paid
2024-01-14,99,348,88,0.4,212,Desktop,Direct
2024-01-14,74,261,66,0.4,212,Desktop,Social
2024-01-14,24,87,22,0.4,212,Desktop,Email
2024-01-14,269,764,227,0.564,140,Mobile,Organic
2024-01-14,192,545,162,0.564,140,Mobile,Paid
2024-01-14,154,436,129,0.564,140,Mobile,Direct
2024-01-14,115,327,97,0.564,140,Mobile,Social
2024-01-14,38,109,32,0.564,140,Mobile,Email
2024-01-14,44,181,36,0.626,198,Tablet,Organic
2024-01-14,32,129,25,0.626,198,Tablet,Paid
2024-01-14,25,103,20,0.626,198,Tablet,Direct
2024-01-14,19,77,15,0.626,198,Tablet,Social
2024-01-14,6,25,5,0.626,198,Tablet,Email
2024-01-15,128,464,109,0.573,267,Desktop,Organic
2024-01-15,92,331,78,0.573,267,Desktop,Paid
2024-01-15,73,265,62,0.573,267,Desktop,Direct
2024-01-15,55,199,46,0.573,267,Desktop,Social
2024-01-15,18,66,15,0.573,267,Desktop,Email
2024-01-15,194,532,141,0.63,99,Mobile,Organic
2024-01-15,138,380,100,0.63,99,Mobile,Paid
2024-01-15,111,304,80,0.63,99,Mobile,Direct
2024-01-15,83,228,60,0.63,99,Mobile,Social
2024-01-15,27,76,20,0.63,99,Mobile,Email
2024-01-15,35,130,24,0.453,222,Tablet,Organic
2024-01-15,25,93,17,0.453,222,Tablet,Paid
2024-01-15,20,74,14,0.453,222,Tablet,Direct
2024-01-15,15,55,10,0.453,222,Tablet,Social
2024-01-15,5,18,3,0.453,222,Tablet,Email
2024-01-16,118,501,90,0.531,298,Desktop,Organic
2024-01-16,84,358,64,0.531,298,Desktop,Paid
2024-01-16,67,286,51,0.531,298,Desktop,Direct
2024-01-16,50,215,38,0.531,298,Desktop,Social
2024-01-16,16,71,12,0.531,298,Desktop,Email
2024-01-16,165,454,116,0.593,154,Mobile,Organic
2024-01-16,118,324,83,0.593,154,Mobile,Paid
2024-01-16,94,259,66,0.593,154,Mobile,Direct
2024-01-16,71,194,49,0.593,154,Mobile,Social
2024-01-16,23,64,16,0.593,154,Mobile,Email
2024-01-16,29,133,23,0.598,203,Tablet,Organic
2024-01-16,21,95,17,0.598,203,Tablet,Paid
2024-01-16,17,76,13,0.598,203,Tablet,Direct
2024-01-16,12,57,10,0.598,203,Tablet,Social
2024-01-16,4,19,3,0.598,203,Tablet,Email
2024-01-17,138,544,106,0.528,266,Desktop,Organic
2024-01-17,99,389,76,0.528,266,Desktop,Paid
2024-01-17,79,311,60,0.528,266,Desktop,Direct
2024-01-17,59,233,45,0.528,266,Desktop,Social
2024-01-17,19,77,15,0.528,266,Desktop,Email
2024-01-17,205,846,168,0.558,106,Mobile,Organic
2024-01-17,146,604,120,0.558,106,Mobile,Paid
2024-01-17,117,483,96,0.558,106,Mobile,Direct
2024-01-17,88,362,72,0.558,106,Mobile,Social
2024-01-17,29,120,24,0.558,106,Mobile,Email
2024-01-17,33,98,23,0.532,169,Tablet,Organic
2024-01-17,23,70,16,0.532,169,Tablet,Paid
2024-01-17,19,56,13,0.532,169,Tablet,Direct
2024-01-17,14,42,10,0.532,169,Tablet,Social
2024-01-17,4,14,3,0.532,169,Tablet,Email
2024-01-18,82,310,60,0.591,214,Desktop,Organic
2024-01-18,58,221,43,0.591,214,Desktop,Paid
2024-01-18,47,177,34,0.591,214,Desktop,Direct
2024-01-18,35,132,25,0.591,214,Desktop,Social
2024-01-18,11,44,8,0.591,214,Desktop,Email
2024-01-18,137,468,108,0.602,135,Mobile,Organic
2024-01-18,98,334,77,0.602,135,Mobile,Paid
2024-01-18,78,267,61,0.602,135,Mobile,Direct
2024-01-18,59,200,46,0.602,135,Mobile,Social
2024-01-18,19,66,15,0.602,135,Mobile,Email
2024-01-18,23,90,19,0.563,223,Tablet,Organic
2024-01-18,16,64,14,0.563,223,Tablet,Paid
2024-01-18,13,51,11,0.563,223,Tablet,Direct
2024-01-18,10,38,8,0.563,223,Tablet,Social
2024-01-18,3,12,2,0.563,223,Tablet,Email
2024-01-19,128,528,105,0.565,274,Desktop,Organic
2024-01-19,91,377,75,0.565,274,Desktop,Paid
2024-01-19,73,302,60,0.565,274,Desktop,Direct
2024-01-19,55,226,45,0.565,274,Desktop,Social
2024-01-19,18,75,15,0.565,274,Desktop,Email
2024-01-19,194,835,163,0.67,166,Mobile,Organic
2024-01-19,138,597,117,0.67,166,Mobile,Paid
2024-01-19,111,477,93,0.67,166,Mobile,Direct
2024-01-19,83,358,70,0.67,166,Mobile,Social
2024-01-19,27,119,23,0.67,166,Mobile,Email
2024-01-19,36,152,26,0.499,129,Tablet,Organic
2024-01-19,25,108,18,0.499,129,Tablet,Paid
2024-01-19,20,87,15,0.499,129,Tablet,Direct
2024-01-19,15,65,11,0.499,129,Tablet,Social
2024-01-19,5,21,3,0.499,129,Tablet,Email
2024-01-20,178,791,137,0.543,284,Desktop,Organic
2024-01-20,127,565,98,0.543,284,Desktop,Paid
2024-01-20,102,452,78,0.543,284,Desktop,Direct
2024-01-20,76,339,58,0.543,284,Desktop,Social
2024-01-20,25,113,19,0.543,284,Desktop,Email
2024-01-20,303,994,241,0.722,136,Mobile,Organic
2024-01-20,216,710,172,0.722,136,Mobile,Paid
2024-01-20,173,568,138,0.722,136,Mobile,Direct
2024-01-20,129,426,103,0.722,136,Mobile,Social
2024-01-20,43,142,34,0.722,136,Mobile,Email
2024-01-20,47,121,42,0.575,221,Tablet,Organic
2024-01-20,34,87,30,0.575,221,Tablet,Paid
2024-01-20,27,69,24,0.575,221,Tablet,Direct
2024-01-20,20,52,18,0.575,221,Tablet,Social
2024-01-20,6,17,6,0.575,221,Tablet,Email
2024-01-21,165,663,125,0.42,212,Desktop,Organic
2024-01-21,118,473,89,0.42,212,Desktop,Paid
2024-01-21,94,379,71,0.42,212,Desktop,Direct
2024-01-21,70,284,53,0.42,212,Desktop,Social
2024-01-21,23,94,17,0.42,212,Desktop,Email
2024-01-21,233,762,203,0.691,140,Mobile,Organic
2024-01-21,166,544,145,0.691,140,Mobile,Paid
2024-01-21,133,435,116,0.691,140,Mobile,Direct
2024-01-21,99,326,87,0.691,140,Mobile,Social
2024-01-21,33,108,29,0.691,140,Mobile,Email
2024-01-21,44,183,32,0.475,147,Tablet,Organic
2024-01-21,32,130,23,0.475,147,Tablet,Paid
2024-01-21,25,104,18,0.475,147,Tablet,Direct
2024-01-21,19,78,13,0.475,147,Tablet,Social
2024-01-21,6,26,4,0.475,147,Tablet,Email
2024-01-22,95,376,85,0.583,226,Desktop,Organic
2024-01-22,68,268,60,0.583,226,Desktop,Paid
2024-01-22,54,215,48,0.583,226,Desktop,Direct
2024-01-22,40,161,36,0.583,226,Desktop,Social
2024-01-22,13,53,12,0.583,226,Desktop,Email
2024-01-22,143,413,103,0.594,167,Mobile,Organic
2024-01-22,102,295,73,0.594,167,Mobile,Paid
2024-01-22,82,236,59,0.594,167,Mobile,Direct
2024-01-22,61,177,44,0.594,167,Mobile,Social
2024-01-22,20,59,14,0.594,167,Mobile,Email
2024-01-22,27,115,23,0.548,158,Tablet,Organic
2024-01-22,19,82,16,0.548,158,Tablet,Paid
2024-01-22,15,66,13,0.548,158,Tablet,Direct
2024-01-22,11,49,10,0.548,158,Tablet,Social
2024-01-22,3,16,3,0.548,158,Tablet,Email
2024-01-23,103,324,82,0.515,217,Desktop,Organic
2024-01-23,73,232,59,0.515,217,Desktop,Paid
2024-01-23,59,185,47,0.515,217,Desktop,Direct
2024-01-23,44,139,35,0.515,217,Desktop,Social
2024-01-23,14,46,11,0.515,217,Desktop,Email
2024-01-23,196,695,151,0.677,173,Mobile,Organic
2024-01-23,140,496,108,0.677,173,Mobile,Paid
2024-01-23,112,397,86,0.677,173,Mobile,Direct
2024-01-23,84,298,65,0.677,173,Mobile,Social
2024-01-23,28,99,21,0.677,173,Mobile,Email
2024-01-23,35,134,27,0.556,187,Tablet,Organic
2024-01-23,25,96,19,0.556,187,Tablet,Paid
2024-01-23,20,77,15,0.556,187,Tablet,Direct
2024-01-23,15,57,11,0.556,187,Tablet,Social
2024-01-23,5,19,3,0.556,187,Tablet,Email
2024-01-24,108,365,84,0.476,203,Desktop,Organic
2024-01-24,77,260,60,0.476,203,Desktop,Paid
2024-01-24,62,208,48,0.476,203,Desktop,Direct
2024-01-24,46,156,36,0.476,203,Desktop,Social
2024-01-24,15,52,12,0.476,203,Desktop,Email
2024-01-24,177,770,138,0.578,131,Mobile,Organic
2024-01-24,127,550,99,0.578,131,Mobile,Paid
2024-01-24,101,440,79,0.578,131,Mobile,Direct
2024-01-24,76,330,59,0.578,131,Mobile,Social
2024-01-24,25,110,19,0.578,131,Mobile,Email
2024-01-24,34,95,26,0.497,216,Tablet,Organic
2024-01-24,24,68,19,0.497,216,Tablet,Paid
2024-01-24,19,54,15,0.497,216,Tablet,Direct
2024-01-24,14,40,11,0.497,216,Tablet,Social
2024-01-24,4,13,3,0.497,216,Tablet,Email
2024-01-25,98,349,80,0.521,270,Desktop,Organic
2024-01-25,70,249,57,0.521,270,Desktop,Paid
2024-01-25,56,199,46,0.521,270,Desktop,Direct
2024-01-25,42,149,34,0.521,270,Desktop,Social
2024-01-25,14,49,11,0.521,270,Desktop,Email
2024-01-25,157,499,141,0.717,163,Mobile,Organic
2024-01-25,112,356,100,0.717,163,Mobile,Paid
2024-01-25,89,285,80,0.717,163,Mobile,Direct
2024-01-25,67,214,60,0.717,163,Mobile,Social
2024-01-25,22,71,20,0.717,163,Mobile,Email
2024-01-25,31,79,27,0.607,218,Tablet,Organic
2024-01-25,22,57,19,0.607,218,Tablet,Paid
2024-01-25,17,45,15,0.607,218,Tablet,Direct
2024-01-25,13,34,11,0.607,218,Tablet,Social
2024-01-25,4,11,3,0.607,218,Tablet,Email
2024-01-26,173,734,138,0.536,183,Desktop,Organic
2024-01-26,124,524,99,0.536,183,Desktop,Paid
2024-01-26,99,419,79,0.536,183,Desktop,Direct
2024-01-26,74,314,59,0.536,183,Desktop,Social
2024-01-26,24,104,19,0.536,183,Desktop,Email
2024-01-26,280,865,244,0.554,157,Mobile,Organic
2024-01-26,200,618,174,0.554,157,Mobile,Paid
2024-01-26,160,494,139,0.554,157,Mobile,Direct
2024-01-26,120,370,104,0.554,157,Mobile,Social
2024-01-26,40,123,34,0.554,157,Mobile,Email
2024-01-26,56,206,42,0.495,163,Tablet,Organic
2024-01-26,40,147,30,0.495,163,Tablet,Paid
2024-01-26,32,118,24,0.495,163,Tablet,Direct
2024-01-26,24,88,18,0.495,163,Tablet,Social
2024-01-26,8,29,6,0.495,163,Tablet,Email
2024-01-27,129,491,108,0.524,183,Desktop,Organic
2024-01-27,92,351,77,0.524,183,Desktop,Paid
2024-01-27,74,280,62,0.524,183,Desktop,Direct
2024-01-27,55,210,46,0.524,183,Desktop,Social
2024-01-27,18,70,15,0.524,183,Desktop,Email
2024-01-27,178,786,151,0.575,137,Mobile,Organic
2024-01-27,127,562,108,0.575,137,Mobile,Paid
2024-01-27,102,449,86,0.575,137,Mobile,Direct
2024-01-27,76,337,64,0.575,137,Mobile,Social
2024-01-27,25,112,21,0.575,137,Mobile,Email
2024-01-27,36,146,32,0.621,196,Tablet,Organic
2024-01-27,26,104,23,0.621,196,Tablet,Paid
2024-01-27,21,83,18,0.621,196,Tablet,Direct
2024-01-27,15,62,13,0.621,196,Tablet,Social
2024-01-27,5,20,4,0.621,196,Tablet,Email
2024-01-28,163,650,129,0.529,196,Desktop,Organic
2024-01-28,116,464,92,0.529,196,Desktop,Paid
2024-01-28,93,371,74,0.529,196,Desktop,Direct
2024-01-28,69,278,55,0.529,196,Desktop,Social
2024-01-28,23,92,18,0.529,196,Desktop,Email
2024-01-28,233,1017,167,0.724,116,Mobile,Organic
2024-01-28,167,727,119,0.724,116,Mobile,Paid
2024-01-28,133,581,95,0.724,116,Mobile,Direct
2024-01-28,100,436,71,0.724,116,Mobile,Social
2024-01-28,33,145,23,0.724,116,Mobile,Email
2024-01-28,46,164,35,0.544,186,Tablet,Organic
2024-01-28,33,117,25,0.544,186,Tablet,Paid
2024-01-28,26,94,20,0.544,186,Tablet,Direct
2024-01-28,20,70,15,0.544,186,Tablet,Social
2024-01-28,6,23,5,0.544,186,Tablet,Email
2024-01-29,130,441,109,0.557,270,Desktop,Organic
2024-01-29,93,315,78,0.557,270,Desktop,Paid
2024-01-29,74,252,62,0.557,270,Desktop,Direct
2024-01-29,55,189,46,0.557,270,Desktop,Social
2024-01-29,18,63,15,0.557,270,Desktop,Email
2024-01-29,204,588,181,0.736,102,Mobile,Organic
2024-01-29,146,420,129,0.736,102,Mobile,Paid
2024-01-29,117,336,103,0.736,102,Mobile,Direct
2024-01-29,87,252,77,0.736,102,Mobile,Social
2024-01-29,29,84,25,0.736,102,Mobile,Email
2024-01-29,34,127,30,0.476,151,Tablet,Organic
2024-01-29,24,91,21,0.476,151,Tablet,Paid
2024-01-29,19,72,17,0.476,151,Tablet,Direct
2024-01-29,14,54,13,0.476,151,Tablet,Social
2024-01-29,4,18,4,0.476,151,Tablet,Email
2024-01-30,124,504,98,0.45,233,Desktop,Organic
2024-01-30,89,360,70,0.45,233,Desktop,Paid
2024-01-30,71,288,56,0.45,233,Desktop,Direct
2024-01-30,53,216,42,0.45,233,Desktop,Social
2024-01-30,17,72,14,0.45,233,Desktop,Email
2024-01-30,190,539,137,0.711,137,Mobile,Organic
2024-01-30,136,385,98,0.711,137,Mobile,Paid
2024-01-30,109,308,78,0.711,137,Mobile,Direct
2024-01-30,81,231,58,0.711,137,Mobile,Social
2024-01-30,27,77,19,0.711,137,Mobile,Email
2024-01-30,34,92,30,0.506,157,Tablet,Organic
2024-01-30,24,66,21,0.506,157,Tablet,Paid
2024-01-30,19,53,17,0.506,157,Tablet,Direct
2024-01-30,14,39,13,0.506,157,Tablet,Social
2024-01-30,4,13,4,0.506,157,Tablet,Email
2024-01-31,118,421,96,0.479,271,Desktop,Organic
2024-01-31,84,301,68,0.479,271,Desktop,Paid
2024-01-31,67,240,55,0.479,271,Desktop,Direct
2024-01-31,50,180,41,0.479,271,Desktop,Social
2024-01-31,16,60,13,0.479,271,Desktop,Email
2024-01-31,190,791,165,0.585,160,Mobile,Organic
2024-01-31,135,565,118,0.585,160,Mobile,Paid
2024-01-31,108,452,94,0.585,160,Mobile,Direct
2024-01-31,81,339,71,0.585,160,Mobile,Social
2024-01-31,27,113,23,0.585,160,Mobile,Email
2024-01-31,36,148,27,0.516,202,Tablet,Organic
2024-01-31,26,106,19,0.516,202,Tablet,Paid
2024-01-31,20,85,15,0.516,202,Tablet,Direct
2024-01-31,15,63,11,0.516,202,Tablet,Social
2024-01-31,5,21,3,0.516,202,Tablet,Email
2024-02-01,147,478,117,0.519,233,Desktop,Organic
2024-02-01,105,341,84,0.519,233,Desktop,Paid
2024-02-01,84,273,67,0.519,233,Desktop,Direct
2024-02-01,63,204,50,0.519,233,Desktop,Social
2024-02-01,21,68,16,0.519,233,Desktop,Email
2024-02-01,228,972,185,0.74,164,Mobile,Organic
2024-02-01,163,694,132,0.74,164,Mobile,Paid
2024-02-01,130,555,106,0.74,164,Mobile,Direct
2024-02-01,97,416,79,0.74,164,Mobile,Social
2024-02-01,32,138,26,0.74,164,Mobile,Email
2024-02-01,43,122,32,0.476,196,Tablet,Organic
2024-02-01,30,87,23,0.476,196,Tablet,Paid
2024-02-01,24,70,18,0.476,196,Tablet,Direct
2024-02-01,18,52,14,0.476,196,Tablet,Social
2024-02-01,6,17,4,0.476,196,Tablet,Email
2024-02-02,174,578,151,0.543,264,Desktop,Organic
2024-02-02,124,413,108,0.543,264,Desktop,Paid
2024-02-02,99,330,86,0.543,264,Desktop,Direct
2024-02-02,74,247,65,0.543,264,Desktop,Social
2024-02-02,24,82,21,0.543,264,Desktop,Email
2024-02-02,283,1248,221,0.747,148,Mobile,Organic
2024-02-02,202,892,158,0.747,148,Mobile,Paid
2024-02-02,162,713,126,0.747,148,Mobile,Direct
2024-02-02,121,535,95,0.747,148,Mobile,Social
2024-02-02,40,178,31,0.747,148,Mobile,Email
2024-02-02,52,212,41,0.602,182,Tablet,Organic
2024-02-02,37,152,29,0.602,182,Tablet,Paid
2024-02-02,29,121,23,0.602,182,Tablet,Direct
2024-02-02,22,91,17,0.602,182,Tablet,Social
2024-02-02,7,30,5,0.602,182,Tablet,Email
2024-02-03,190,505,141,0.515,254,Desktop,Organic
2024-02-03,136,361,101,0.515,254,Desktop,Paid
2024-02-03,108,289,81,0.515,254,Desktop,Direct
2024-02-03,81,216,60,0.515,254,Desktop,Social
2024-02-03,27,72,20,0.515,254,Desktop,Email
2024-02-03,273,1031,244,0.667,153,Mobile,Organic
2024-02-03,195,736,174,0.667,153,Mobile,Paid
2024-02-03,156,589,139,0.667,153,Mobile,Direct
2024-02-03,117,442,104,0.667,153,Mobile,Social
2024-02-03,39,147,34,0.667,153,Mobile,Email
2024-02-03,47,185,36,0.538,147,Tablet,Organic
2024-02-03,33,132,25,0.538,147,Tablet,Paid
2024-02-03,27,105,20,0.538,147,Tablet,Direct
2024-02-03,20,79,15,0.538,147,Tablet,Social
2024-02-03,6,26,5,0.538,147,Tablet,Email
2024-02-04,193,722,152,0.499,248,Desktop,Organic
2024-02-04,138,515,109,0.499,248,Desktop,Paid
2024-02-04,110,412,87,0.499,248,Desktop,Direct
2024-02-04,82,309,65,0.499,248,Desktop,Social
2024-02-04,27,103,21,0.499,248,Desktop,Email
2024-02-04,309,1190,247,0.706,124,Mobile,Organic
2024-02-04,221,850,177,0.706,124,Mobile,Paid
2024-02-04,176,680,141,0.706,124,Mobile,Direct
2024-02-04,132,510,106,0.706,124,Mobile,Social
2024-02-04,44,170,35,0.706,124,Mobile,Email
2024-02-04,64,198,57,0.639,225,Tablet,Organic
2024-02-04,46,141,41,0.639,225,Tablet,Paid
2024-02-04,36,113,32,0.639,225,Tablet,Direct
2024-02-04,27,85,24,0.639,225,Tablet,Social
2024-02-04,9,28,8,0.639,225,Tablet,Email
2024-02-05,150,544,124,0.562,275,Desktop,Organic
2024-02-05,107,388,89,0.562,275,Desktop,Paid
2024-02-05,86,311,71,0.562,275,Desktop,Direct
2024-02-05,64,233,53,0.562,275,Desktop,Social
2024-02-05,21,77,17,0.562,275,Desktop,Email
2024-02-05,205,740,170,0.555,92,Mobile,Organic
2024-02-05,147,529,121,0.555,92,Mobile,Paid
2024-02-05,117,423,97,0.555,92,Mobile,Direct
2024-02-05,88,317,73,0.555,92,Mobile,Social
2024-02-05,29,105,24,0.555,92,Mobile,Email
2024-02-05,43,123,37,0.584,191,Tablet,Organic
2024-02-05,31,88,26,0.584,191,Tablet,Paid
2024-02-05,24,70,21,0.584,191,Tablet,Direct
2024-02-05,18,53,16,0.584,191,Tablet,Social
2024-02-05,6,17,5,0.584,191,Tablet,Email
2024-02-06,115,362,88,0.451,249,Desktop,Organic
2024-02-06,82,258,63,0.451,249,Desktop,Paid
2024-02-06,65,207,50,0.451,249,Desktop,Direct
2024-02-06,49,155,37,0.451,249,Desktop,Social
2024-02-06,16,51,12,0.451,249,Desktop,Email
2024-02-06,197,510,165,0.639,146,Mobile,Organic
2024-02-06,141,364,118,0.639,146,Mobile,Paid
2024-02-06,112,291,94,0.639,146,Mobile,Direct
2024-02-06,84,218,70,0.639,146,Mobile,Social
2024-02-06,28,72,23,0.639,146,Mobile,Email
2024-02-06,36,161,25,0.552,120,Tablet,Organic
2024-02-06,25,115,18,0.552,120,Tablet,Paid
2024-02-06,20,92,14,0.552,120,Tablet,Direct
2024-02-06,15,69,10,0.552,120,Tablet,Social
2024-02-06,5,23,3,0.552,120,Tablet,Email
2024-02-07,141,488,103,0.431,200,Desktop,Organic
2024-02-07,100,349,74,0.431,200,Desktop,Paid
2024-02-07,80,279,59,0.431,200,Desktop,Direct
2024-02-07,60,209,44,0.431,200,Desktop,Social
2024-02-07,20,69,14,0.431,200,Desktop,Email
2024-02-07,236,1017,179,0.745,152,Mobile,Organic
2024-02-07,169,726,128,0.745,152,Mobile,Paid
2024-02-07,135,581,102,0.745,152,Mobile,Direct
2024-02-07,101,435,76,0.745,152,Mobile,Social
2024-02-07,33,145,25,0.745,152,Mobile,Email
2024-02-07,43,146,36,0.476,155,Tablet,Organic
2024-02-07,31,104,26,0.476,155,Tablet,Paid
2024-02-07,25,83,21,0.476,155,Tablet,Direct
2024-02-07,18,62,15,0.476,155,Tablet,Social
2024-02-07,6,20,5,0.476,155,Tablet,Email
2024-02-08,165,528,130,0.517,198,Desktop,Organic
2024-02-08,118,377,93,0.517,198,Desktop,Paid
2024-02-08,94,301,74,0.517,198,Desktop,Direct
2024-02-08,70,226,56,0.517,198,Desktop,Social
2024-02-08,23,75,18,0.517,198,Desktop,Email
2024-02-08,230,659,171,0.732,108,Mobile,Organic
2024-02-08,164,471,122,0.732,108,Mobile,Paid
2024-02-08,131,376,97,0.732,108,Mobile,Direct
2024-02-08,98,282,73,0.732,108,Mobile,Social
2024-02-08,32,94,24,0.732,108,Mobile,Email
2024-02-08,47,148,42,0.543,201,Tablet,Organic
2024-02-08,33,106,30,0.543,201,Tablet,Paid
2024-02-08,27,85,24,0.543,201,Tablet,Direct
2024-02-08,20,63,18,0.543,201,Tablet,Social
2024-02-08,6,21,6,0.543,201,Tablet,Email
2024-02-09,171,736,146,0.426,275,Desktop,Organic
2024-02-09,122,526,104,0.426,275,Desktop,Paid
2024-02-09,97,421,83,0.426,275,Desktop,Direct
2024-02-09,73,315,62,0.426,275,Desktop,Social
2024-02-09,24,105,20,0.426,275,Desktop,Email
2024-02-09,300,1071,239,0.56,149,Mobile,Organic
2024-02-09,214,765,171,0.56,149,Mobile,Paid
2024-02-09,171,612,136,0.56,149,Mobile,Direct
2024-02-09,128,459,102,0.56,149,Mobile,Social
2024-02-09,42,153,34,0.56,149,Mobile,Email
2024-02-09,46,182,37,0.57,150,Tablet,Organic
2024-02-09,33,130,27,0.57,150,Tablet,Paid
2024-02-09,26,104,21,0.57,150,Tablet,Direct
2024-02-09,19,78,16,0.57,150,Tablet,Social
2024-02-09,6,26,5,0.57,150,Tablet,Email
2024-02-10,171,662,125,0.502,294,Desktop,Organic
2024-02-10,122,473,90,0.502,294,Desktop,Paid
2024-02-10,97,378,72,0.502,294,Desktop,Direct
2024-02-10,73,283,54,0.502,294,Desktop,Social
2024-02-10,24,94,18,0.502,294,Desktop,Email
2024-02-10,257,1128,231,0.669,133,Mobile,Organic
2024-02-10,184,806,165,0.669,133,Mobile,Paid
2024-02-10,147,644,132,0.669,133,Mobile,Direct
2024-02-10,110,483,99,0.669,133,Mobile,Social
2024-02-10,36,161,33,0.669,133,Mobile,Email
2024-02-10,45,148,39,0.646,192,Tablet,Organic
2024-02-10,32,106,28,0.646,192,Tablet,Paid
2024-02-10,25,84,22,0.646,192,Tablet,Direct
2024-02-10,19,63,16,0.646,192,Tablet,Social
2024-02-10,6,21,5,0.646,192,Tablet,Email
2024-02-11,177,726,156,0.55,235,Desktop,Organic
2024-02-11,127,519,111,0.55,235,Desktop,Paid
2024-02-11,101,415,89,0.55,235,Desktop,Direct
2024-02-11,76,311,66,0.55,235,Desktop,Social
2024-02-11,25,103,22,0.55,235,Desktop,Email
2024-02-11,294,836,251,0.624,128,Mobile,Organic
2024-02-11,210,597,179,0.624,128,Mobile,Paid
2024-02-11,168,478,143,0.624,128,Mobile,Direct
2024-02-11,126,358,107,0.624,128,Mobile,Social
2024-02-11,42,119,35,0.624,128,Mobile,Email
2024-02-11,52,156,46,0.46,138,Tablet,Organic
2024-02-11,37,112,33,0.46,138,Tablet,Paid
2024-02-11,30,89,26,0.46,138,Tablet,Direct
2024-02-11,22,67,20,0.46,138,Tablet,Social
2024-02-11,7,22,6,0.46,138,Tablet,Email
2024-02-12,148,644,115,0.429,223,Desktop,Organic
2024-02-12,106,460,82,0.429,223,Desktop,Paid
2024-02-12,85,368,65,0.429,223,Desktop,Direct
2024-02-12,63,276,49,0.429,223,Desktop,Social
2024-02-12,21,92,16,0.429,223,Desktop,Email
2024-02-12,214,848,188,0.648,118,Mobile,Organic
2024-02-12,153,606,134,0.648,118,Mobile,Paid
2024-02-12,122,484,107,0.648,118,Mobile,Direct
2024-02-12,91,363,80,0.648,118,Mobile,Social
2024-02-12,30,121,26,0.648,118,Mobile,Email
2024-02-12,34,153,29,0.599,199,Tablet,Organic
2024-02-12,24,109,21,0.599,199,Tablet,Paid
2024-02-12,19,87,16,0.599,199,Tablet,Direct
2024-02-12,14,65,12,0.599,199,Tablet,Social
2024-02-12,4,21,4,0.599,199,Tablet,Email
2024-02-13,133,412,105,0.477,293,Desktop,Organic
2024-02-13,95,294,75,0.477,293,Desktop,Paid
2024-02-13,76,235,60,0.477,293,Desktop,Direct
2024-02-13,57,176,45,0.477,293,Desktop,Social
2024-02-13,19,58,15,0.477,293,Desktop,Email
2024-02-13,199,770,177,0.587,124,Mobile,Organic
2024-02-13,142,550,126,0.587,124,Mobile,Paid
2024-02-13,114,440,101,0.587,124,Mobile,Direct
2024-02-13,85,330,76,0.587,124,Mobile,Social
2024-02-13,28,110,25,0.587,124,Mobile,Email
2024-02-13,35,136,29,0.491,168,Tablet,Organic
2024-02-13,25,97,21,0.491,168,Tablet,Paid
2024-02-13,20,77,17,0.491,168,Tablet,Direct
2024-02-13,15,58,12,0.491,168,Tablet,Social
2024-02-13,5,19,4,0.491,168,Tablet,Email
2024-02-14,128,367,114,0.488,227,Desktop,Organic
2024-02-14,92,262,82,0.488,227,Desktop,Paid
2024-02-14,73,209,65,0.488,227,Desktop,Direct
2024-02-14,55,157,49,0.488,227,Desktop,Social
2024-02-14,18,52,16,0.488,227,Desktop,Email
2024-02-14,191,563,166,0.558,118,Mobile,Organic
2024-02-14,136,402,119,0.558,118,Mobile,Paid
2024-02-14,109,322,95,0.558,118,Mobile,Direct
2024-02-14,82,241,71,0.558,118,Mobile,Social
2024-02-14,27,80,23,0.558,118,Mobile,Email
2024-02-14,37,154,28,0.648,146,Tablet,Organic
2024-02-14,26,110,20,0.648,146,Tablet,Paid
2024-02-14,21,88,16,0.648,146,Tablet,Direct
2024-02-14,15,66,12,0.648,146,Tablet,Social
2024-02-14,5,22,4,0.648,146,Tablet,Email
2024-02-15,113,316,100,0.559,186,Desktop,Organic
2024-02-15,81,226,71,0.559,186,Desktop,Paid
2024-02-15,64,180,57,0.559,186,Desktop,Direct
2024-02-15,48,135,42,0.559,186,Desktop,Social
2024-02-15,16,45,14,0.559,186,Desktop,Email
2024-02-15,196,644,139,0.652,168,Mobile,Organic
2024-02-15,140,460,99,0.652,168,Mobile,Paid
2024-02-15,112,368,79,0.652,168,Mobile,Direct
2024-02-15,84,276,59,0.652,168,Mobile,Social
2024-02-15,28,92,19,0.652,168,Mobile,Email
2024-02-15,37,154,32,0.461,156,Tablet,Organic
2024-02-15,26,110,23,0.461,156,Tablet,Paid
2024-02-15,21,88,18,0.461,156,Tablet,Direct
2024-02-15,16,66,13,0.461,156,Tablet,Social
2024-02-15,5,22,4,0.461,156,Tablet,Email
2024-02-16,157,599,134,0.578,203,Desktop,Organic
2024-02-16,112,428,95,0.578,203,Desktop,Paid
2024-02-16,90,342,76,0.578,203,Desktop,Direct
2024-02-16,67,256,57,0.578,203,Desktop,Social
2024-02-16,22,85,19,0.578,203,Desktop,Email
2024-02-16,285,1131,242,0.749,146,Mobile,Organic
2024-02-16,204,808,173,0.749,146,Mobile,Paid
2024-02-16,163,646,138,0.749,146,Mobile,Direct
2024-02-16,122,485,104,0.749,146,Mobile,Social
2024-02-16,40,161,34,0.749,146,Mobile,Email
2024-02-16,48,156,35,0.634,226,Tablet,Organic
2024-02-16,34,112,25,0.634,226,Tablet,Paid
2024-02-16,27,89,20,0.634,226,Tablet,Direct
2024-02-16,20,67,15,0.634,226,Tablet,Social
2024-02-16,6,22,5,0.634,226,Tablet,Email
2024-02-17,198,710,156,0.494,187,Desktop,Organic
2024-02-17,141,507,111,0.494,187,Desktop,Paid
2024-02-17,113,406,89,0.494,187,Desktop,Direct
2024-02-17,84,304,66,0.494,187,Desktop,Social
2024-02-17,28,101,22,0.494,187,Desktop,Email
2024-02-17,298,1053,243,0.704,132,Mobile,Organic
2024-02-17,213,752,174,0.704,132,Mobile,Paid
2024-02-17,170,602,139,0.704,132,Mobile,Direct
2024-02-17,127,451,104,0.704,132,Mobile,Social
2024-02-17,42,150,34,0.704,132,Mobile,Email
2024-02-17,60,236,53,0.527,211,Tablet,Organic
2024-02-17,43,169,38,0.527,211,Tablet,Paid
2024-02-17,34,135,30,0.527,211,Tablet,Direct
2024-02-17,26,101,22,0.527,211,Tablet,Social
2024-02-17,8,33,7,0.527,211,Tablet,Email
2024-02-18,190,545,164,0.496,185,Desktop,Organic
2024-02-18,136,389,117,0.496,185,Desktop,Paid
2024-02-18,108,311,94,0.496,185,Desktop,Direct
2024-02-18,81,233,70,0.496,185,Desktop,Social
2024-02-18,27,77,23,0.496,185,Desktop,Email
2024-02-18,266,796,227,0.715,109,Mobile,Organic
2024-02-18,190,568,162,0.715,109,Mobile,Paid
2024-02-18,152,455,129,0.715,109,Mobile,Direct
2024-02-18,114,341,97,0.715,109,Mobile,Social
2024-02-18,38,113,32,0.715,109,Mobile,Email
2024-02-18,48,169,35,0.613,170,Tablet,Organic
2024-02-18,34,121,25,0.613,170,Tablet,Paid
2024-02-18,27,97,20,0.613,170,Tablet,Direct
2024-02-18,20,72,15,0.613,170,Tablet,Social
2024-02-18,6,24,5,0.613,170,Tablet,Email
2024-02-19,109,457,82,0.472,237,Desktop,Organic
2024-02-19,78,326,59,0.472,237,Desktop,Paid
2024-02-19,62,261,47,0.472,237,Desktop,Direct
2024-02-19,46,195,35,0.472,237,Desktop,Social
2024-02-19,15,65,11,0.472,237,Desktop,Email
2024-02-19,169,676,152,0.655,105,Mobile,Organic
2024-02-19,121,483,108,0.655,105,Mobile,Paid
2024-02-19,97,386,87,0.655,105,Mobile,Direct
2024-02-19,72,289,65,0.655,105,Mobile,Social
2024-02-19,24,96,21,0.655,105,Mobile,Email
2024-02-19,30,98,25,0.521,169,Tablet,Organic
2024-02-19,21,70,18,0.521,169,Tablet,Paid
2024-02-19,17,56,14,0.521,169,Tablet,Direct
2024-02-19,13,42,10,0.521,169,Tablet,Social
2024-02-19,4,14,3,0.521,169,Tablet,Email
2024-02-20,122,395,99,0.431,206,Desktop,Organic
2024-02-20,87,282,71,0.431,206,Desktop,Paid
2024-02-20,70,226,56,0.431,206,Desktop,Direct
2024-02-20,52,169,42,0.431,206,Desktop,Social
2024-02-20,17,56,14,0.431,206,Desktop,Email
2024-02-20,171,729,143,0.615,134,Mobile,Organic
2024-02-20,122,521,102,0.615,134,Mobile,Paid
2024-02-20,97,417,81,0.615,134,Mobile,Direct
2024-02-20,73,312,61,0.615,134,Mobile,Social
2024-02-20,24,104,20,0.615,134,Mobile,Email
2024-02-20,28,128,22,0.451,200,Tablet,Organic
2024-02-20,20,91,16,0.451,200,Tablet,Paid
2024-02-20,16,73,12,0.451,200,Tablet,Direct
2024-02-20,12,55,9,0.451,200,Tablet,Social
2024-02-20,4,18,3,0.451,200,Tablet,Email
2024-02-21,154,440,136,0.559,222,Desktop,Organic
2024-02-21,110,314,97,0.559,222,Desktop,Paid
2024-02-21,88,251,78,0.559,222,Desktop,Direct
2024-02-21,66,188,58,0.559,222,Desktop,Social
2024-02-21,22,62,19,0.559,222,Desktop,Email
2024-02-21,210,883,169,0.65,123,Mobile,Organic
2024-02-21,150,631,120,0.65,123,Mobile,Paid
2024-02-21,120,504,96,0.65,123,Mobile,Direct
2024-02-21,90,378,72,0.65,123,Mobile,Social
2024-02-21,30,126,24,0.65,123,Mobile,Email
2024-02-21,44,141,38,0.58,156,Tablet,Organic
2024-02-21,31,100,27,0.58,156,Tablet,Paid
2024-02-21,25,80,22,0.58,156,Tablet,Direct
2024-02-21,18,60,16,0.58,156,Tablet,Social
2024-02-21,6,20,5,0.58,156,Tablet,Email
2024-02-22,148,621,118,0.482,261,Desktop,Organic
2024-02-22,105,444,84,0.482,261,Desktop,Paid
2024-02-22,84,355,67,0.482,261,Desktop,Direct
2024-02-22,63,266,50,0.482,261,Desktop,Social
2024-02-22,21,88,16,0.482,261,Desktop,Email
2024-02-22,217,739,158,0.654,99,Mobile,Organic
2024-02-22,155,528,113,0.654,99,Mobile,Paid
2024-02-22,124,422,90,0.654,99,Mobile,Direct
2024-02-22,93,317,67,0.654,99,Mobile,Social
2024-02-22,31,105,22,0.654,99,Mobile,Email
2024-02-22,36,162,32,0.64,207,Tablet,Organic
2024-02-22,26,116,23,0.64,207,Tablet,Paid
2024-02-22,21,93,18,0.64,207,Tablet,Direct
2024-02-22,15,69,14,0.64,207,Tablet,Social
2024-02-22,5,23,4,0.64,207,Tablet,Email
2024-02-23,163,566,127,0.462,292,Desktop,Organic
2024-02-23,117,404,91,0.462,292,Desktop,Paid
2024-02-23,93,323,73,0.462,292,Desktop,Direct
2024-02-23,70,242,54,0.462,292,Desktop,Social
2024-02-23,23,80,18,0.462,292,Desktop,Email
2024-02-23,229,585,191,0.659,148,Mobile,Organic
2024-02-23,164,418,137,0.659,148,Mobile,Paid
2024-02-23,131,334,109,0.659,148,Mobile,Direct
2024-02-23,98,250,82,0.659,148,Mobile,Social
2024-02-23,32,83,27,0.659,148,Mobile,Email
2024-02-23,41,103,28,0.631,186,Tablet,Organic
2024-02-23,29,74,20,0.631,186,Tablet,Paid
2024-02-23,23,59,16,0.631,186,Tablet,Direct
2024-02-23,17,44,12,0.631,186,Tablet,Social
2024-02-23,5,14,4,0.631,186,Tablet,Email
2024-02-24,179,738,135,0.5,189,Desktop,Organic
2024-02-24,128,527,96,0.5,189,Desktop,Paid
2024-02-24,102,422,77,0.5,189,Desktop,Direct
2024-02-24,77,316,57,0.5,189,Desktop,Social
2024-02-24,25,105,19,0.5,189,Desktop,Email
2024-02-24,261,931,223,0.66,128,Mobile,Organic
2024-02-24,186,665,159,0.66,128,Mobile,Paid
2024-02-24,149,532,127,0.66,128,Mobile,Direct
2024-02-24,112,399,95,0.66,128,Mobile,Social
2024-02-24,37,133,31,0.66,128,Mobile,Email
2024-02-24,47,154,38,0.528,159,Tablet,Organic
2024-02-24,33,110,27,0.528,159,Tablet,Paid
2024-02-24,27,88,22,0.528,159,Tablet,Direct
2024-02-24,20,66,16,0.528,159,Tablet,Social
2024-02-24,6,22,5,0.528,159,Tablet,Email
2024-02-25,187,634,158,0.482,207,Desktop,Organic
2024-02-25,134,453,113,0.482,207,Desktop,Paid
2024-02-25,107,362,90,0.482,207,Desktop,Direct
2024-02-25,80,272,68,0.482,207,Desktop,Social
2024-02-25,26,90,22,0.482,207,Desktop,Email
2024-02-25,302,1104,263,0.581,167,Mobile,Organic
2024-02-25,216,789,188,0.581,167,Mobile,Paid
2024-02-25,172,631,150,0.581,167,Mobile,Direct
2024-02-25,129,473,112,0.581,167,Mobile,Social
2024-02-25,43,157,37,0.581,167,Mobile,Email
2024-02-25,52,226,38,0.473,230,Tablet,Organic
2024-02-25,37,161,27,0.473,230,Tablet,Paid
2024-02-25,29,129,21,0.473,230,Tablet,Direct
2024-02-25,22,96,16,0.473,230,Tablet,Social
2024-02-25,7,32,5,0.473,230,Tablet,Email
2024-02-26,112,328,98,0.5,214,Desktop,Organic
2024-02-26,80,234,70,0.5,214,Desktop,Paid
2024-02-26,64,187,56,0.5,214,Desktop,Direct
2024-02-26,48,140,42,0.5,214,Desktop,Social
2024-02-26,16,46,14,0.5,214,Desktop,Email
2024-02-26,171,538,125,0.67,90,Mobile,Organic
2024-02-26,122,384,89,0.67,90,Mobile,Paid
2024-02-26,97,307,71,0.67,90,Mobile,Direct
2024-02-26,73,230,53,0.67,90,Mobile,Social
2024-02-26,24,76,17,0.67,90,Mobile,Email
2024-02-26,34,86,27,0.6,123,Tablet,Organic
2024-02-26,24,62,19,0.6,123,Tablet,Paid
2024-02-26,19,49,15,0.6,123,Tablet,Direct
2024-02-26,14,37,11,0.6,123,Tablet,Social
2024-02-26,4,12,3,0.6,123,Tablet,Email
2024-02-27,148,420,106,0.471,250,Desktop,Organic
2024-02-27,106,300,75,0.471,250,Desktop,Paid
2024-02-27,85,240,60,0.471,250,Desktop,Direct
2024-02-27,63,180,45,0.471,250,Desktop,Social
2024-02-27,21,60,15,0.471,250,Desktop,Email
2024-02-27,228,1017,178,0.553,137,Mobile,Organic
2024-02-27,163,726,127,0.553,137,Mobile,Paid
2024-02-27,130,581,102,0.553,137,Mobile,Direct
2024-02-27,97,436,76,0.553,137,Mobile,Social
2024-02-27,32,145,25,0.553,137,Mobile,Email
2024-02-27,43,136,31,0.561,172,Tablet,Organic
2024-02-27,31,97,22,0.561,172,Tablet,Paid
2024-02-27,25,78,18,0.561,172,Tablet,Direct
2024-02-27,18,58,13,0.561,172,Tablet,Social
2024-02-27,6,19,4,0.561,172,Tablet,Email
2024-02-28,134,452,99,0.488,243,Desktop,Organic
2024-02-28,96,323,71,0.488,243,Desktop,Paid
2024-02-28,76,258,56,0.488,243,Desktop,Direct
2024-02-28,57,194,42,0.488,243,Desktop,Social
2024-02-28,19,64,14,0.488,243,Desktop,Email
2024-02-28,216,736,164,0.7,151,Mobile,Organic
2024-02-28,154,526,117,0.7,151,Mobile,Paid
2024-02-28,123,421,94,0.7,151,Mobile,Direct
2024-02-28,92,315,70,0.7,151,Mobile,Social
2024-02-28,30,105,23,0.7,151,Mobile,Email
2024-02-28,39,149,30,0.473,133,Tablet,Organic
2024-02-28,28,106,21,0.473,133,Tablet,Paid
2024-02-28,22,85,17,0.473,133,Tablet,Direct
2024-02-28,16,63,12,0.473,133,Tablet,Social
2024-02-28,5,21,4,0.473,133,Tablet,Email
2024-02-29,148,450,127,0.52,226,Desktop,Organic
2024-02-29,106,321,91,0.52,226,Desktop,Paid
2024-02-29,85,257,72,0.52,226,Desktop,Direct
2024-02-29,63,192,54,0.52,226,Desktop,Social
2024-02-29,21,64,18,0.52,226,Desktop,Email
2024-02-29,232,693,188,0.586,133,Mobile,Organic
2024-02-29,166,495,134,0.586,133,Mobile,Paid
2024-02-29,132,396,107,0.586,133,Mobile,Direct
2024-02-29,99,297,80,0.586,133,Mobile,Social
2024-02-29,33,99,26,0.586,133,Mobile,Email
2024-02-29,38,133,28,0.578,129,Tablet,Organic
2024-02-29,27,95,20,0.578,129,Tablet,Paid
2024-02-29,22,76,16,0.578,129,Tablet,Direct
2024-02-29,16,57,12,0.578,129,Tablet,Social
2024-02-29,5,19,4,0.578,129,Tablet,Email
2024-03-01,324,1051,285,0.415,282,Desktop,Organic
2024-03-01,232,751,204,0.415,282,Desktop,Paid
2024-03-01,185,601,163,0.415,282,Desktop,Direct
2024-03-01,139,450,122,0.415,282,Desktop,Social
2024-03-01,46,150,40,0.415,282,Desktop,Email
2024-03-01,527,2297,448,0.717,132,Mobile,Organic
2024-03-01,376,1640,320,0.717,132,Mobile,Paid
2024-03-01,301,1312,256,0.717,132,Mobile,Direct
2024-03-01,226,984,192,0.717,132,Mobile,Social
2024-03-01,75,328,64,0.717,132,Mobile,Email
2024-03-01,91,335,75,0.62,146,Tablet,Organic
2024-03-01,65,239,54,0.62,146,Tablet,Paid
2024-03-01,52,191,43,0.62,146,Tablet,Direct
2024-03-01,39,143,32,0.62,146,Tablet,Social
2024-03-01,13,47,10,0.62,146,Tablet,Email
2024-03-02,422,1713,373,0.465,181,Desktop,Organic
2024-03-02,301,1224,266,0.465,181,Desktop,Paid
2024-03-02,241,979,213,0.465,181,Desktop,Direct
2024-03-02,181,734,159,0.465,181,Desktop,Social
2024-03-02,60,244,53,0.465,181,Desktop,Email
2024-03-02,700,2784,551,0.626,139,Mobile,Organic
2024-03-02,500,1989,393,0.626,139,Mobile,Paid
2024-03-02,400,1591,315,0.626,139,Mobile,Direct
2024-03-02,300,1193,236,0.626,139,Mobile,Social
2024-03-02,100,397,78,0.626,139,Mobile,Email
2024-03-02,127,399,103,0.564,153,Tablet,Organic
2024-03-02,90,285,73,0.564,153,Tablet,Paid
2024-03-02,72,228,59,0.564,153,Tablet,Direct
2024-03-02,54,171,44,0.564,153,Tablet,Social
2024-03-02,18,57,14,0.564,153,Tablet,Email
2024-03-03,374,1427,326,0.421,196,Desktop,Organic
2024-03-03,267,1019,233,0.421,196,Desktop,Paid
2024-03-03,213,815,186,0.421,196,Desktop,Direct
2024-03-03,160,611,140,0.421,196,Desktop,Social
2024-03-03,53,203,46,0.421,196,Desktop,Email
2024-03-03,649,1944,569,0.561,178,Mobile,Organic
2024-03-03,464,1389,406,0.561,178,Mobile,Paid
2024-03-03,371,1111,325,0.561,178,Mobile,Direct
2024-03-03,278,833,244,0.561,178,Mobile,Social
2024-03-03,92,277,81,0.561,178,Mobile,Email
2024-03-03,113,337,87,0.608,225,Tablet,Organic
2024-03-03,81,240,62,0.608,225,Tablet,Paid
2024-03-03,64,192,50,0.608,225,Tablet,Direct
2024-03-03,48,144,37,0.608,225,Tablet,Social
2024-03-03,16,48,12,0.608,225,Tablet,Email
2024-03-04,323,1396,264,0.508,248,Desktop,Organic
2024-03-04,231,997,188,0.508,248,Desktop,Paid
2024-03-04,185,798,151,0.508,248,Desktop,Direct
2024-03-04,138,598,113,0.508,248,Desktop,Social
2024-03-04,46,199,37,0.508,248,Desktop,Email
2024-03-04,581,1635,428,0.691,143,Mobile,Organic
2024-03-04,415,1168,306,0.691,143,Mobile,Paid
2024-03-04,332,934,244,0.691,143,Mobile,Direct
2024-03-04,249,700,183,0.691,143,Mobile,Social
2024-03-04,83,233,61,0.691,143,Mobile,Email
2024-03-04,103,368,84,0.603,159,Tablet,Organic
2024-03-04,74,263,60,0.603,159,Tablet,Paid
2024-03-04,59,210,48,0.603,159,Tablet,Direct
2024-03-04,44,158,36,0.603,159,Tablet,Social
2024-03-04,14,52,12,0.603,159,Tablet,Email
2024-03-05,316,1282,270,0.597,235,Desktop,Organic
2024-03-05,225,915,193,0.597,235,Desktop,Paid
2024-03-05,180,732,154,0.597,235,Desktop,Direct
2024-03-05,135,549,116,0.597,235,Desktop,Social
2024-03-05,45,183,38,0.597,235,Desktop,Email
2024-03-05,534,1600,436,0.644,109,Mobile,Organic
2024-03-05,381,1143,312,0.644,109,Mobile,Paid
2024-03-05,305,914,249,0.644,109,Mobile,Direct
2024-03-05,229,685,187,0.644,109,Mobile,Social
2024-03-05,76,228,62,0.644,109,Mobile,Email
2024-03-05,91,323,68,0.537,166,Tablet,Organic
2024-03-05,65,231,49,0.537,166,Tablet,Paid
2024-03-05,52,185,39,0.537,166,Tablet,Direct
2024-03-05,39,138,29,0.537,166,Tablet,Social
2024-03-05,13,46,9,0.537,166,Tablet,Email
2024-03-06,259,906,223,0.586,297,Desktop,Organic
2024-03-06,185,647,159,0.586,297,Desktop,Paid
2024-03-06,148,518,127,0.586,297,Desktop,Direct
2024-03-06,111,388,95,0.586,297,Desktop,Social
2024-03-06,37,129,31,0.586,297,Desktop,Email
2024-03-06,425,1705,356,0.608,179,Mobile,Organic
2024-03-06,304,1218,254,0.608,179,Mobile,Paid
2024-03-06,243,974,203,0.608,179,Mobile,Direct
2024-03-06,182,730,152,0.608,179,Mobile,Social
2024-03-06,60,243,50,0.608,179,Mobile,Email
2024-03-06,75,254,54,0.53,233,Tablet,Organic
2024-03-06,53,182,39,0.53,233,Tablet,Paid
2024-03-06,43,145,31,0.53,233,Tablet,Direct
2024-03-06,32,109,23,0.53,233,Tablet,Social
2024-03-06,10,36,7,0.53,233,Tablet,Email
2024-03-07,399,1588,333,0.403,232,Desktop,Organic
2024-03-07,285,1134,238,0.403,232,Desktop,Paid
2024-03-07,228,907,190,0.403,232,Desktop,Direct
2024-03-07,171,680,143,0.403,232,Desktop,Social
2024-03-07,57,226,47,0.403,232,Desktop,Email
2024-03-07,542,1553,482,0.631,103,Mobile,Organic
2024-03-07,387,1109,344,0.631,103,Mobile,Paid
2024-03-07,310,887,275,0.631,103,Mobile,Direct
2024-03-07,232,665,206,0.631,103,Mobile,Social
2024-03-07,77,221,68,0.631,103,Mobile,Email
2024-03-07,104,332,80,0.453,194,Tablet,Organic
2024-03-07,74,237,57,0.453,194,Tablet,Paid
2024-03-07,59,190,46,0.453,194,Tablet,Direct
2024-03-07,44,142,34,0.453,194,Tablet,Social
2024-03-07,14,47,11,0.453,194,Tablet,Email
2024-03-08,432,1186,342,0.464,250,Desktop,Organic
2024-03-08,309,847,244,0.464,250,Desktop,Paid
2024-03-08,247,677,195,0.464,250,Desktop,Direct
2024-03-08,185,508,146,0.464,250,Desktop,Social
2024-03-08,61,169,48,0.464,250,Desktop,Email
2024-03-08,737,3253,655,0.638,115,Mobile,Organic
2024-03-08,526,2324,468,0.638,115,Mobile,Paid
2024-03-08,421,1859,374,0.638,115,Mobile,Direct
2024-03-08,315,1394,280,0.638,115,Mobile,Social
2024-03-08,105,464,93,0.638,115,Mobile,Email
2024-03-08,128,464,108,0.568,221,Tablet,Organic
2024-03-08,92,331,77,0.568,221,Tablet,Paid
2024-03-08,73,265,62,0.568,221,Tablet,Direct
2024-03-08,55,199,46,0.568,221,Tablet,Social
2024-03-08,18,66,15,0.568,221,Tablet,Email
2024-03-09,454,1748,346,0.499,265,Desktop,Organic
2024-03-09,325,1248,247,0.499,265,Desktop,Paid
2024-03-09,260,999,197,0.499,265,Desktop,Direct
2024-03-09,195,749,148,0.499,265,Desktop,Social
2024-03-09,65,249,49,0.499,265,Desktop,Email
2024-03-09,686,2665,591,0.623,156,Mobile,Organic
2024-03-09,490,1903,422,0.623,156,Mobile,Paid
2024-03-09,392,1523,337,0.623,156,Mobile,Direct
2024-03-09,294,1142,253,0.623,156,Mobile,Social
2024-03-09,98,380,84,0.623,156,Mobile,Email
2024-03-09,114,429,83,0.554,224,Tablet,Organic
2024-03-09,81,306,59,0.554,224,Tablet,Paid
2024-03-09,65,245,47,0.554,224,Tablet,Direct
2024-03-09,49,184,35,0.554,224,Tablet,Social
2024-03-09,16,61,11,0.554,224,Tablet,Email
2024-03-10,360,1403,253,0.416,202,Desktop,Organic
2024-03-10,257,1002,181,0.416,202,Desktop,Paid
2024-03-10,205,801,145,0.416,202,Desktop,Direct
2024-03-10,154,601,108,0.416,202,Desktop,Social
2024-03-10,51,200,36,0.416,202,Desktop,Email
2024-03-10,519,1927,409,0.563,101,Mobile,Organic
2024-03-10,371,1377,292,0.563,101,Mobile,Paid
2024-03-10,296,1101,234,0.563,101,Mobile,Direct
2024-03-10,222,826,175,0.563,101,Mobile,Social
2024-03-10,74,275,58,0.563,101,Mobile,Email
2024-03-10,95,312,71,0.54,123,Tablet,Organic
2024-03-10,68,223,51,0.54,123,Tablet,Paid
2024-03-10,54,178,40,0.54,123,Tablet,Direct
2024-03-10,40,134,30,0.54,123,Tablet,Social
2024-03-10,13,44,10,0.54,123,Tablet,Email
2024-03-11,364,1593,271,0.514,277,Desktop,Organic
2024-03-11,260,1138,193,0.514,277,Desktop,Paid
2024-03-11,208,910,155,0.514,277,Desktop,Direct
2024-03-11,156,682,116,0.514,277,Desktop,Social
2024-03-11,52,227,38,0.514,277,Desktop,Email
2024-03-11,554,1509,496,0.695,105,Mobile,Organic
2024-03-11,396,1078,354,0.695,105,Mobile,Paid
2024-03-11,316,862,283,0.695,105,Mobile,Direct
2024-03-11,237,646,212,0.695,105,Mobile,Social
2024-03-11,79,215,70,0.695,105,Mobile,Email
2024-03-11,87,301,69,0.451,226,Tablet,Organic
2024-03-11,62,215,49,0.451,226,Tablet,Paid
2024-03-11,50,172,39,0.451,226,Tablet,Direct
2024-03-11,37,129,29,0.451,226,Tablet,Social
2024-03-11,12,43,9,0.451,226,Tablet,Email
2024-03-12,345,1229,278,0.407,247,Desktop,Organic
2024-03-12,246,878,198,0.407,247,Desktop,Paid
2024-03-12,197,702,159,0.407,247,Desktop,Direct
2024-03-12,148,526,119,0.407,247,Desktop,Social
2024-03-12,49,175,39,0.407,247,Desktop,Email
2024-03-12,528,1850,472,0.635,174,Mobile,Organic
2024-03-12,377,1321,337,0.635,174,Mobile,Paid
2024-03-12,301,1057,270,0.635,174,Mobile,Direct
2024-03-12,226,793,202,0.635,174,Mobile,Social
2024-03-12,75,264,67,0.635,174,Mobile,Email
2024-03-12,92,254,72,0.49,167,Tablet,Organic
2024-03-12,66,182,52,0.49,167,Tablet,Paid
2024-03-12,53,145,41,0.49,167,Tablet,Direct
2024-03-12,39,109,31,0.49,167,Tablet,Social
2024-03-12,13,36,10,0.49,167,Tablet,Email
2024-03-13,297,1027,230,0.587,247,Desktop,Organic
2024-03-13,212,733,164,0.587,247,Desktop,Paid
2024-03-13,170,587,131,0.587,247,Desktop,Direct
2024-03-13,127,440,98,0.587,247,Desktop,Social
2024-03-13,42,146,32,0.587,247,Desktop,Email
2024-03-13,426,1273,376,0.708,116,Mobile,Organic
2024-03-13,304,909,268,0.708,116,Mobile,Paid
2024-03-13,243,727,215,0.708,116,Mobile,Direct
2024-03-13,182,545,161,0.708,116,Mobile,Social
2024-03-13,60,181,53,0.708,116,Mobile,Email
2024-03-13,82,260,70,0.578,226,Tablet,Organic
2024-03-13,59,185,50,0.578,226,Tablet,Paid
2024-03-13,47,148,40,0.578,226,Tablet,Direct
2024-03-13,35,111,30,0.578,226,Tablet,Social
2024-03-13,11,37,10,0.578,226,Tablet,Email
2024-03-14,304,767,215,0.466,279,Desktop,Organic
2024-03-14,217,548,153,0.466,279,Desktop,Paid
2024-03-14,173,438,123,0.466,279,Desktop,Direct
2024-03-14,130,328,92,0.466,279,Desktop,Social
2024-03-14,43,109,30,0.466,279,Desktop,Email
2024-03-14,516,1965,437,0.66,92,Mobile,Organic
2024-03-14,369,1403,312,0.66,92,Mobile,Paid
2024-03-14,295,1123,250,0.66,92,Mobile,Direct
2024-03-14,221,842,187,0.66,92,Mobile,Social
2024-03-14,73,280,62,0.66,92,Mobile,Email
2024-03-14,90,283,68,0.54,145,Tablet,Organic
2024-03-14,64,202,49,0.54,145,Tablet,Paid
2024-03-14,51,162,39,0.54,145,Tablet,Direct
2024-03-14,38,121,29,0.54,145,Tablet,Social
2024-03-14,12,40,9,0.54,145,Tablet,Email
2024-03-15,344,1187,251,0.505,198,Desktop,Organic
2024-03-15,246,848,179,0.505,198,Desktop,Paid
2024-03-15,197,678,143,0.505,198,Desktop,Direct
2024-03-15,147,508,107,0.505,198,Desktop,Social
2024-03-15,49,169,35,0.505,198,Desktop,Email
2024-03-15,606,1536,459,0.624,161,Mobile,Organic
2024-03-15,433,1097,328,0.624,161,Mobile,Paid
2024-03-15,346,878,262,0.624,161,Mobile,Direct
2024-03-15,260,658,196,0.624,161,Mobile,Social
2024-03-15,86,219,65,0.624,161,Mobile,Email
2024-03-15,106,463,80,0.499,168,Tablet,Organic
2024-03-15,75,331,57,0.499,168,Tablet,Paid
2024-03-15,60,264,46,0.499,168,Tablet,Direct
2024-03-15,45,198,34,0.499,168,Tablet,Social
2024-03-15,15,66,11,0.499,168,Tablet,Email
2024-03-16,345,1333,249,0.469,224,Desktop,Organic
2024-03-16,246,952,178,0.469,224,Desktop,Paid
2024-03-16,197,762,142,0.469,224,Desktop,Direct
2024-03-16,148,571,106,0.469,224,Desktop,Social
2024-03-16,49,190,35,0.469,224,Desktop,Email
2024-03-16,537,1814,401,0.607,153,Mobile,Organic
2024-03-16,384,1296,286,0.607,153,Mobile,Paid
2024-03-16,307,1036,229,0.607,153,Mobile,Direct
2024-03-16,230,777,171,0.607,153,Mobile,Social
2024-03-16,76,259,57,0.607,153,Mobile,Email
2024-03-16,98,375,69,0.458,219,Tablet,Organic
2024-03-16,70,268,49,0.458,219,Tablet,Paid
2024-03-16,56,214,39,0.458,219,Tablet,Direct
2024-03-16,42,161,29,0.458,219,Tablet,Social
2024-03-16,14,53,9,0.458,219,Tablet,Email
2024-03-17,374,1350,272,0.525,182,Desktop,Organic
2024-03-17,267,964,194,0.525,182,Desktop,Paid
2024-03-17,214,771,155,0.525,182,Desktop,Direct
2024-03-17,160,578,116,0.525,182,Desktop,Social
2024-03-17,53,192,38,0.525,182,Desktop,Email
2024-03-17,580,2112,485,0.735,124,Mobile,Organic
2024-03-17,414,1509,346,0.735,124,Mobile,Paid
2024-03-17,331,1207,277,0.735,124,Mobile,Direct
2024-03-17,248,905,207,0.735,124,Mobile,Social
2024-03-17,82,301,69,0.735,124,Mobile,Email
2024-03-17,100,311,74,0.537,161,Tablet,Organic
2024-03-17,71,222,53,0.537,161,Tablet,Paid
2024-03-17,57,178,42,0.537,161,Tablet,Direct
2024-03-17,42,133,32,0.537,161,Tablet,Social
2024-03-17,14,44,10,0.537,161,Tablet,Email
2024-03-18,385,1693,340,0.445,258,Desktop,Organic
2024-03-18,275,1209,243,0.445,258,Desktop,Paid
2024-03-18,220,967,194,0.445,258,Desktop,Direct
2024-03-18,165,725,146,0.445,258,Desktop,Social
2024-03-18,55,241,48,0.445,258,Desktop,Email
2024-03-18,536,1573,406,0.578,104,Mobile,Organic
2024-03-18,383,1124,290,0.578,104,Mobile,Paid
2024-03-18,306,899,232,0.578,104,Mobile,Direct
2024-03-18,229,674,174,0.578,104,Mobile,Social
2024-03-18,76,224,58,0.578,104,Mobile,Email
2024-03-18,100,406,88,0.469,124,Tablet,Organic
2024-03-18,71,290,63,0.469,124,Tablet,Paid
2024-03-18,57,232,50,0.469,124,Tablet,Direct
2024-03-18,43,174,37,0.469,124,Tablet,Social
2024-03-18,14,58,12,0.469,124,Tablet,Email
2024-03-19,266,1073,202,0.529,202,Desktop,Organic
2024-03-19,190,767,144,0.529,202,Desktop,Paid
2024-03-19,152,613,115,0.529,202,Desktop,Direct
2024-03-19,114,460,86,0.529,202,Desktop,Social
2024-03-19,38,153,28,0.529,202,Desktop,Email
2024-03-19,438,1652,375,0.676,153,Mobile,Organic
2024-03-19,313,1180,268,0.676,153,Mobile,Paid
2024-03-19,250,944,214,0.676,153,Mobile,Direct
2024-03-19,187,708,160,0.676,153,Mobile,Social
2024-03-19,62,236,53,0.676,153,Mobile,Email
2024-03-19,81,243,66,0.604,207,Tablet,Organic
2024-03-19,58,174,47,0.604,207,Tablet,Paid
2024-03-19,46,139,38,0.604,207,Tablet,Direct
2024-03-19,34,104,28,0.604,207,Tablet,Social
2024-03-19,11,34,9,0.604,207,Tablet,Email
2024-03-20,267,1047,187,0.54,284,Desktop,Organic
2024-03-20,191,748,134,0.54,284,Desktop,Paid
2024-03-20,152,598,107,0.54,284,Desktop,Direct
2024-03-20,114,449,80,0.54,284,Desktop,Social
2024-03-20,38,149,26,0.54,284,Desktop,Email
2024-03-20,406,1719,328,0.697,134,Mobile,Organic
2024-03-20,290,1228,234,0.697,134,Mobile,Paid
2024-03-20,232,982,187,0.697,134,Mobile,Direct
2024-03-20,174,736,140,0.697,134,Mobile,Social
2024-03-20,58,245,46,0.697,134,Mobile,Email
2024-03-20,65,205,49,0.587,165,Tablet,Organic
2024-03-20,47,147,35,0.587,165,Tablet,Paid
2024-03-20,37,117,28,0.587,165,Tablet,Direct
2024-03-20,28,88,21,0.587,165,Tablet,Social
2024-03-20,9,29,7,0.587,165,Tablet,Email
2024-03-21,274,1206,203,0.5,181,Desktop,Organic
2024-03-21,196,861,145,0.5,181,Desktop,Paid
2024-03-21,157,689,116,0.5,181,Desktop,Direct
2024-03-21,117,516,87,0.5,181,Desktop,Social
2024-03-21,39,172,29,0.5,181,Desktop,Email
2024-03-21,432,1919,379,0.744,176,Mobile,Organic
2024-03-21,309,1371,271,0.744,176,Mobile,Paid
2024-03-21,247,1096,216,0.744,176,Mobile,Direct
2024-03-21,185,822,162,0.744,176,Mobile,Social
2024-03-21,61,274,54,0.744,176,Mobile,Email
2024-03-21,83,226,73,0.496,195,Tablet,Organic
2024-03-21,59,161,52,0.496,195,Tablet,Paid
2024-03-21,47,129,42,0.496,195,Tablet,Direct
2024-03-21,35,96,31,0.496,195,Tablet,Social
2024-03-21,11,32,10,0.496,195,Tablet,Email
2024-03-22,390,1407,302,0.42,210,Desktop,Organic
2024-03-22,279,1005,215,0.42,210,Desktop,Paid
2024-03-22,223,804,172,0.42,210,Desktop,Direct
2024-03-22,167,603,129,0.42,210,Desktop,Social
2024-03-22,55,201,43,0.42,210,Desktop,Email
2024-03-22,564,1872,507,0.624,110,Mobile,Organic
2024-03-22,403,1337,362,0.624,110,Mobile,Paid
2024-03-22,322,1070,290,0.624,110,Mobile,Direct
2024-03-22,241,802,217,0.624,110,Mobile,Social
2024-03-22,80,267,72,0.624,110,Mobile,Email
2024-03-22,100,319,78,0.475,168,Tablet,Organic
2024-03-22,71,228,56,0.475,168,Tablet,Paid
2024-03-22,57,182,44,0.475,168,Tablet,Direct
2024-03-22,42,137,33,0.475,168,Tablet,Social
2024-03-22,14,45,11,0.475,168,Tablet,Email
2024-03-23,395,1117,336,0.577,222,Desktop,Organic
2024-03-23,282,798,240,0.577,222,Desktop,Paid
2024-03-23,226,638,192,0.577,222,Desktop,Direct
2024-03-23,169,478,144,0.577,222,Desktop,Social
2024-03-23,56,159,48,0.577,222,Desktop,Email
2024-03-23,590,2355,481,0.612,115,Mobile,Organic
2024-03-23,421,1682,344,0.612,115,Mobile,Paid
2024-03-23,337,1345,275,0.612,115,Mobile,Direct
2024-03-23,252,1009,206,0.612,115,Mobile,Social
2024-03-23,84,336,68,0.612,115,Mobile,Email
2024-03-23,97,254,78,0.551,214,Tablet,Organic
2024-03-23,69,182,56,0.551,214,Tablet,Paid
2024-03-23,55,145,45,0.551,214,Tablet,Direct
2024-03-23,41,109,33,0.551,214,Tablet,Social
2024-03-23,13,36,11,0.551,214,Tablet,Email
2024-03-24,406,1087,311,0.499,291,Desktop,Organic
2024-03-24,290,776,222,0.499,291,Desktop,Paid
2024-03-24,232,621,178,0.499,291,Desktop,Direct
2024-03-24,174,466,133,0.499,291,Desktop,Social
2024-03-24,58,155,44,0.499,291,Desktop,Email
2024-03-24,561,1716,436,0.739,97,Mobile,Organic
2024-03-24,401,1226,311,0.739,97,Mobile,Paid
2024-03-24,321,980,249,0.739,97,Mobile,Direct
2024-03-24,240,735,186,0.739,97,Mobile,Social
2024-03-24,80,245,62,0.739,97,Mobile,Email
2024-03-24,120,484,94,0.629,159,Tablet,Organic
2024-03-24,85,346,67,0.629,159,Tablet,Paid
2024-03-24,68,277,54,0.629,159,Tablet,Direct
2024-03-24,51,207,40,0.629,159,Tablet,Social
2024-03-24,17,69,13,0.629,159,Tablet,Email
2024-03-25,277,796,208,0.594,261,Desktop,Organic
2024-03-25,198,569,149,0.594,261,Desktop,Paid
2024-03-25,158,455,119,0.594,261,Desktop,Direct
2024-03-25,118,341,89,0.594,261,Desktop,Social
2024-03-25,39,113,29,0.594,261,Desktop,Email
2024-03-25,473,1784,388,0.708,156,Mobile,Organic
2024-03-25,338,1274,277,0.708,156,Mobile,Paid
2024-03-25,270,1019,222,0.708,156,Mobile,Direct
2024-03-25,203,764,166,0.708,156,Mobile,Social
2024-03-25,67,254,55,0.708,156,Mobile,Email
2024-03-25,82,367,61,0.582,220,Tablet,Organic
2024-03-25,58,262,44,0.582,220,Tablet,Paid
2024-03-25,47,210,35,0.582,220,Tablet,Direct
2024-03-25,35,157,26,0.582,220,Tablet,Social
2024-03-25,11,52,8,0.582,220,Tablet,Email
2024-03-26,267,1060,212,0.409,251,Desktop,Organic
2024-03-26,191,757,151,0.409,251,Desktop,Paid
2024-03-26,153,605,121,0.409,251,Desktop,Direct
2024-03-26,114,454,90,0.409,251,Desktop,Social
2024-03-26,38,151,30,0.409,251,Desktop,Email
2024-03-26,444,1492,312,0.588,139,Mobile,Organic
2024-03-26,317,1065,223,0.588,139,Mobile,Paid
2024-03-26,254,852,178,0.588,139,Mobile,Direct
2024-03-26,190,639,134,0.588,139,Mobile,Social
2024-03-26,63,213,44,0.588,139,Mobile,Email
2024-03-26,75,227,58,0.515,139,Tablet,Organic
2024-03-26,54,162,42,0.515,139,Tablet,Paid
2024-03-26,43,129,33,0.515,139,Tablet,Direct
2024-03-26,32,97,25,0.515,139,Tablet,Social
2024-03-26,10,32,8,0.515,139,Tablet,Email
2024-03-27,388,971,333,0.456,261,Desktop,Organic
2024-03-27,277,694,238,0.456,261,Desktop,Paid
2024-03-27,221,555,190,0.456,261,Desktop,Direct
2024-03-27,166,416,143,0.456,261,Desktop,Social
2024-03-27,55,138,47,0.456,261,Desktop,Email
2024-03-27,567,1716,483,0.604,161,Mobile,Organic
2024-03-27,405,1225,345,0.604,161,Mobile,Paid
2024-03-27,324,980,276,0.604,161,Mobile,Direct
2024-03-27,243,735,207,0.604,161,Mobile,Social
2024-03-27,81,245,69,0.604,161,Mobile,Email
2024-03-27,105,290,81,0.506,159,Tablet,Organic
2024-03-27,75,207,58,0.506,159,Tablet,Paid
2024-03-27,60,165,46,0.506,159,Tablet,Direct
2024-03-27,45,124,34,0.506,159,Tablet,Social
2024-03-27,15,41,11,0.506,159,Tablet,Email
2024-03-28,225,933,177,0.43,190,Desktop,Organic
2024-03-28,161,666,126,0.43,190,Desktop,Paid
2024-03-28,129,533,101,0.43,190,Desktop,Direct
2024-03-28,96,399,76,0.43,190,Desktop,Social
2024-03-28,32,133,25,0.43,190,Desktop,Email
2024-03-28,380,1663,331,0.622,96,Mobile,Organic
2024-03-28,271,1188,236,0.622,96,Mobile,Paid
2024-03-28,217,950,189,0.622,96,Mobile,Direct
2024-03-28,162,713,142,0.622,96,Mobile,Social
2024-03-28,54,237,47,0.622,96,Mobile,Email
2024-03-28,61,235,46,0.477,236,Tablet,Organic
2024-03-28,44,168,33,0.477,236,Tablet,Paid
2024-03-28,35,134,26,0.477,236,Tablet,Direct
2024-03-28,26,101,19,0.477,236,Tablet,Social
2024-03-28,8,33,6,0.477,236,Tablet,Email
2024-03-29,320,806,250,0.508,256,Desktop,Organic
2024-03-29,229,576,178,0.508,256,Desktop,Paid
2024-03-29,183,460,143,0.508,256,Desktop,Direct
2024-03-29,137,345,107,0.508,256,Desktop,Social
2024-03-29,45,115,35,0.508,256,Desktop,Email
2024-03-29,507,1545,443,0.735,152,Mobile,Organic
2024-03-29,362,1104,317,0.735,152,Mobile,Paid
2024-03-29,289,883,253,0.735,152,Mobile,Direct
2024-03-29,217,662,190,0.735,152,Mobile,Social
2024-03-29,72,220,63,0.735,152,Mobile,Email
2024-03-29,90,311,66,0.488,156,Tablet,Organic
2024-03-29,64,222,47,0.488,156,Tablet,Paid
2024-03-29,51,178,37,0.488,156,Tablet,Direct
2024-03-29,38,133,28,0.488,156,Tablet,Social
2024-03-29,12,44,9,0.488,156,Tablet,Email
2024-03-30,372,1294,330,0.547,209,Desktop,Organic
2024-03-30,266,924,236,0.547,209,Desktop,Paid
2024-03-30,212,739,188,0.547,209,Desktop,Direct
2024-03-30,159,554,141,0.547,209,Desktop,Social
2024-03-30,53,184,47,0.547,209,Desktop,Email
2024-03-30,560,1579,420,0.581,126,Mobile,Organic
2024-03-30,400,1128,300,0.581,126,Mobile,Paid
2024-03-30,320,902,240,0.581,126,Mobile,Direct
2024-03-30,240,676,180,0.581,126,Mobile,Social
2024-03-30,80,225,60,0.581,126,Mobile,Email
2024-03-30,102,444,80,0.508,225,Tablet,Organic
2024-03-30,73,317,57,0.508,225,Tablet,Paid
2024-03-30,58,253,46,0.508,225,Tablet,Direct
2024-03-30,43,190,34,0.508,225,Tablet,Social
2024-03-30,14,63,11,0.508,225,Tablet,Email
2024-03-31,372,1021,307,0.459,226,Desktop,Organic
2024-03-31,265,730,219,0.459,226,Desktop,Paid
2024-03-31,212,584,175,0.459,226,Desktop,Direct
2024-03-31,159,438,131,0.459,226,Desktop,Social
2024-03-31,53,146,43,0.459,226,Desktop,Email
2024-03-31,638,2413,505,0.609,151,Mobile,Organic
2024-03-31,456,1723,360,0.609,151,Mobile,Paid
2024-03-31,364,1379,288,0.609,151,Mobile,Direct
2024-03-31,273,1034,216,0.609,151,Mobile,Social
2024-03-31,91,344,72,0.609,151,Mobile,Email
2024-03-31,116,357,95,0.489,128,Tablet,Organic
2024-03-31,83,255,68,0.489,128,Tablet,Paid
2024-03-31,66,204,54,0.489,128,Tablet,Direct
2024-03-31,49,153,40,0.489,128,Tablet,Social
2024-03-31,16,51,13,0.489,128,Tablet,Email
2024-04-01,184,519,161,0.546,286,Desktop,Organic
2024-04-01,132,371,115,0.546,286,Desktop,Paid
2024-04-01,105,297,92,0.546,286,Desktop,Direct
2024-04-01,79,222,69,0.546,286,Desktop,Social
2024-04-01,26,74,23,0.546,286,Desktop,Email
2024-04-01,264,800,228,0.743,90,Mobile,Organic
2024-04-01,189,571,163,0.743,90,Mobile,Paid
2024-04-01,151,457,130,0.743,90,Mobile,Direct
2024-04-01,113,343,97,0.743,90,Mobile,Social
2024-04-01,37,114,32,0.743,90,Mobile,Email
2024-04-01,50,150,42,0.63,197,Tablet,Organic
2024-04-01,36,107,30,0.63,197,Tablet,Paid
2024-04-01,29,85,24,0.63,197,Tablet,Direct
2024-04-01,21,64,18,0.63,197,Tablet,Social
2024-04-01,7,21,6,0.63,197,Tablet,Email
2024-04-02,140,460,123,0.542,204,Desktop,Organic
2024-04-02,100,329,88,0.542,204,Desktop,Paid
2024-04-02,80,263,70,0.542,204,Desktop,Direct
2024-04-02,60,197,52,0.542,204,Desktop,Social
2024-04-02,20,65,17,0.542,204,Desktop,Email
2024-04-02,215,734,151,0.599,93,Mobile,Organic
2024-04-02,154,524,108,0.599,93,Mobile,Paid
2024-04-02,123,419,86,0.599,93,Mobile,Direct
2024-04-02,92,314,64,0.599,93,Mobile,Social
2024-04-02,30,104,21,0.599,93,Mobile,Email
2024-04-02,39,154,29,0.49,198,Tablet,Organic
2024-04-02,28,110,21,0.49,198,Tablet,Paid
2024-04-02,22,88,16,0.49,198,Tablet,Direct
2024-04-02,17,66,12,0.49,198,Tablet,Social
2024-04-02,5,22,4,0.49,198,Tablet,Email
2024-04-03,230,620,162,0.48,213,Desktop,Organic
2024-04-03,164,443,115,0.48,213,Desktop,Paid
2024-04-03,131,354,92,0.48,213,Desktop,Direct
2024-04-03,98,265,69,0.48,213,Desktop,Social
2024-04-03,32,88,23,0.48,213,Desktop,Email
2024-04-03,358,1007,280,0.658,168,Mobile,Organic
2024-04-03,255,719,200,0.658,168,Mobile,Paid
2024-04-03,204,575,160,0.658,168,Mobile,Direct
2024-04-03,153,431,120,0.658,168,Mobile,Social
2024-04-03,51,143,40,0.658,168,Mobile,Email
2024-04-03,65,192,52,0.589,229,Tablet,Organic
2024-04-03,46,137,37,0.589,229,Tablet,Paid
2024-04-03,37,110,30,0.589,229,Tablet,Direct
2024-04-03,28,82,22,0.589,229,Tablet,Social
2024-04-03,9,27,7,0.589,229,Tablet,Email
2024-04-04,174,473,131,0.577,287,Desktop,Organic
2024-04-04,124,338,94,0.577,287,Desktop,Paid
2024-04-04,99,270,75,0.577,287,Desktop,Direct
2024-04-04,74,203,56,0.577,287,Desktop,Social
2024-04-04,24,67,18,0.577,287,Desktop,Email
2024-04-04,295,1059,212,0.647,113,Mobile,Organic
2024-04-04,211,757,151,0.647,113,Mobile,Paid
2024-04-04,168,605,121,0.647,113,Mobile,Direct
2024-04-04,126,454,90,0.647,113,Mobile,Social
2024-04-04,42,151,30,0.647,113,Mobile,Email
2024-04-04,48,152,41,0.454,165,Tablet,Organic
2024-04-04,34,108,29,0.454,165,Tablet,Paid
2024-04-04,27,87,23,0.454,165,Tablet,Direct
2024-04-04,20,65,17,0.454,165,Tablet,Social
2024-04-04,6,21,5,0.454,165,Tablet,Email
2024-04-05,251,748,195,0.412,227,Desktop,Organic
2024-04-05,180,534,139,0.412,227,Desktop,Paid
2024-04-05,144,427,111,0.412,227,Desktop,Direct
2024-04-05,108,320,83,0.412,227,Desktop,Social
2024-04-05,36,106,27,0.412,227,Desktop,Email
2024-04-05,403,1341,362,0.585,102,Mobile,Organic
2024-04-05,288,958,259,0.585,102,Mobile,Paid
2024-04-05,230,766,207,0.585,102,Mobile,Direct
2024-04-05,173,574,155,0.585,102,Mobile,Social
2024-04-05,57,191,51,0.585,102,Mobile,Email
2024-04-05,72,251,59,0.476,231,Tablet,Organic
2024-04-05,51,179,42,0.476,231,Tablet,Paid
2024-04-05,41,143,34,0.476,231,Tablet,Direct
2024-04-05,30,107,25,0.476,231,Tablet,Social
2024-04-05,10,35,8,0.476,231,Tablet,Email
2024-04-06,243,1092,177,0.592,231,Desktop,Organic
2024-04-06,174,780,126,0.592,231,Desktop,Paid
2024-04-06,139,624,101,0.592,231,Desktop,Direct
2024-04-06,104,468,76,0.592,231,Desktop,Social
2024-04-06,34,156,25,0.592,231,Desktop,Email
2024-04-06,372,1634,318,0.617,175,Mobile,Organic
2024-04-06,266,1167,227,0.617,175,Mobile,Paid
2024-04-06,213,934,182,0.617,175,Mobile,Direct
2024-04-06,159,700,136,0.617,175,Mobile,Social
2024-04-06,53,233,45,0.617,175,Mobile,Email
2024-04-06,60,159,45,0.465,223,Tablet,Organic
2024-04-06,43,114,32,0.465,223,Tablet,Paid
2024-04-06,34,91,26,0.465,223,Tablet,Direct
2024-04-06,26,68,19,0.465,223,Tablet,Social
2024-04-06,8,22,6,0.465,223,Tablet,Email
2024-04-07,299,1139,233,0.542,286,Desktop,Organic
2024-04-07,214,813,166,0.542,286,Desktop,Paid
2024-04-07,171,651,133,0.542,286,Desktop,Direct
2024-04-07,128,488,99,0.542,286,Desktop,Social
2024-04-07,42,162,33,0.542,286,Desktop,Email
2024-04-07,430,1560,353,0.679,106,Mobile,Organic
2024-04-07,307,1114,252,0.679,106,Mobile,Paid
2024-04-07,245,891,202,0.679,106,Mobile,Direct
2024-04-07,184,668,151,0.679,106,Mobile,Social
2024-04-07,61,222,50,0.679,106,Mobile,Email
2024-04-07,93,332,73,0.525,237,Tablet,Organic
2024-04-07,66,237,52,0.525,237,Tablet,Paid
2024-04-07,53,190,41,0.525,237,Tablet,Direct
2024-04-07,40,142,31,0.525,237,Tablet,Social
2024-04-07,13,47,10,0.525,237,Tablet,Email
2024-04-08,180,652,155,0.587,193,Desktop,Organic
2024-04-08,129,466,111,0.587,193,Desktop,Paid
2024-04-08,103,372,88,0.587,193,Desktop,Direct
2024-04-08,77,279,66,0.587,193,Desktop,Social
2024-04-08,25,93,22,0.587,193,Desktop,Email
2024-04-08,244,1079,194,0.589,137,Mobile,Organic
2024-04-08,175,771,138,0.589,137,Mobile,Paid
2024-04-08,140,617,111,0.589,137,Mobile,Direct
2024-04-08,105,462,83,0.589,137,Mobile,Social
2024-04-08,35,154,27,0.589,137,Mobile,Email
2024-04-08,53,142,40,0.49,122,Tablet,Organic
2024-04-08,38,101,28,0.49,122,Tablet,Paid
2024-04-08,30,81,23,0.49,122,Tablet,Direct
2024-04-08,22,61,17,0.49,122,Tablet,Social
2024-04-08,7,20,5,0.49,122,Tablet,Email
2024-04-09,220,563,156,0.569,268,Desktop,Organic
2024-04-09,157,402,112,0.569,268,Desktop,Paid
2024-04-09,126,322,89,0.569,268,Desktop,Direct
2024-04-09,94,241,67,0.569,268,Desktop,Social
2024-04-09,31,80,22,0.569,268,Desktop,Email
2024-04-09,311,1026,220,0.551,105,Mobile,Organic
2024-04-09,222,733,157,0.551,105,Mobile,Paid
2024-04-09,178,586,126,0.551,105,Mobile,Direct
2024-04-09,133,439,94,0.551,105,Mobile,Social
2024-04-09,44,146,31,0.551,105,Mobile,Email
2024-04-09,59,182,44,0.615,227,Tablet,Organic
2024-04-09,42,130,32,0.615,227,Tablet,Paid
2024-04-09,34,104,25,0.615,227,Tablet,Direct
2024-04-09,25,78,19,0.615,227,Tablet,Social
2024-04-09,8,26,6,0.615,227,Tablet,Email
2024-04-10,184,656,135,0.446,235,Desktop,Organic
2024-04-10,131,468,96,0.446,235,Desktop,Paid
2024-04-10,105,375,77,0.446,235,Desktop,Direct
2024-04-10,79,281,58,0.446,235,Desktop,Social
2024-04-10,26,93,19,0.446,235,Desktop,Email
2024-04-10,290,1241,257,0.581,160,Mobile,Organic
2024-04-10,207,886,184,0.581,160,Mobile,Paid
2024-04-10,165,709,147,0.581,160,Mobile,Direct
2024-04-10,124,532,110,0.581,160,Mobile,Social
2024-04-10,41,177,36,0.581,160,Mobile,Email
2024-04-10,49,135,38,0.586,235,Tablet,Organic
2024-04-10,35,96,27,0.586,235,Tablet,Paid
2024-04-10,28,77,22,0.586,235,Tablet,Direct
2024-04-10,21,58,16,0.586,235,Tablet,Social
2024-04-10,7,19,5,0.586,235,Tablet,Email
2024-04-11,139,536,116,0.51,294,Desktop,Organic
2024-04-11,99,383,83,0.51,294,Desktop,Paid
2024-04-11,79,306,66,0.51,294,Desktop,Direct
2024-04-11,59,229,49,0.51,294,Desktop,Social
2024-04-11,19,76,16,0.51,294,Desktop,Email
2024-04-11,246,858,216,0.608,147,Mobile,Organic
2024-04-11,176,613,154,0.608,147,Mobile,Paid
2024-04-11,141,490,123,0.608,147,Mobile,Direct
2024-04-11,105,367,92,0.608,147,Mobile,Social
2024-04-11,35,122,30,0.608,147,Mobile,Email
2024-04-11,41,137,31,0.57,174,Tablet,Organic
2024-04-11,29,98,22,0.57,174,Tablet,Paid
2024-04-11,23,78,18,0.57,174,Tablet,Direct
2024-04-11,17,58,13,0.57,174,Tablet,Social
2024-04-11,5,19,4,0.57,174,Tablet,Email
2024-04-12,212,882,155,0.596,270,Desktop,Organic
2024-04-12,151,630,111,0.596,270,Desktop,Paid
2024-04-12,121,504,89,0.596,270,Desktop,Direct
2024-04-12,90,378,66,0.596,270,Desktop,Social
2024-04-12,30,126,22,0.596,270,Desktop,Email
2024-04-12,306,1018,251,0.655,133,Mobile,Organic
2024-04-12,219,727,179,0.655,133,Mobile,Paid
2024-04-12,175,582,143,0.655,133,Mobile,Direct
2024-04-12,131,436,107,0.655,133,Mobile,Social
2024-04-12,43,145,35,0.655,133,Mobile,Email
2024-04-12,57,254,47,0.58,153,Tablet,Organic
2024-04-12,40,181,33,0.58,153,Tablet,Paid
2024-04-12,32,145,27,0.58,153,Tablet,Direct
2024-04-12,24,108,20,0.58,153,Tablet,Social
2024-04-12,8,36,6,0.58,153,Tablet,Email
2024-04-13,275,888,193,0.548,269,Desktop,Organic
2024-04-13,197,634,138,0.548,269,Desktop,Paid
2024-04-13,157,507,110,0.548,269,Desktop,Direct
2024-04-13,118,380,82,0.548,269,Desktop,Social
2024-04-13,39,126,27,0.548,269,Desktop,Email
2024-04-13,470,1756,334,0.588,129,Mobile,Organic
2024-04-13,336,1254,238,0.588,129,Mobile,Paid
2024-04-13,268,1003,191,0.588,129,Mobile,Direct
2024-04-13,201,752,143,0.588,129,Mobile,Social
2024-04-13,67,250,47,0.588,129,Mobile,Email
2024-04-13,72,272,51,0.495,163,Tablet,Organic
2024-04-13,51,194,37,0.495,163,Tablet,Paid
2024-04-13,41,155,29,0.495,163,Tablet,Direct
2024-04-13,31,116,22,0.495,163,Tablet,Social
2024-04-13,10,38,7,0.495,163,Tablet,Email
2024-04-14,231,676,166,0.551,260,Desktop,Organic
2024-04-14,165,483,119,0.551,260,Desktop,Paid
2024-04-14,132,386,95,0.551,260,Desktop,Direct
2024-04-14,99,289,71,0.551,260,Desktop,Social
2024-04-14,33,96,23,0.551,260,Desktop,Email
2024-04-14,387,1172,279,0.567,126,Mobile,Organic
2024-04-14,276,837,199,0.567,126,Mobile,Paid
2024-04-14,221,670,159,0.567,126,Mobile,Direct
2024-04-14,165,502,119,0.567,126,Mobile,Social
2024-04-14,55,167,39,0.567,126,Mobile,Email
2024-04-14,63,236,46,0.634,145,Tablet,Organic
2024-04-14,45,169,33,0.634,145,Tablet,Paid
2024-04-14,36,135,26,0.634,145,Tablet,Direct
2024-04-14,27,101,19,0.634,145,Tablet,Social
2024-04-14,9,33,6,0.634,145,Tablet,Email
2024-04-15,187,837,161,0.477,262,Desktop,Organic
2024-04-15,133,598,115,0.477,262,Desktop,Paid
2024-04-15,107,478,92,0.477,262,Desktop,Direct
2024-04-15,80,358,69,0.477,262,Desktop,Social
2024-04-15,26,119,23,0.477,262,Desktop,Email
2024-04-15,280,1257,237,0.576,124,Mobile,Organic
2024-04-15,200,898,170,0.576,124,Mobile,Paid
2024-04-15,160,718,136,0.576,124,Mobile,Direct
2024-04-15,120,538,102,0.576,124,Mobile,Social
2024-04-15,40,179,34,0.576,124,Mobile,Email
2024-04-15,57,170,41,0.469,126,Tablet,Organic
2024-04-15,41,121,29,0.469,126,Tablet,Paid
2024-04-15,33,97,23,0.469,126,Tablet,Direct
2024-04-15,24,73,17,0.469,126,Tablet,Social
2024-04-15,8,24,5,0.469,126,Tablet,Email
2024-04-16,151,399,108,0.49,252,Desktop,Organic
2024-04-16,108,285,77,0.49,252,Desktop,Paid
2024-04-16,86,228,62,0.49,252,Desktop,Direct
2024-04-16,65,171,46,0.49,252,Desktop,Social
2024-04-16,21,57,15,0.49,252,Desktop,Email
2024-04-16,263,825,232,0.6,120,Mobile,Organic
2024-04-16,188,589,166,0.6,120,Mobile,Paid
2024-04-16,150,471,133,0.6,120,Mobile,Direct
2024-04-16,112,353,99,0.6,120,Mobile,Social
2024-04-16,37,117,33,0.6,120,Mobile,Email
2024-04-16,43,166,35,0.456,128,Tablet,Organic
2024-04-16,31,118,25,0.456,128,Tablet,Paid
2024-04-16,24,95,20,0.456,128,Tablet,Direct
2024-04-16,18,71,15,0.456,128,Tablet,Social
2024-04-16,6,23,5,0.456,128,Tablet,Email
2024-04-17,183,736,140,0.554,275,Desktop,Organic
2024-04-17,131,525,100,0.554,275,Desktop,Paid
2024-04-17,104,420,80,0.554,275,Desktop,Direct
2024-04-17,78,315,60,0.554,275,Desktop,Social
2024-04-17,26,105,20,0.554,275,Desktop,Email
2024-04-17,255,820,219,0.75,122,Mobile,Organic
2024-04-17,182,586,156,0.75,122,Mobile,Paid
2024-04-17,145,468,125,0.75,122,Mobile,Direct
2024-04-17,109,351,94,0.75,122,Mobile,Social
2024-04-17,36,117,31,0.75,122,Mobile,Email
2024-04-17,47,163,37,0.522,151,Tablet,Organic
2024-04-17,34,117,26,0.522,151,Tablet,Paid
2024-04-17,27,93,21,0.522,151,Tablet,Direct
2024-04-17,20,70,15,0.522,151,Tablet,Social
2024-04-17,6,23,5,0.522,151,Tablet,Email
2024-04-18,182,522,161,0.505,270,Desktop,Organic
2024-04-18,130,373,115,0.505,270,Desktop,Paid
2024-04-18,104,298,92,0.505,270,Desktop,Direct
2024-04-18,78,223,69,0.505,270,Desktop,Social
2024-04-18,26,74,23,0.505,270,Desktop,Email
2024-04-18,305,824,238,0.615,128,Mobile,Organic
2024-04-18,218,588,170,0.615,128,Mobile,Paid
2024-04-18,174,471,136,0.615,128,Mobile,Direct
2024-04-18,131,353,102,0.615,128,Mobile,Social
2024-04-18,43,117,34,0.615,128,Mobile,Email
2024-04-18,52,190,46,0.523,173,Tablet,Organic
2024-04-18,37,136,33,0.523,173,Tablet,Paid
2024-04-18,29,109,26,0.523,173,Tablet,Direct
2024-04-18,22,81,19,0.523,173,Tablet,Social
2024-04-18,7,27,6,0.523,173,Tablet,Email
2024-04-19,191,496,152,0.5,202,Desktop,Organic
2024-04-19,137,354,108,0.5,202,Desktop,Paid
2024-04-19,109,283,87,0.5,202,Desktop,Direct
2024-04-19,82,212,65,0.5,202,Desktop,Social
2024-04-19,27,70,21,0.5,202,Desktop,Email
2024-04-19,290,1014,242,0.736,166,Mobile,Organic
2024-04-19,207,724,173,0.736,166,Mobile,Paid
2024-04-19,166,579,138,0.736,166,Mobile,Direct
2024-04-19,124,434,104,0.736,166,Mobile,Social
2024-04-19,41,144,34,0.736,166,Mobile,Email
2024-04-19,56,231,48,0.483,238,Tablet,Organic
2024-04-19,40,165,34,0.483,238,Tablet,Paid
2024-04-19,32,132,27,0.483,238,Tablet,Direct
2024-04-19,24,99,20,0.483,238,Tablet,Social
2024-04-19,8,33,6,0.483,238,Tablet,Email
2024-04-20,244,916,215,0.585,251,Desktop,Organic
2024-04-20,174,655,154,0.585,251,Desktop,Paid
2024-04-20,139,524,123,0.585,251,Desktop,Direct
2024-04-20,104,393,92,0.585,251,Desktop,Social
2024-04-20,34,131,30,0.585,251,Desktop,Email
2024-04-20,370,1222,312,0.722,98,Mobile,Organic
2024-04-20,264,873,223,0.722,98,Mobile,Paid
2024-04-20,211,698,178,0.722,98,Mobile,Direct
2024-04-20,158,523,134,0.722,98,Mobile,Social
2024-04-20,52,174,44,0.722,98,Mobile,Email
2024-04-20,70,220,62,0.469,150,Tablet,Organic
2024-04-20,50,157,44,0.469,150,Tablet,Paid
2024-04-20,40,126,35,0.469,150,Tablet,Direct
2024-04-20,30,94,26,0.469,150,Tablet,Social
2024-04-20,10,31,8,0.469,150,Tablet,Email
2024-04-21,211,867,160,0.473,216,Desktop,Organic
2024-04-21,150,619,114,0.473,216,Desktop,Paid
2024-04-21,120,495,91,0.473,216,Desktop,Direct
2024-04-21,90,371,68,0.473,216,Desktop,Social
2024-04-21,30,123,22,0.473,216,Desktop,Email
2024-04-21,340,997,300,0.737,129,Mobile,Organic
2024-04-21,243,712,214,0.737,129,Mobile,Paid
2024-04-21,194,570,171,0.737,129,Mobile,Direct
2024-04-21,145,427,128,0.737,129,Mobile,Social
2024-04-21,48,142,42,0.737,129,Mobile,Email
2024-04-21,68,234,59,0.593,131,Tablet,Organic
2024-04-21,48,167,42,0.593,131,Tablet,Paid
2024-04-21,39,134,33,0.593,131,Tablet,Direct
2024-04-21,29,100,25,0.593,131,Tablet,Social
2024-04-21,9,33,8,0.593,131,Tablet,Email
2024-04-22,167,619,127,0.589,258,Desktop,Organic
2024-04-22,119,442,91,0.589,258,Desktop,Paid
2024-04-22,95,353,73,0.589,258,Desktop,Direct
2024-04-22,71,265,54,0.589,258,Desktop,Social
2024-04-22,23,88,18,0.589,258,Desktop,Email
2024-04-22,270,933,233,0.588,90,Mobile,Organic
2024-04-22,193,666,166,0.588,90,Mobile,Paid
2024-04-22,154,533,133,0.588,90,Mobile,Direct
2024-04-22,115,400,100,0.588,90,Mobile,Social
2024-04-22,38,133,33,0.588,90,Mobile,Email
2024-04-22,44,199,31,0.549,225,Tablet,Organic
2024-04-22,32,142,22,0.549,225,Tablet,Paid
2024-04-22,25,114,18,0.549,225,Tablet,Direct
2024-04-22,19,85,13,0.549,225,Tablet,Social
2024-04-22,6,28,4,0.549,225,Tablet,Email
2024-04-23,123,467,86,0.421,195,Desktop,Organic
2024-04-23,88,334,62,0.421,195,Desktop,Paid
2024-04-23,70,267,49,0.421,195,Desktop,Direct
2024-04-23,52,200,37,0.421,195,Desktop,Social
2024-04-23,17,66,12,0.421,195,Desktop,Email
2024-04-23,198,583,142,0.74,146,Mobile,Organic
2024-04-23,141,417,101,0.74,146,Mobile,Paid
2024-04-23,113,333,81,0.74,146,Mobile,Direct
2024-04-23,85,250,61,0.74,146,Mobile,Social
2024-04-23,28,83,20,0.74,146,Mobile,Email
2024-04-23,39,133,27,0.499,158,Tablet,Organic
2024-04-23,28,95,19,0.499,158,Tablet,Paid
2024-04-23,22,76,15,0.499,158,Tablet,Direct
2024-04-23,16,57,11,0.499,158,Tablet,Social
2024-04-23,5,19,3,0.499,158,Tablet,Email
2024-04-24,190,575,134,0.514,259,Desktop,Organic
2024-04-24,136,411,96,0.514,259,Desktop,Paid
2024-04-24,109,329,76,0.514,259,Desktop,Direct
2024-04-24,81,246,57,0.514,259,Desktop,Social
2024-04-24,27,82,19,0.514,259,Desktop,Email
2024-04-24,300,1310,264,0.608,101,Mobile,Organic
2024-04-24,214,936,189,0.608,101,Mobile,Paid
2024-04-24,171,749,151,0.608,101,Mobile,Direct
2024-04-24,128,561,113,0.608,101,Mobile,Social
2024-04-24,42,187,37,0.608,101,Mobile,Email
2024-04-24,50,130,43,0.538,218,Tablet,Organic
2024-04-24,35,93,31,0.538,218,Tablet,Paid
2024-04-24,28,74,25,0.538,218,Tablet,Direct
2024-04-24,21,55,18,0.538,218,Tablet,Social
2024-04-24,7,18,6,0.538,218,Tablet,Email
2024-04-25,143,609,106,0.552,200,Desktop,Organic
2024-04-25,102,435,76,0.552,200,Desktop,Paid
2024-04-25,82,348,60,0.552,200,Desktop,Direct
2024-04-25,61,261,45,0.552,200,Desktop,Social
2024-04-25,20,87,15,0.552,200,Desktop,Email
2024-04-25,267,1045,231,0.717,112,Mobile,Organic
2024-04-25,190,746,165,0.717,112,Mobile,Paid
2024-04-25,152,597,132,0.717,112,Mobile,Direct
2024-04-25,114,447,99,0.717,112,Mobile,Social
2024-04-25,38,149,33,0.717,112,Mobile,Email
2024-04-25,48,152,36,0.529,172,Tablet,Organic
2024-04-25,34,108,26,0.529,172,Tablet,Paid
2024-04-25,27,87,21,0.529,172,Tablet,Direct
2024-04-25,20,65,15,0.529,172,Tablet,Social
2024-04-25,6,21,5,0.529,172,Tablet,Email
2024-04-26,225,666,195,0.529,287,Desktop,Organic
2024-04-26,161,476,139,0.529,287,Desktop,Paid
2024-04-26,128,380,111,0.529,287,Desktop,Direct
2024-04-26,96,285,83,0.529,287,Desktop,Social
2024-04-26,32,95,27,0.529,287,Desktop,Email
2024-04-26,410,1129,293,0.566,172,Mobile,Organic
2024-04-26,293,807,209,0.566,172,Mobile,Paid
2024-04-26,234,645,167,0.566,172,Mobile,Direct
2024-04-26,175,484,125,0.566,172,Mobile,Social
2024-04-26,58,161,41,0.566,172,Mobile,Email
2024-04-26,65,171,52,0.64,191,Tablet,Organic
2024-04-26,47,122,37,0.64,191,Tablet,Paid
2024-04-26,37,98,30,0.64,191,Tablet,Direct
2024-04-26,28,73,22,0.64,191,Tablet,Social
2024-04-26,9,24,7,0.64,191,Tablet,Email
2024-04-27,231,648,175,0.538,226,Desktop,Organic
2024-04-27,165,463,125,0.538,226,Desktop,Paid
2024-04-27,132,370,100,0.538,226,Desktop,Direct
2024-04-27,99,277,75,0.538,226,Desktop,Social
2024-04-27,33,92,25,0.538,226,Desktop,Email
2024-04-27,350,1466,279,0.635,119,Mobile,Organic
2024-04-27,250,1047,199,0.635,119,Mobile,Paid
2024-04-27,200,838,159,0.635,119,Mobile,Direct
2024-04-27,150,628,119,0.635,119,Mobile,Social
2024-04-27,50,209,39,0.635,119,Mobile,Email
2024-04-27,71,212,63,0.6,152,Tablet,Organic
2024-04-27,51,152,45,0.6,152,Tablet,Paid
2024-04-27,41,121,36,0.6,152,Tablet,Direct
2024-04-27,30,91,27,0.6,152,Tablet,Social
2024-04-27,10,30,9,0.6,152,Tablet,Email
2024-04-28,195,615,169,0.421,262,Desktop,Organic
2024-04-28,139,439,120,0.421,262,Desktop,Paid
2024-04-28,111,351,96,0.421,262,Desktop,Direct
2024-04-28,83,263,72,0.421,262,Desktop,Social
2024-04-28,27,87,24,0.421,262,Desktop,Email
2024-04-28,319,1425,282,0.571,110,Mobile,Organic
2024-04-28,228,1018,202,0.571,110,Mobile,Paid
2024-04-28,182,814,161,0.571,110,Mobile,Direct
2024-04-28,136,610,121,0.571,110,Mobile,Social
2024-04-28,45,203,40,0.571,110,Mobile,Email
2024-04-28,63,240,53,0.608,195,Tablet,Organic
2024-04-28,45,172,38,0.608,195,Tablet,Paid
2024-04-28,36,137,30,0.608,195,Tablet,Direct
2024-04-28,27,103,23,0.608,195,Tablet,Social
2024-04-28,9,34,7,0.608,195,Tablet,Email
2024-04-29,165,613,138,0.528,244,Desktop,Organic
2024-04-29,118,438,99,0.528,244,Desktop,Paid
2024-04-29,94,350,79,0.528,244,Desktop,Direct
2024-04-29,71,262,59,0.528,244,Desktop,Social
2024-04-29,23,87,19,0.528,244,Desktop,Email
2024-04-29,264,1024,202,0.7,94,Mobile,Organic
2024-04-29,189,732,144,0.7,94,Mobile,Paid
2024-04-29,151,585,115,0.7,94,Mobile,Direct
2024-04-29,113,439,86,0.7,94,Mobile,Social
2024-04-29,37,146,28,0.7,94,Mobile,Email
2024-04-29,47,193,35,0.453,132,Tablet,Organic
2024-04-29,34,138,25,0.453,132,Tablet,Paid
2024-04-29,27,110,20,0.453,132,Tablet,Direct
2024-04-29,20,82,15,0.453,132,Tablet,Social
2024-04-29,6,27,5,0.453,132,Tablet,Email
2024-04-30,224,845,178,0.568,208,Desktop,Organic
2024-04-30,160,604,127,0.568,208,Desktop,Paid
2024-04-30,128,483,102,0.568,208,Desktop,Direct
2024-04-30,96,362,76,0.568,208,Desktop,Social
2024-04-30,32,120,25,0.568,208,Desktop,Email
2024-04-30,306,904,275,0.716,167,Mobile,Organic
2024-04-30,219,645,196,0.716,167,Mobile,Paid
2024-04-30,175,516,157,0.716,167,Mobile,Direct
2024-04-30,131,387,117,0.716,167,Mobile,Social
2024-04-30,43,129,39,0.716,167,Mobile,Email
2024-04-30,58,195,47,0.457,199,Tablet,Organic
2024-04-30,41,139,34,0.457,199,Tablet,Paid
2024-04-30,33,111,27,0.457,199,Tablet,Direct
2024-04-30,24,83,20,0.457,199,Tablet,Social
2024-04-30,8,27,6,0.457,199,Tablet,Email
2024-05-01,204,659,152,0.533,281,Desktop,Organic
2024-05-01,146,470,109,0.533,281,Desktop,Paid
2024-05-01,116,376,87,0.533,281,Desktop,Direct
2024-05-01,87,282,65,0.533,281,Desktop,Social
2024-05-01,29,94,21,0.533,281,Desktop,Email
2024-05-01,300,1268,212,0.747,161,Mobile,Organic
2024-05-01,214,906,152,0.747,161,Mobile,Paid
2024-05-01,171,725,121,0.747,161,Mobile,Direct
2024-05-01,128,543,91,0.747,161,Mobile,Social
2024-05-01,42,181,30,0.747,161,Mobile,Email
2024-05-01,51,130,45,0.473,159,Tablet,Organic
2024-05-01,36,93,32,0.473,159,Tablet,Paid
2024-05-01,29,74,25,0.473,159,Tablet,Direct
2024-05-01,22,55,19,0.473,159,Tablet,Social
2024-05-01,7,18,6,0.473,159,Tablet,Email
2024-05-02,198,750,167,0.472,247,Desktop,Organic
2024-05-02,141,536,119,0.472,247,Desktop,Paid
2024-05-02,113,428,95,0.472,247,Desktop,Direct
2024-05-02,84,321,71,0.472,247,Desktop,Social
2024-05-02,28,107,23,0.472,247,Desktop,Email
2024-05-02,304,1239,269,0.557,121,Mobile,Organic
2024-05-02,217,885,192,0.557,121,Mobile,Paid
2024-05-02,173,708,154,0.557,121,Mobile,Direct
2024-05-02,130,531,115,0.557,121,Mobile,Social
2024-05-02,43,177,38,0.557,121,Mobile,Email
2024-05-02,61,173,44,0.503,207,Tablet,Organic
2024-05-02,44,124,31,0.503,207,Tablet,Paid
2024-05-02,35,99,25,0.503,207,Tablet,Direct
2024-05-02,26,74,18,0.503,207,Tablet,Social
2024-05-02,8,24,6,0.503,207,Tablet,Email
2024-05-03,244,710,213,0.521,287,Desktop,Organic
2024-05-03,174,507,152,0.521,287,Desktop,Paid
2024-05-03,139,406,122,0.521,287,Desktop,Direct
2024-05-03,104,304,91,0.521,287,Desktop,Social
2024-05-03,34,101,30,0.521,287,Desktop,Email
2024-05-03,375,1258,310,0.568,121,Mobile,Organic
2024-05-03,268,899,221,0.568,121,Mobile,Paid
2024-05-03,214,719,177,0.568,121,Mobile,Direct
2024-05-03,160,539,133,0.568,121,Mobile,Social
2024-05-03,53,179,44,0.568,121,Mobile,Email
2024-05-03,67,280,57,0.634,196,Tablet,Organic
2024-05-03,48,200,40,0.634,196,Tablet,Paid
2024-05-03,38,160,32,0.634,196,Tablet,Direct
2024-05-03,29,120,24,0.634,196,Tablet,Social
2024-05-03,9,40,8,0.634,196,Tablet,Email
2024-05-04,297,1047,260,0.522,241,Desktop,Organic
2024-05-04,212,748,186,0.522,241,Desktop,Paid
2024-05-04,169,598,149,0.522,241,Desktop,Direct
2024-05-04,127,448,111,0.522,241,Desktop,Social
2024-05-04,42,149,37,0.522,241,Desktop,Email
2024-05-04,448,1780,372,0.629,161,Mobile,Organic
2024-05-04,320,1271,266,0.629,161,Mobile,Paid
2024-05-04,256,1017,212,0.629,161,Mobile,Direct
2024-05-04,192,763,159,0.629,161,Mobile,Social
2024-05-04,64,254,53,0.629,161,Mobile,Email
2024-05-04,74,203,66,0.614,175,Tablet,Organic
2024-05-04,53,145,47,0.614,175,Tablet,Paid
2024-05-04,42,116,37,0.614,175,Tablet,Direct
2024-05-04,31,87,28,0.614,175,Tablet,Social
2024-05-04,10,29,9,0.614,175,Tablet,Email
2024-05-05,292,819,253,0.432,208,Desktop,Organic
2024-05-05,209,585,181,0.432,208,Desktop,Paid
2024-05-05,167,468,144,0.432,208,Desktop,Direct
2024-05-05,125,351,108,0.432,208,Desktop,Social
2024-05-05,41,117,36,0.432,208,Desktop,Email
2024-05-05,392,1239,312,0.577,90,Mobile,Organic
2024-05-05,280,885,223,0.577,90,Mobile,Paid
2024-05-05,224,708,178,0.577,90,Mobile,Direct
2024-05-05,168,531,133,0.577,90,Mobile,Social
2024-05-05,56,177,44,0.577,90,Mobile,Email
2024-05-05,80,335,64,0.519,210,Tablet,Organic
2024-05-05,57,239,46,0.519,210,Tablet,Paid
2024-05-05,46,191,36,0.519,210,Tablet,Direct
2024-05-05,34,143,27,0.519,210,Tablet,Social
2024-05-05,11,47,9,0.519,210,Tablet,Email
2024-05-06,197,767,175,0.452,202,Desktop,Organic
2024-05-06,140,548,125,0.452,202,Desktop,Paid
2024-05-06,112,438,100,0.452,202,Desktop,Direct
2024-05-06,84,329,75,0.452,202,Desktop,Social
2024-05-06,28,109,25,0.452,202,Desktop,Email
2024-05-06,315,1102,265,0.588,108,Mobile,Organic
2024-05-06,225,787,189,0.588,108,Mobile,Paid
2024-05-06,180,630,151,0.588,108,Mobile,Direct
2024-05-06,135,472,113,0.588,108,Mobile,Social
2024-05-06,45,157,37,0.588,108,Mobile,Email
2024-05-06,55,164,44,0.501,228,Tablet,Organic
2024-05-06,39,117,31,0.501,228,Tablet,Paid
2024-05-06,31,94,25,0.501,228,Tablet,Direct
2024-05-06,23,70,18,0.501,228,Tablet,Social
2024-05-06,7,23,6,0.501,228,Tablet,Email
2024-05-07,209,528,156,0.407,251,Desktop,Organic
2024-05-07,149,377,112,0.407,251,Desktop,Paid
2024-05-07,119,301,89,0.407,251,Desktop,Direct
2024-05-07,89,226,67,0.407,251,Desktop,Social
2024-05-07,29,75,22,0.407,251,Desktop,Email
2024-05-07,339,1026,262,0.652,95,Mobile,Organic
2024-05-07,242,733,187,0.652,95,Mobile,Paid
2024-05-07,194,586,150,0.652,95,Mobile,Direct
2024-05-07,145,440,112,0.652,95,Mobile,Social
2024-05-07,48,146,37,0.652,95,Mobile,Email
2024-05-07,59,182,45,0.646,199,Tablet,Organic
2024-05-07,42,130,32,0.646,199,Tablet,Paid
2024-05-07,34,104,26,0.646,199,Tablet,Direct
2024-05-07,25,78,19,0.646,199,Tablet,Social
2024-05-07,8,26,6,0.646,199,Tablet,Email
2024-05-08,217,886,161,0.574,256,Desktop,Organic
2024-05-08,155,633,115,0.574,256,Desktop,Paid
2024-05-08,124,506,92,0.574,256,Desktop,Direct
2024-05-08,93,380,69,0.574,256,Desktop,Social
2024-05-08,31,126,23,0.574,256,Desktop,Email
2024-05-08,337,1425,274,0.622,166,Mobile,Organic
2024-05-08,241,1018,196,0.622,166,Mobile,Paid
2024-05-08,192,814,157,0.622,166,Mobile,Direct
2024-05-08,144,611,117,0.622,166,Mobile,Social
2024-05-08,48,203,39,0.622,166,Mobile,Email
2024-05-08,58,204,48,0.644,192,Tablet,Organic
2024-05-08,42,146,34,0.644,192,Tablet,Paid
2024-05-08,33,117,27,0.644,192,Tablet,Direct
2024-05-08,25,87,20,0.644,192,Tablet,Social
2024-05-08,8,29,6,0.644,192,Tablet,Email
2024-05-09,194,567,158,0.491,206,Desktop,Organic
2024-05-09,138,405,113,0.491,206,Desktop,Paid
2024-05-09,111,324,90,0.491,206,Desktop,Direct
2024-05-09,83,243,67,0.491,206,Desktop,Social
2024-05-09,27,81,22,0.491,206,Desktop,Email
2024-05-09,340,919,303,0.707,96,Mobile,Organic
2024-05-09,243,656,217,0.707,96,Mobile,Paid
2024-05-09,194,525,173,0.707,96,Mobile,Direct
2024-05-09,145,393,130,0.707,96,Mobile,Social
2024-05-09,48,131,43,0.707,96,Mobile,Email
2024-05-09,60,160,45,0.47,226,Tablet,Organic
2024-05-09,43,114,32,0.47,226,Tablet,Paid
2024-05-09,34,91,26,0.47,226,Tablet,Direct
2024-05-09,25,68,19,0.47,226,Tablet,Social
2024-05-09,8,22,6,0.47,226,Tablet,Email
2024-05-10,220,563,168,0.475,271,Desktop,Organic
2024-05-10,157,402,120,0.475,271,Desktop,Paid
2024-05-10,125,321,96,0.475,271,Desktop,Direct
2024-05-10,94,241,72,0.475,271,Desktop,Social
2024-05-10,31,80,24,0.475,271,Desktop,Email
2024-05-10,345,1463,269,0.665,175,Mobile,Organic
2024-05-10,246,1045,192,0.665,175,Mobile,Paid
2024-05-10,197,836,154,0.665,175,Mobile,Direct
2024-05-10,148,627,115,0.665,175,Mobile,Social
2024-05-10,49,209,38,0.665,175,Mobile,Email
2024-05-10,73,303,61,0.625,140,Tablet,Organic
2024-05-10,52,216,44,0.625,140,Tablet,Paid
2024-05-10,42,173,35,0.625,140,Tablet,Direct
2024-05-10,31,129,26,0.625,140,Tablet,Social
2024-05-10,10,43,8,0.625,140,Tablet,Email
2024-05-11,232,977,204,0.512,274,Desktop,Organic
2024-05-11,165,698,146,0.512,274,Desktop,Paid
2024-05-11,132,558,116,0.512,274,Desktop,Direct
2024-05-11,99,418,87,0.512,274,Desktop,Social
2024-05-11,33,139,29,0.512,274,Desktop,Email
2024-05-11,391,1230,329,0.711,95,Mobile,Organic
2024-05-11,279,879,235,0.711,95,Mobile,Paid
2024-05-11,223,703,188,0.711,95,Mobile,Direct
2024-05-11,167,527,141,0.711,95,Mobile,Social
2024-05-11,55,175,47,0.711,95,Mobile,Email
2024-05-11,74,300,60,0.491,219,Tablet,Organic
2024-05-11,53,214,43,0.491,219,Tablet,Paid
2024-05-11,42,171,34,0.491,219,Tablet,Direct
2024-05-11,31,128,25,0.491,219,Tablet,Social
2024-05-11,10,42,8,0.491,219,Tablet,Email
2024-05-12,249,1108,202,0.488,242,Desktop,Organic
2024-05-12,178,792,144,0.488,242,Desktop,Paid
2024-05-12,142,633,115,0.488,242,Desktop,Direct
2024-05-12,106,475,86,0.488,242,Desktop,Social
2024-05-12,35,158,28,0.488,242,Desktop,Email
2024-05-12,355,1009,264,0.747,128,Mobile,Organic
2024-05-12,254,721,189,0.747,128,Mobile,Paid
2024-05-12,203,576,151,0.747,128,Mobile,Direct
2024-05-12,152,432,113,0.747,128,Mobile,Social
2024-05-12,50,144,37,0.747,128,Mobile,Email
2024-05-12,70,254,51,0.58,181,Tablet,Organic
2024-05-12,50,182,36,0.58,181,Tablet,Paid
2024-05-12,40,145,29,0.58,181,Tablet,Direct
2024-05-12,30,109,22,0.58,181,Tablet,Social
2024-05-12,10,36,7,0.58,181,Tablet,Email
2024-05-13,218,576,157,0.446,291,Desktop,Organic
2024-05-13,156,411,112,0.446,291,Desktop,Paid
2024-05-13,125,329,90,0.446,291,Desktop,Direct
2024-05-13,93,247,67,0.446,291,Desktop,Social
2024-05-13,31,82,22,0.446,291,Desktop,Email
2024-05-13,389,1209,328,0.659,160,Mobile,Organic
2024-05-13,278,864,234,0.659,160,Mobile,Paid
2024-05-13,222,691,187,0.659,160,Mobile,Direct
2024-05-13,167,518,140,0.659,160,Mobile,Social
2024-05-13,55,172,46,0.659,160,Mobile,Email
2024-05-13,70,251,51,0.578,238,Tablet,Organic
2024-05-13,50,179,37,0.578,238,Tablet,Paid
2024-05-13,40,143,29,0.578,238,Tablet,Direct
2024-05-13,30,107,22,0.578,238,Tablet,Social
2024-05-13,10,35,7,0.578,238,Tablet,Email
2024-05-14,200,551,149,0.442,187,Desktop,Organic
2024-05-14,143,394,106,0.442,187,Desktop,Paid
2024-05-14,114,315,85,0.442,187,Desktop,Direct
2024-05-14,86,236,64,0.442,187,Desktop,Social
2024-05-14,28,78,21,0.442,187,Desktop,Email
2024-05-14,317,961,232,0.718,118,Mobile,Organic
2024-05-14,226,687,166,0.718,118,Mobile,Paid
2024-05-14,181,549,132,0.718,118,Mobile,Direct
2024-05-14,135,412,99,0.718,118,Mobile,Social
2024-05-14,45,137,33,0.718,118,Mobile,Email
2024-05-14,54,231,47,0.453,158,Tablet,Organic
2024-05-14,39,165,34,0.453,158,Tablet,Paid
2024-05-14,31,132,27,0.453,158,Tablet,Direct
2024-05-14,23,99,20,0.453,158,Tablet,Social
2024-05-14,7,33,6,0.453,158,Tablet,Email
2024-05-15,177,623,128,0.441,211,Desktop,Organic
2024-05-15,126,445,92,0.441,211,Desktop,Paid
2024-05-15,101,356,73,0.441,211,Desktop,Direct
2024-05-15,76,267,55,0.441,211,Desktop,Social
2024-05-15,25,89,18,0.441,211,Desktop,Email
2024-05-15,282,1084,241,0.555,139,Mobile,Organic
2024-05-15,202,774,172,0.555,139,Mobile,Paid
2024-05-15,161,619,138,0.555,139,Mobile,Direct
2024-05-15,121,464,103,0.555,139,Mobile,Social
2024-05-15,40,154,34,0.555,139,Mobile,Email
2024-05-15,45,174,33,0.648,126,Tablet,Organic
2024-05-15,32,124,24,0.648,126,Tablet,Paid
2024-05-15,26,99,19,0.648,126,Tablet,Direct
2024-05-15,19,74,14,0.648,126,Tablet,Social
2024-05-15,6,24,4,0.648,126,Tablet,Email
2024-05-16,242,843,198,0.511,199,Desktop,Organic
2024-05-16,173,602,141,0.511,199,Desktop,Paid
2024-05-16,138,482,113,0.511,199,Desktop,Direct
2024-05-16,103,361,84,0.511,199,Desktop,Social
2024-05-16,34,120,28,0.511,199,Desktop,Email
2024-05-16,366,1271,282,0.643,179,Mobile,Organic
2024-05-16,261,908,201,0.643,179,Mobile,Paid
2024-05-16,209,726,161,0.643,179,Mobile,Direct
2024-05-16,156,544,120,0.643,179,Mobile,Social
2024-05-16,52,181,40,0.643,179,Mobile,Email
2024-05-16,67,208,51,0.62,233,Tablet,Organic
2024-05-16,48,149,36,0.62,233,Tablet,Paid
2024-05-16,38,119,29,0.62,233,Tablet,Direct
2024-05-16,28,89,22,0.62,233,Tablet,Social
2024-05-16,9,29,7,0.62,233,Tablet,Email
2024-05-17,206,672,161,0.578,187,Desktop,Organic
2024-05-17,147,480,115,0.578,187,Desktop,Paid
2024-05-17,117,384,92,0.578,187,Desktop,Direct
2024-05-17,88,288,69,0.578,187,Desktop,Social
2024-05-17,29,96,23,0.578,187,Desktop,Email
2024-05-17,331,1291,246,0.731,98,Mobile,Organic
2024-05-17,236,922,175,0.731,98,Mobile,Paid
2024-05-17,189,737,140,0.731,98,Mobile,Direct
2024-05-17,142,553,105,0.731,98,Mobile,Social
2024-05-17,47,184,35,0.731,98,Mobile,Email
2024-05-17,56,253,47,0.589,239,Tablet,Organic
2024-05-17,40,181,34,0.589,239,Tablet,Paid
2024-05-17,32,144,27,0.589,239,Tablet,Direct
2024-05-17,24,108,20,0.589,239,Tablet,Social
2024-05-17,8,36,6,0.589,239,Tablet,Email
2024-05-18,296,870,242,0.498,267,Desktop,Organic
2024-05-18,211,621,173,0.498,267,Desktop,Paid
2024-05-18,169,497,138,0.498,267,Desktop,Direct
2024-05-18,126,373,103,0.498,267,Desktop,Social
2024-05-18,42,124,34,0.498,267,Desktop,Email
2024-05-18,513,1547,365,0.648,146,Mobile,Organic
2024-05-18,367,1105,261,0.648,146,Mobile,Paid
2024-05-18,293,884,208,0.648,146,Mobile,Direct
2024-05-18,220,663,156,0.648,146,Mobile,Social
2024-05-18,73,221,52,0.648,146,Mobile,Email
2024-05-18,95,240,84,0.547,195,Tablet,Organic
2024-05-18,68,171,60,0.547,195,Tablet,Paid
2024-05-18,54,137,48,0.547,195,Tablet,Direct
2024-05-18,40,103,36,0.547,195,Tablet,Social
2024-05-18,13,34,12,0.547,195,Tablet,Email
2024-05-19,242,887,212,0.579,214,Desktop,Organic
2024-05-19,173,634,151,0.579,214,Desktop,Paid
2024-05-19,138,507,121,0.579,214,Desktop,Direct
2024-05-19,103,380,90,0.579,214,Desktop,Social
2024-05-19,34,126,30,0.579,214,Desktop,Email
2024-05-19,388,1374,275,0.579,98,Mobile,Organic
2024-05-19,277,981,196,0.579,98,Mobile,Paid
2024-05-19,222,785,157,0.579,98,Mobile,Direct
2024-05-19,166,589,118,0.579,98,Mobile,Social
2024-05-19,55,196,39,0.579,98,Mobile,Email
2024-05-19,60,185,54,0.51,155,Tablet,Organic
2024-05-19,43,132,38,0.51,155,Tablet,Paid
2024-05-19,34,105,31,0.51,155,Tablet,Direct
2024-05-19,26,79,23,0.51,155,Tablet,Social
2024-05-19,8,26,7,0.51,155,Tablet,Email
2024-05-20,221,713,190,0.464,272,Desktop,Organic
2024-05-20,158,509,135,0.464,272,Desktop,Paid
2024-05-20,126,407,108,0.464,272,Desktop,Direct
2024-05-20,94,305,81,0.464,272,Desktop,Social
2024-05-20,31,101,27,0.464,272,Desktop,Email
2024-05-20,400,1667,325,0.671,120,Mobile,Organic
2024-05-20,285,1191,232,0.671,120,Mobile,Paid
2024-05-20,228,953,186,0.671,120,Mobile,Direct
2024-05-20,171,714,139,0.671,120,Mobile,Social
2024-05-20,57,238,46,0.671,120,Mobile,Email
2024-05-20,71,234,63,0.538,196,Tablet,Organic
2024-05-20,51,167,45,0.538,196,Tablet,Paid
2024-05-20,41,134,36,0.538,196,Tablet,Direct
2024-05-20,30,100,27,0.538,196,Tablet,Social
2024-05-20,10,33,9,0.538,196,Tablet,Email
2024-05-21,214,923,181,0.407,221,Desktop,Organic
2024-05-21,153,659,129,0.407,221,Desktop,Paid
2024-05-21,122,527,103,0.407,221,Desktop,Direct
2024-05-21,91,395,77,0.407,221,Desktop,Social
2024-05-21,30,131,25,0.407,221,Desktop,Email
2024-05-21,309,1182,253,0.719,118,Mobile,Organic
2024-05-21,221,844,181,0.719,118,Mobile,Paid
2024-05-21,176,675,145,0.719,118,Mobile,Direct
2024-05-21,132,506,108,0.719,118,Mobile,Social
2024-05-21,44,168,36,0.719,118,Mobile,Email
2024-05-21,60,191,53,0.557,188,Tablet,Organic
2024-05-21,43,136,38,0.557,188,Tablet,Paid
2024-05-21,34,109,30,0.557,188,Tablet,Direct
2024-05-21,26,81,22,0.557,188,Tablet,Social
2024-05-21,8,27,7,0.557,188,Tablet,Email
2024-05-22,254,911,219,0.587,211,Desktop,Organic
2024-05-22,182,651,156,0.587,211,Desktop,Paid
2024-05-22,145,521,125,0.587,211,Desktop,Direct
2024-05-22,109,390,93,0.587,211,Desktop,Social
2024-05-22,36,130,31,0.587,211,Desktop,Email
2024-05-22,360,1137,303,0.75,156,Mobile,Organic
2024-05-22,257,812,216,0.75,156,Mobile,Paid
2024-05-22,206,650,173,0.75,156,Mobile,Direct
2024-05-22,154,487,129,0.75,156,Mobile,Social
2024-05-22,51,162,43,0.75,156,Mobile,Email
2024-05-22,71,288,61,0.539,155,Tablet,Organic
2024-05-22,50,206,43,0.539,155,Tablet,Paid
2024-05-22,40,164,35,0.539,155,Tablet,Direct
2024-05-22,30,123,26,0.539,155,Tablet,Social
2024-05-22,10,41,8,0.539,155,Tablet,Email
2024-05-23,202,882,167,0.581,296,Desktop,Organic
2024-05-23,144,630,119,0.581,296,Desktop,Paid
2024-05-23,115,504,95,0.581,296,Desktop,Direct
2024-05-23,86,378,71,0.581,296,Desktop,Social
2024-05-23,28,126,23,0.581,296,Desktop,Email
2024-05-23,362,1575,302,0.634,161,Mobile,Organic
2024-05-23,259,1125,215,0.634,161,Mobile,Paid
2024-05-23,207,900,172,0.634,161,Mobile,Direct
2024-05-23,155,675,129,0.634,161,Mobile,Social
2024-05-23,51,225,43,0.634,161,Mobile,Email
2024-05-23,58,210,42,0.473,167,Tablet,Organic
2024-05-23,41,150,30,0.473,167,Tablet,Paid
2024-05-23,33,120,24,0.473,167,Tablet,Direct
2024-05-23,24,90,18,0.473,167,Tablet,Social
2024-05-23,8,30,6,0.473,167,Tablet,Email
2024-05-24,249,964,176,0.596,188,Desktop,Organic
2024-05-24,178,688,126,0.596,188,Desktop,Paid
2024-05-24,142,551,100,0.596,188,Desktop,Direct
2024-05-24,107,413,75,0.596,188,Desktop,Social
2024-05-24,35,137,25,0.596,188,Desktop,Email
2024-05-24,404,1709,289,0.725,121,Mobile,Organic
2024-05-24,288,1220,206,0.725,121,Mobile,Paid
2024-05-24,231,976,165,0.725,121,Mobile,Direct
2024-05-24,173,732,123,0.725,121,Mobile,Social
2024-05-24,57,244,41,0.725,121,Mobile,Email
2024-05-24,70,182,57,0.454,128,Tablet,Organic
2024-05-24,50,130,41,0.454,128,Tablet,Paid
2024-05-24,40,104,33,0.454,128,Tablet,Direct
2024-05-24,30,78,24,0.454,128,Tablet,Social
2024-05-24,10,26,8,0.454,128,Tablet,Email
2024-05-25,291,939,234,0.401,185,Desktop,Organic
2024-05-25,208,671,167,0.401,185,Desktop,Paid
2024-05-25,166,536,134,0.401,185,Desktop,Direct
2024-05-25,125,402,100,0.401,185,Desktop,Social
2024-05-25,41,134,33,0.401,185,Desktop,Email
2024-05-25,381,1178,268,0.693,112,Mobile,Organic
2024-05-25,272,842,192,0.693,112,Mobile,Paid
2024-05-25,218,673,153,0.693,112,Mobile,Direct
2024-05-25,163,505,115,0.693,112,Mobile,Social
2024-05-25,54,168,38,0.693,112,Mobile,Email
2024-05-25,74,277,57,0.608,155,Tablet,Organic
2024-05-25,53,198,41,0.608,155,Tablet,Paid
2024-05-25,42,158,32,0.608,155,Tablet,Direct
2024-05-25,31,119,24,0.608,155,Tablet,Social
2024-05-25,10,39,8,0.608,155,Tablet,Email
2024-05-26,319,1030,225,0.599,246,Desktop,Organic
2024-05-26,228,736,160,0.599,246,Desktop,Paid
2024-05-26,182,589,128,0.599,246,Desktop,Direct
2024-05-26,137,441,96,0.599,246,Desktop,Social
2024-05-26,45,147,32,0.599,246,Desktop,Email
2024-05-26,529,2232,412,0.577,129,Mobile,Organic
2024-05-26,378,1594,294,0.577,129,Mobile,Paid
2024-05-26,302,1275,235,0.577,129,Mobile,Direct
2024-05-26,226,956,176,0.577,129,Mobile,Social
2024-05-26,75,318,58,0.577,129,Mobile,Email
2024-05-26,85,379,68,0.589,192,Tablet,Organic
2024-05-26,61,271,49,0.589,192,Tablet,Paid
2024-05-26,49,217,39,0.589,192,Tablet,Direct
2024-05-26,36,162,29,0.589,192,Tablet,Social
2024-05-26,12,54,9,0.589,192,Tablet,Email
2024-05-27,183,520,161,0.559,226,Desktop,Organic
2024-05-27,131,372,115,0.559,226,Desktop,Paid
2024-05-27,104,297,92,0.559,226,Desktop,Direct
2024-05-27,78,223,69,0.559,226,Desktop,Social
2024-05-27,26,74,23,0.559,226,Desktop,Email
2024-05-27,269,1028,191,0.685,123,Mobile,Organic
2024-05-27,192,734,137,0.685,123,Mobile,Paid
2024-05-27,154,587,109,0.685,123,Mobile,Direct
2024-05-27,115,440,82,0.685,123,Mobile,Social
2024-05-27,38,146,27,0.685,123,Mobile,Email
2024-05-27,50,128,37,0.518,122,Tablet,Organic
2024-05-27,36,91,26,0.518,122,Tablet,Paid
2024-05-27,28,73,21,0.518,122,Tablet,Direct
2024-05-27,21,54,16,0.518,122,Tablet,Social
2024-05-27,7,18,5,0.518,122,Tablet,Email
2024-05-28,234,820,167,0.487,212,Desktop,Organic
2024-05-28,167,586,119,0.487,212,Desktop,Paid
2024-05-28,134,468,95,0.487,212,Desktop,Direct
2024-05-28,100,351,71,0.487,212,Desktop,Social
2024-05-28,33,117,23,0.487,212,Desktop,Email
2024-05-28,439,1525,375,0.694,124,Mobile,Organic
2024-05-28,314,1089,268,0.694,124,Mobile,Paid
2024-05-28,251,871,214,0.694,124,Mobile,Direct
2024-05-28,188,653,160,0.694,124,Mobile,Social
2024-05-28,62,217,53,0.694,124,Mobile,Email
2024-05-28,68,276,59,0.575,202,Tablet,Organic
2024-05-28,49,197,42,0.575,202,Tablet,Paid
2024-05-28,39,158,33,0.575,202,Tablet,Direct
2024-05-28,29,118,25,0.575,202,Tablet,Social
2024-05-28,9,39,8,0.575,202,Tablet,Email
2024-05-29,227,682,185,0.48,186,Desktop,Organic
2024-05-29,162,487,132,0.48,186,Desktop,Paid
2024-05-29,130,389,106,0.48,186,Desktop,Direct
2024-05-29,97,292,79,0.48,186,Desktop,Social
2024-05-29,32,97,26,0.48,186,Desktop,Email
2024-05-29,373,1654,268,0.652,172,Mobile,Organic
2024-05-29,267,1181,192,0.652,172,Mobile,Paid
2024-05-29,213,945,153,0.652,172,Mobile,Direct
2024-05-29,160,709,115,0.652,172,Mobile,Social
2024-05-29,53,236,38,0.652,172,Mobile,Email
2024-05-29,66,244,50,0.602,197,Tablet,Organic
2024-05-29,47,175,35,0.602,197,Tablet,Paid
2024-05-29,38,140,28,0.602,197,Tablet,Direct
2024-05-29,28,105,21,0.602,197,Tablet,Social
2024-05-29,9,35,7,0.602,197,Tablet,Email
2024-05-30,210,654,186,0.508,202,Desktop,Organic
2024-05-30,150,467,133,0.508,202,Desktop,Paid
2024-05-30,120,373,106,0.508,202,Desktop,Direct
2024-05-30,90,280,79,0.508,202,Desktop,Social
2024-05-30,30,93,26,0.508,202,Desktop,Email
2024-05-30,374,987,268,0.71,111,Mobile,Organic
2024-05-30,267,705,192,0.71,111,Mobile,Paid
2024-05-30,214,564,153,0.71,111,Mobile,Direct
2024-05-30,160,423,115,0.71,111,Mobile,Social
2024-05-30,53,141,38,0.71,111,Mobile,Email
2024-05-30,62,171,55,0.587,153,Tablet,Organic
2024-05-30,44,122,39,0.587,153,Tablet,Paid
2024-05-30,35,98,31,0.587,153,Tablet,Direct
2024-05-30,26,73,23,0.587,153,Tablet,Social
2024-05-30,8,24,7,0.587,153,Tablet,Email
2024-05-31,292,824,238,0.55,218,Desktop,Organic
2024-05-31,209,588,170,0.55,218,Desktop,Paid
2024-05-31,167,471,136,0.55,218,Desktop,Direct
2024-05-31,125,353,102,0.55,218,Desktop,Social
2024-05-31,41,117,34,0.55,218,Desktop,Email
2024-05-31,439,1729,331,0.717,177,Mobile,Organic
2024-05-31,314,1235,236,0.717,177,Mobile,Paid
2024-05-31,251,988,189,0.717,177,Mobile,Direct
2024-05-31,188,741,141,0.717,177,Mobile,Social
2024-05-31,62,247,47,0.717,177,Mobile,Email
2024-05-31,85,310,64,0.628,188,Tablet,Organic
2024-05-31,60,221,46,0.628,188,Tablet,Paid
2024-05-31,48,177,36,0.628,188,Tablet,Direct
2024-05-31,36,133,27,0.628,188,Tablet,Social
2024-05-31,12,44,9,0.628,188,Tablet,Email
2024-06-01,407,1460,357,0.447,296,Desktop,Organic
2024-06-01,290,1043,255,0.447,296,Desktop,Paid
2024-06-01,232,834,204,0.447,296,Desktop,Direct
2024-06-01,174,625,153,0.447,296,Desktop,Social
2024-06-01,58,208,51,0.447,296,Desktop,Email
2024-06-01,617,2340,467,0.698,162,Mobile,Organic
2024-06-01,441,1671,334,0.698,162,Mobile,Paid
2024-06-01,353,1337,267,0.698,162,Mobile,Direct
2024-06-01,264,1003,200,0.698,162,Mobile,Social
2024-06-01,88,334,66,0.698,162,Mobile,Email
2024-06-01,110,279,98,0.6,177,Tablet,Organic
2024-06-01,78,199,70,0.6,177,Tablet,Paid
2024-06-01,63,159,56,0.6,177,Tablet,Direct
2024-06-01,47,119,42,0.6,177,Tablet,Social
2024-06-01,15,39,14,0.6,177,Tablet,Email
2024-06-02,484,1990,421,0.494,204,Desktop,Organic
2024-06-02,346,1421,301,0.494,204,Desktop,Paid
2024-06-02,277,1137,241,0.494,204,Desktop,Direct
2024-06-02,207,852,180,0.494,204,Desktop,Social
2024-06-02,69,284,60,0.494,204,Desktop,Email
2024-06-02,770,2420,581,0.58,100,Mobile,Organic
2024-06-02,550,1728,415,0.58,100,Mobile,Paid
2024-06-02,440,1383,332,0.58,100,Mobile,Direct
2024-06-02,330,1037,249,0.58,100,Mobile,Social
2024-06-02,110,345,83,0.58,100,Mobile,Email
2024-06-02,127,456,92,0.475,184,Tablet,Organic
2024-06-02,91,326,66,0.475,184,Tablet,Paid
2024-06-02,73,261,52,0.475,184,Tablet,Direct
2024-06-02,54,195,39,0.475,184,Tablet,Social
2024-06-02,18,65,13,0.475,184,Tablet,Email
2024-06-03,342,1152,287,0.48,186,Desktop,Organic
2024-06-03,244,823,205,0.48,186,Desktop,Paid
2024-06-03,195,658,164,0.48,186,Desktop,Direct
2024-06-03,146,494,123,0.48,186,Desktop,Social
2024-06-03,48,164,41,0.48,186,Desktop,Email
2024-06-03,518,1906,425,0.729,104,Mobile,Organic
2024-06-03,370,1362,303,0.729,104,Mobile,Paid
2024-06-03,296,1089,243,0.729,104,Mobile,Direct
2024-06-03,222,817,182,0.729,104,Mobile,Social
2024-06-03,74,272,60,0.729,104,Mobile,Email
2024-06-03,98,270,80,0.58,145,Tablet,Organic
2024-06-03,70,193,57,0.58,145,Tablet,Paid
2024-06-03,56,154,45,0.58,145,Tablet,Direct
2024-06-03,42,115,34,0.58,145,Tablet,Social
2024-06-03,14,38,11,0.58,145,Tablet,Email
2024-06-04,373,1626,262,0.559,230,Desktop,Organic
2024-06-04,266,1162,187,0.559,230,Desktop,Paid
2024-06-04,213,929,150,0.559,230,Desktop,Direct
2024-06-04,160,697,112,0.559,230,Desktop,Social
2024-06-04,53,232,37,0.559,230,Desktop,Email
2024-06-04,629,1973,454,0.676,166,Mobile,Organic
2024-06-04,449,1410,325,0.676,166,Mobile,Paid
2024-06-04,359,1128,260,0.676,166,Mobile,Direct
2024-06-04,269,846,195,0.676,166,Mobile,Social
2024-06-04,89,282,65,0.676,166,Mobile,Email
2024-06-04,105,428,90,0.597,198,Tablet,Organic
2024-06-04,75,306,64,0.597,198,Tablet,Paid
2024-06-04,60,245,51,0.597,198,Tablet,Direct
2024-06-04,45,183,38,0.597,198,Tablet,Social
2024-06-04,15,61,12,0.597,198,Tablet,Email
2024-06-05,320,995,242,0.489,295,Desktop,Organic
2024-06-05,229,711,173,0.489,295,Desktop,Paid
2024-06-05,183,569,138,0.489,295,Desktop,Direct
2024-06-05,137,426,103,0.489,295,Desktop,Social
2024-06-05,45,142,34,0.489,295,Desktop,Email
2024-06-05,600,2694,452,0.621,130,Mobile,Organic
2024-06-05,428,1924,323,0.621,130,Mobile,Paid
2024-06-05,343,1539,258,0.621,130,Mobile,Direct
2024-06-05,257,1154,193,0.621,130,Mobile,Social
2024-06-05,85,384,64,0.621,130,Mobile,Email
2024-06-05,107,471,76,0.644,239,Tablet,Organic
2024-06-05,76,336,54,0.644,239,Tablet,Paid
2024-06-05,61,269,43,0.644,239,Tablet,Direct
2024-06-05,46,202,32,0.644,239,Tablet,Social
2024-06-05,15,67,10,0.644,239,Tablet,Email
2024-06-06,371,1644,278,0.456,256,Desktop,Organic
2024-06-06,265,1174,199,0.456,256,Desktop,Paid
2024-06-06,212,939,159,0.456,256,Desktop,Direct
2024-06-06,159,704,119,0.456,256,Desktop,Social
2024-06-06,53,234,39,0.456,256,Desktop,Email
2024-06-06,635,2467,556,0.614,163,Mobile,Organic
2024-06-06,453,1762,397,0.614,163,Mobile,Paid
2024-06-06,363,1409,317,0.614,163,Mobile,Direct
2024-06-06,272,1057,238,0.614,163,Mobile,Social
2024-06-06,90,352,79,0.614,163,Mobile,Email
2024-06-06,101,331,83,0.548,233,Tablet,Organic
2024-06-06,72,236,59,0.548,233,Tablet,Paid
2024-06-06,57,189,47,0.548,233,Tablet,Direct
2024-06-06,43,142,35,0.548,233,Tablet,Social
2024-06-06,14,47,11,0.548,233,Tablet,Email
2024-06-07,420,1332,322,0.534,236,Desktop,Organic
2024-06-07,300,951,230,0.534,236,Desktop,Paid
2024-06-07,240,761,184,0.534,236,Desktop,Direct
2024-06-07,180,571,138,0.534,236,Desktop,Social
2024-06-07,60,190,46,0.534,236,Desktop,Email
2024-06-07,753,3298,628,0.592,164,Mobile,Organic
2024-06-07,538,2355,449,0.592,164,Mobile,Paid
2024-06-07,430,1884,359,0.592,164,Mobile,Direct
2024-06-07,322,1413,269,0.592,164,Mobile,Social
2024-06-07,107,471,89,0.592,164,Mobile,Email
2024-06-07,130,579,91,0.631,160,Tablet,Organic
2024-06-07,93,414,65,0.631,160,Tablet,Paid
2024-06-07,74,331,52,0.631,160,Tablet,Direct
2024-06-07,55,248,39,0.631,160,Tablet,Social
2024-06-07,18,82,13,0.631,160,Tablet,Email
2024-06-08,622,2526,520,0.432,291,Desktop,Organic
2024-06-08,444,1804,372,0.432,291,Desktop,Paid
2024-06-08,355,1443,297,0.432,291,Desktop,Direct
2024-06-08,266,1082,223,0.432,291,Desktop,Social
2024-06-08,88,360,74,0.432,291,Desktop,Email
2024-06-08,891,3169,749,0.705,132,Mobile,Organic
2024-06-08,636,2264,535,0.705,132,Mobile,Paid
2024-06-08,509,1811,428,0.705,132,Mobile,Direct
2024-06-08,382,1358,321,0.705,132,Mobile,Social
2024-06-08,127,452,107,0.705,132,Mobile,Email
2024-06-08,165,634,144,0.55,233,Tablet,Organic
2024-06-08,118,453,103,0.55,233,Tablet,Paid
2024-06-08,94,362,82,0.55,233,Tablet,Direct
2024-06-08,70,272,61,0.55,233,Tablet,Social
2024-06-08,23,90,20,0.55,233,Tablet,Email
2024-06-09,559,2365,473,0.529,231,Desktop,Organic
2024-06-09,399,1689,338,0.529,231,Desktop,Paid
2024-06-09,319,1351,270,0.529,231,Desktop,Direct
2024-06-09,239,1013,203,0.529,231,Desktop,Social
2024-06-09,79,337,67,0.529,231,Desktop,Email
2024-06-09,807,2397,714,0.712,138,Mobile,Organic
2024-06-09,576,1712,510,0.712,138,Mobile,Paid
2024-06-09,461,1370,408,0.712,138,Mobile,Direct
2024-06-09,346,1027,306,0.712,138,Mobile,Social
2024-06-09,115,342,102,0.712,138,Mobile,Email
2024-06-09,158,454,125,0.586,156,Tablet,Organic
2024-06-09,113,324,89,0.586,156,Tablet,Paid
2024-06-09,90,259,71,0.586,156,Tablet,Direct
2024-06-09,67,194,53,0.586,156,Tablet,Social
2024-06-09,22,64,17,0.586,156,Tablet,Email
2024-06-10,373,1650,320,0.457,263,Desktop,Organic
2024-06-10,266,1179,229,0.457,263,Desktop,Paid
2024-06-10,213,943,183,0.457,263,Desktop,Direct
2024-06-10,159,707,137,0.457,263,Desktop,Social
2024-06-10,53,235,45,0.457,263,Desktop,Email
2024-06-10,505,2235,414,0.63,99,Mobile,Organic
2024-06-10,361,1597,296,0.63,99,Mobile,Paid
2024-06-10,289,1277,237,0.63,99,Mobile,Direct
2024-06-10,216,958,177,0.63,99,Mobile,Social
2024-06-10,72,319,59,0.63,99,Mobile,Email
2024-06-10,98,338,85,0.543,183,Tablet,Organic
2024-06-10,70,241,61,0.543,183,Tablet,Paid
2024-06-10,56,193,48,0.543,183,Tablet,Direct
2024-06-10,42,145,36,0.543,183,Tablet,Social
2024-06-10,14,48,12,0.543,183,Tablet,Email
2024-06-11,290,893,261,0.517,226,Desktop,Organic
2024-06-11,207,638,186,0.517,226,Desktop,Paid
2024-06-11,166,510,149,0.517,226,Desktop,Direct
2024-06-11,124,382,111,0.517,226,Desktop,Social
2024-06-11,41,127,37,0.517,226,Desktop,Email
2024-06-11,505,1696,387,0.721,151,Mobile,Organic
2024-06-11,361,1211,276,0.721,151,Mobile,Paid
2024-06-11,288,969,221,0.721,151,Mobile,Direct
2024-06-11,216,727,166,0.721,151,Mobile,Social
2024-06-11,72,242,55,0.721,151,Mobile,Email
2024-06-11,89,284,65,0.457,166,Tablet,Organic
2024-06-11,63,203,46,0.457,166,Tablet,Paid
2024-06-11,51,162,37,0.457,166,Tablet,Direct
2024-06-11,38,121,28,0.457,166,Tablet,Social
2024-06-11,12,40,9,0.457,166,Tablet,Email
2024-06-12,280,736,231,0.428,186,Desktop,Organic
2024-06-12,200,526,165,0.428,186,Desktop,Paid
2024-06-12,160,420,132,0.428,186,Desktop,Direct
2024-06-12,120,315,99,0.428,186,Desktop,Social
2024-06-12,40,105,33,0.428,186,Desktop,Email
2024-06-12,458,1164,326,0.593,166,Mobile,Organic
2024-06-12,327,831,233,0.593,166,Mobile,Paid
2024-06-12,261,665,186,0.593,166,Mobile,Direct
2024-06-12,196,499,139,0.593,166,Mobile,Social
2024-06-12,65,166,46,0.593,166,Mobile,Email
2024-06-12,77,307,54,0.492,212,Tablet,Organic
2024-06-12,55,219,38,0.492,212,Tablet,Paid
2024-06-12,44,175,31,0.492,212,Tablet,Direct
2024-06-12,33,131,23,0.492,212,Tablet,Social
2024-06-12,11,43,7,0.492,212,Tablet,Email
2024-06-13,299,1094,252,0.552,213,Desktop,Organic
2024-06-13,214,781,180,0.552,213,Desktop,Paid
2024-06-13,171,625,144,0.552,213,Desktop,Direct
2024-06-13,128,468,108,0.552,213,Desktop,Social
2024-06-13,42,156,36,0.552,213,Desktop,Email
2024-06-13,410,1480,294,0.626,141,Mobile,Organic
2024-06-13,293,1057,210,0.626,141,Mobile,Paid
2024-06-13,234,846,168,0.626,141,Mobile,Direct
2024-06-13,176,634,126,0.626,141,Mobile,Social
2024-06-13,58,211,42,0.626,141,Mobile,Email
2024-06-13,75,281,54,0.579,140,Tablet,Organic
2024-06-13,54,200,39,0.579,140,Tablet,Paid
2024-06-13,43,160,31,0.579,140,Tablet,Direct
2024-06-13,32,120,23,0.579,140,Tablet,Social
2024-06-13,10,40,7,0.579,140,Tablet,Email
2024-06-14,442,1324,397,0.508,246,Desktop,Organic
2024-06-14,316,946,283,0.508,246,Desktop,Paid
2024-06-14,252,757,227,0.508,246,Desktop,Direct
2024-06-14,189,567,170,0.508,246,Desktop,Social
2024-06-14,63,189,56,0.508,246,Desktop,Email
2024-06-14,801,3456,603,0.733,143,Mobile,Organic
2024-06-14,572,2469,431,0.733,143,Mobile,Paid
2024-06-14,458,1975,344,0.733,143,Mobile,Direct
2024-06-14,343,1481,258,0.733,143,Mobile,Social
2024-06-14,114,493,86,0.733,143,Mobile,Email
2024-06-14,121,324,88,0.612,219,Tablet,Organic
2024-06-14,87,231,63,0.612,219,Tablet,Paid
2024-06-14,69,185,50,0.612,219,Tablet,Direct
2024-06-14,52,139,37,0.612,219,Tablet,Social
2024-06-14,17,46,12,0.612,219,Tablet,Email
2024-06-15,559,2508,458,0.477,231,Desktop,Organic
2024-06-15,399,1791,327,0.477,231,Desktop,Paid
2024-06-15,319,1433,262,0.477,231,Desktop,Direct
2024-06-15,239,1075,196,0.477,231,Desktop,Social
2024-06-15,79,358,65,0.477,231,Desktop,Email
2024-06-15,791,2894,577,0.665,173,Mobile,Organic
2024-06-15,565,2067,412,0.665,173,Mobile,Paid
2024-06-15,452,1654,330,0.665,173,Mobile,Direct
2024-06-15,339,1240,247,0.665,173,Mobile,Social
2024-06-15,113,413,82,0.665,173,Mobile,Email
2024-06-15,155,560,114,0.546,225,Tablet,Organic
2024-06-15,110,400,82,0.546,225,Tablet,Paid
2024-06-15,88,320,65,0.546,225,Tablet,Direct
2024-06-15,66,240,49,0.546,225,Tablet,Social
2024-06-15,22,80,16,0.546,225,Tablet,Email
2024-06-16,499,1408,399,0.477,236,Desktop,Organic
2024-06-16,357,1006,285,0.477,236,Desktop,Paid
2024-06-16,285,804,228,0.477,236,Desktop,Direct
2024-06-16,214,603,171,0.477,236,Desktop,Social
2024-06-16,71,201,57,0.477,236,Desktop,Email
2024-06-16,817,2543,661,0.706,94,Mobile,Organic
2024-06-16,583,1817,472,0.706,94,Mobile,Paid
2024-06-16,467,1453,378,0.706,94,Mobile,Direct
2024-06-16,350,1090,283,0.706,94,Mobile,Social
2024-06-16,116,363,94,0.706,94,Mobile,Email
2024-06-16,141,584,119,0.625,176,Tablet,Organic
2024-06-16,101,417,85,0.625,176,Tablet,Paid
2024-06-16,80,333,68,0.625,176,Tablet,Direct
2024-06-16,60,250,51,0.625,176,Tablet,Social
2024-06-16,20,83,17,0.625,176,Tablet,Email
2024-06-17,360,1316,310,0.48,222,Desktop,Organic
2024-06-17,257,940,222,0.48,222,Desktop,Paid
2024-06-17,206,752,177,0.48,222,Desktop,Direct
2024-06-17,154,564,133,0.48,222,Desktop,Social
2024-06-17,51,188,44,0.48,222,Desktop,Email
2024-06-17,561,1773,415,0.635,145,Mobile,Organic
2024-06-17,401,1267,296,0.635,145,Mobile,Paid
2024-06-17,320,1013,237,0.635,145,Mobile,Direct
2024-06-17,240,760,177,0.635,145,Mobile,Social
2024-06-17,80,253,59,0.635,145,Mobile,Email
2024-06-17,86,366,72,0.511,212,Tablet,Organic
2024-06-17,62,261,51,0.511,212,Tablet,Paid
2024-06-17,49,209,41,0.511,212,Tablet,Direct
2024-06-17,37,157,30,0.511,212,Tablet,Social
2024-06-17,12,52,10,0.511,212,Tablet,Email
2024-06-18,334,1473,281,0.552,238,Desktop,Organic
2024-06-18,238,1052,201,0.552,238,Desktop,Paid
2024-06-18,191,841,161,0.552,238,Desktop,Direct
2024-06-18,143,631,120,0.552,238,Desktop,Social
2024-06-18,47,210,40,0.552,238,Desktop,Email
2024-06-18,609,2418,533,0.655,164,Mobile,Organic
2024-06-18,435,1727,381,0.655,164,Mobile,Paid
2024-06-18,348,1382,305,0.655,164,Mobile,Direct
2024-06-18,261,1036,228,0.655,164,Mobile,Social
2024-06-18,87,345,76,0.655,164,Mobile,Email
2024-06-18,110,292,80,0.555,172,Tablet,Organic
2024-06-18,78,209,57,0.555,172,Tablet,Paid
2024-06-18,63,167,46,0.555,172,Tablet,Direct
2024-06-18,47,125,34,0.555,172,Tablet,Social
2024-06-18,15,41,11,0.555,172,Tablet,Email
2024-06-19,280,1144,217,0.523,186,Desktop,Organic
2024-06-19,200,817,155,0.523,186,Desktop,Paid
2024-06-19,160,653,124,0.523,186,Desktop,Direct
2024-06-19,120,490,93,0.523,186,Desktop,Social
2024-06-19,40,163,31,0.523,186,Desktop,Email
2024-06-19,418,1365,366,0.707,143,Mobile,Organic
2024-06-19,299,975,261,0.707,143,Mobile,Paid
2024-06-19,239,780,209,0.707,143,Mobile,Direct
2024-06-19,179,585,156,0.707,143,Mobile,Social
2024-06-19,59,195,52,0.707,143,Mobile,Email
2024-06-19,90,398,70,0.487,209,Tablet,Organic
2024-06-19,64,284,50,0.487,209,Tablet,Paid
2024-06-19,51,227,40,0.487,209,Tablet,Direct
2024-06-19,38,170,30,0.487,209,Tablet,Social
2024-06-19,12,56,10,0.487,209,Tablet,Email
2024-06-20,261,1000,185,0.404,182,Desktop,Organic
2024-06-20,186,714,132,0.404,182,Desktop,Paid
2024-06-20,149,571,105,0.404,182,Desktop,Direct
2024-06-20,111,428,79,0.404,182,Desktop,Social
2024-06-20,37,142,26,0.404,182,Desktop,Email
2024-06-20,397,1707,315,0.57,96,Mobile,Organic
2024-06-20,284,1219,225,0.57,96,Mobile,Paid
2024-06-20,227,975,180,0.57,96,Mobile,Direct
2024-06-20,170,731,135,0.57,96,Mobile,Social
2024-06-20,56,243,45,0.57,96,Mobile,Email
2024-06-20,80,330,60,0.588,174,Tablet,Organic
2024-06-20,57,236,43,0.588,174,Tablet,Paid
2024-06-20,46,189,34,0.588,174,Tablet,Direct
2024-06-20,34,141,25,0.588,174,Tablet,Social
2024-06-20,11,47,8,0.588,174,Tablet,Email
2024-06-21,428,1524,308,0.524,206,Desktop,Organic
2024-06-21,306,1088,220,0.524,206,Desktop,Paid
2024-06-21,244,871,176,0.524,206,Desktop,Direct
2024-06-21,183,653,132,0.524,206,Desktop,Social
2024-06-21,61,217,44,0.524,206,Desktop,Email
2024-06-21,672,1720,548,0.624,171,Mobile,Organic
2024-06-21,480,1229,392,0.624,171,Mobile,Paid
2024-06-21,384,983,313,0.624,171,Mobile,Direct
2024-06-21,288,737,235,0.624,171,Mobile,Social
2024-06-21,96,245,78,0.624,171,Mobile,Email
2024-06-21,129,332,93,0.515,156,Tablet,Organic
2024-06-21,92,237,67,0.515,156,Tablet,Paid
2024-06-21,74,190,53,0.515,156,Tablet,Direct
2024-06-21,55,142,40,0.515,156,Tablet,Social
2024-06-21,18,47,13,0.515,156,Tablet,Email
2024-06-22,512,1374,380,0.412,185,Desktop,Organic
2024-06-22,366,982,272,0.412,185,Desktop,Paid
2024-06-22,292,785,217,0.412,185,Desktop,Direct
2024-06-22,219,589,163,0.412,185,Desktop,Social
2024-06-22,73,196,54,0.412,185,Desktop,Email
2024-06-22,767,2018,638,0.642,141,Mobile,Organic
2024-06-22,548,1441,456,0.642,141,Mobile,Paid
2024-06-22,438,1153,365,0.642,141,Mobile,Direct
2024-06-22,328,865,273,0.642,141,Mobile,Social
2024-06-22,109,288,91,0.642,141,Mobile,Email
2024-06-22,123,542,94,0.64,216,Tablet,Organic
2024-06-22,88,387,67,0.64,216,Tablet,Paid
2024-06-22,70,309,54,0.64,216,Tablet,Direct
2024-06-22,52,232,40,0.64,216,Tablet,Social
2024-06-22,17,77,13,0.64,216,Tablet,Email
2024-06-23,445,1741,373,0.6,297,Desktop,Organic
2024-06-23,318,1243,267,0.6,297,Desktop,Paid
2024-06-23,254,995,213,0.6,297,Desktop,Direct
2024-06-23,190,746,160,0.6,297,Desktop,Social
2024-06-23,63,248,53,0.6,297,Desktop,Email
2024-06-23,605,1772,525,0.646,147,Mobile,Organic
2024-06-23,432,1266,375,0.646,147,Mobile,Paid
2024-06-23,346,1013,300,0.646,147,Mobile,Direct
2024-06-23,259,759,225,0.646,147,Mobile,Social
2024-06-23,86,253,75,0.646,147,Mobile,Email
2024-06-23,106,443,92,0.47,225,Tablet,Organic
2024-06-23,75,316,66,0.47,225,Tablet,Paid
2024-06-23,60,253,53,0.47,225,Tablet,Direct
2024-06-23,45,190,39,0.47,225,Tablet,Social
2024-06-23,15,63,13,0.47,225,Tablet,Email
2024-06-24,254,1055,227,0.523,198,Desktop,Organic
2024-06-24,181,753,162,0.523,198,Desktop,Paid
2024-06-24,145,603,130,0.523,198,Desktop,Direct
2024-06-24,108,452,97,0.523,198,Desktop,Social
2024-06-24,36,150,32,0.523,198,Desktop,Email
2024-06-24,459,2022,383,0.602,178,Mobile,Organic
2024-06-24,328,1444,274,0.602,178,Mobile,Paid
2024-06-24,262,1155,219,0.602,178,Mobile,Direct
2024-06-24,197,866,164,0.602,178,Mobile,Social
2024-06-24,65,288,54,0.602,178,Mobile,Email
2024-06-24,76,223,59,0.504,203,Tablet,Organic
2024-06-24,54,159,42,0.504,203,Tablet,Paid
2024-06-24,43,127,33,0.504,203,Tablet,Direct
2024-06-24,32,95,25,0.504,203,Tablet,Social
2024-06-24,10,31,8,0.504,203,Tablet,Email
2024-06-25,291,1106,253,0.595,212,Desktop,Organic
2024-06-25,208,790,181,0.595,212,Desktop,Paid
2024-06-25,166,632,144,0.595,212,Desktop,Direct
2024-06-25,124,474,108,0.595,212,Desktop,Social
2024-06-25,41,158,36,0.595,212,Desktop,Email
2024-06-25,474,1871,411,0.716,97,Mobile,Organic
2024-06-25,339,1336,293,0.716,97,Mobile,Paid
2024-06-25,271,1069,235,0.716,97,Mobile,Direct
2024-06-25,203,802,176,0.716,97,Mobile,Social
2024-06-25,67,267,58,0.716,97,Mobile,Email
2024-06-25,94,371,66,0.607,234,Tablet,Organic
2024-06-25,67,265,47,0.607,234,Tablet,Paid
2024-06-25,54,212,38,0.607,234,Tablet,Direct
2024-06-25,40,159,28,0.607,234,Tablet,Social
2024-06-25,13,53,9,0.607,234,Tablet,Email
2024-06-26,258,771,184,0.423,293,Desktop,Organic
2024-06-26,184,551,131,0.423,293,Desktop,Paid
2024-06-26,147,441,105,0.423,293,Desktop,Direct
2024-06-26,110,330,79,0.423,293,Desktop,Social
2024-06-26,36,110,26,0.423,293,Desktop,Email
2024-06-26,431,1863,384,0.713,126,Mobile,Organic
2024-06-26,308,1331,274,0.713,126,Mobile,Paid
2024-06-26,246,1065,219,0.713,126,Mobile,Direct
2024-06-26,184,798,164,0.713,126,Mobile,Social
2024-06-26,61,266,54,0.713,126,Mobile,Email
2024-06-26,81,228,63,0.606,215,Tablet,Organic
2024-06-26,58,163,45,0.606,215,Tablet,Paid
2024-06-26,46,130,36,0.606,215,Tablet,Direct
2024-06-26,34,97,27,0.606,215,Tablet,Social
2024-06-26,11,32,9,0.606,215,Tablet,Email
2024-06-27,355,1426,319,0.521,230,Desktop,Organic
2024-06-27,254,1019,228,0.521,230,Desktop,Paid
2024-06-27,203,815,182,0.521,230,Desktop,Direct
2024-06-27,152,611,136,0.521,230,Desktop,Social
2024-06-27,50,203,45,0.521,230,Desktop,Email
2024-06-27,550,1658,440,0.728,123,Mobile,Organic
2024-06-27,393,1184,314,0.728,123,Mobile,Paid
2024-06-27,314,947,251,0.728,123,Mobile,Direct
2024-06-27,235,710,188,0.728,123,Mobile,Social
2024-06-27,78,236,62,0.728,123,Mobile,Email
2024-06-27,89,287,77,0.484,157,Tablet,Organic
2024-06-27,64,205,55,0.484,157,Tablet,Paid
2024-06-27,51,164,44,0.484,157,Tablet,Direct
2024-06-27,38,123,33,0.484,157,Tablet,Social
2024-06-27,12,41,11,0.484,157,Tablet,Email
2024-06-28,518,2204,431,0.538,229,Desktop,Organic
2024-06-28,370,1574,308,0.538,229,Desktop,Paid
2024-06-28,296,1259,246,0.538,229,Desktop,Direct
2024-06-28,222,944,184,0.538,229,Desktop,Social
2024-06-28,74,314,61,0.538,229,Desktop,Email
2024-06-28,768,3040,613,0.721,169,Mobile,Organic
2024-06-28,548,2171,438,0.721,169,Mobile,Paid
2024-06-28,439,1737,350,0.721,169,Mobile,Direct
2024-06-28,329,1303,262,0.721,169,Mobile,Social
2024-06-28,109,434,87,0.721,169,Mobile,Email
2024-06-28,158,446,135,0.472,133,Tablet,Organic
2024-06-28,113,319,96,0.472,133,Tablet,Paid
2024-06-28,90,255,77,0.472,133,Tablet,Direct
2024-06-28,67,191,58,0.472,133,Tablet,Social
2024-06-28,22,63,19,0.472,133,Tablet,Email
2024-06-29,457,1194,408,0.404,189,Desktop,Organic
2024-06-29,326,853,291,0.404,189,Desktop,Paid
2024-06-29,261,682,233,0.404,189,Desktop,Direct
2024-06-29,196,511,175,0.404,189,Desktop,Social
2024-06-29,65,170,58,0.404,189,Desktop,Email
2024-06-29,781,3181,598,0.732,93,Mobile,Organic
2024-06-29,558,2272,427,0.732,93,Mobile,Paid
2024-06-29,446,1818,342,0.732,93,Mobile,Direct
2024-06-29,334,1363,256,0.732,93,Mobile,Social
2024-06-29,111,454,85,0.732,93,Mobile,Email
2024-06-29,132,461,107,0.62,159,Tablet,Organic
2024-06-29,94,330,76,0.62,159,Tablet,Paid
2024-06-29,75,264,61,0.62,159,Tablet,Direct
2024-06-29,56,198,45,0.62,159,Tablet,Social
2024-06-29,18,66,15,0.62,159,Tablet,Email
2024-06-30,331,1425,291,0.456,196,Desktop,Organic
2024-06-30,236,1018,208,0.456,196,Desktop,Paid
2024-06-30,189,814,166,0.456,196,Desktop,Direct
2024-06-30,141,610,124,0.456,196,Desktop,Social
2024-06-30,47,203,41,0.456,196,Desktop,Email
2024-06-30,594,1796,433,0.631,161,Mobile,Organic
2024-06-30,424,1283,309,0.631,161,Mobile,Paid
2024-06-30,339,1026,247,0.631,161,Mobile,Direct
2024-06-30,254,769,185,0.631,161,Mobile,Social
2024-06-30,84,256,61,0.631,161,Mobile,Email
2024-06-30,89,319,74,0.62,127,Tablet,Organic
2024-06-30,63,228,53,0.62,127,Tablet,Paid
2024-06-30,51,182,42,0.62,127,Tablet,Direct
2024-06-30,38,136,32,0.62,127,Tablet,Social
2024-06-30,12,45,10,0.62,127,Tablet,Email
2024-07-01,225,861,201,0.576,229,Desktop,Organic
2024-07-01,161,615,144,0.576,229,Desktop,Paid
2024-07-01,129,492,115,0.576,229,Desktop,Direct
2024-07-01,96,369,86,0.576,229,Desktop,Social
2024-07-01,32,123,28,0.576,229,Desktop,Email
2024-07-01,326,1218,292,0.559,102,Mobile,Organic
2024-07-01,233,870,209,0.559,102,Mobile,Paid
2024-07-01,186,696,167,0.559,102,Mobile,Direct
2024-07-01,139,522,125,0.559,102,Mobile,Social
2024-07-01,46,174,41,0.559,102,Mobile,Email
2024-07-01,56,224,46,0.473,137,Tablet,Organic
2024-07-01,40,160,33,0.473,137,Tablet,Paid
2024-07-01,32,128,26,0.473,137,Tablet,Direct
2024-07-01,24,96,20,0.473,137,Tablet,Social
2024-07-01,8,32,6,0.473,137,Tablet,Email
2024-07-02,223,854,159,0.531,185,Desktop,Organic
2024-07-02,159,610,114,0.531,185,Desktop,Paid
2024-07-02,127,488,91,0.531,185,Desktop,Direct
2024-07-02,95,366,68,0.531,185,Desktop,Social
2024-07-02,31,122,22,0.531,185,Desktop,Email
2024-07-02,323,1391,240,0.622,132,Mobile,Organic
2024-07-02,231,994,171,0.622,132,Mobile,Paid
2024-07-02,184,795,137,0.622,132,Mobile,Direct
2024-07-02,138,596,103,0.622,132,Mobile,Social
2024-07-02,46,198,34,0.622,132,Mobile,Email
2024-07-02,60,177,51,0.607,166,Tablet,Organic
2024-07-02,43,126,36,0.607,166,Tablet,Paid
2024-07-02,34,101,29,0.607,166,Tablet,Direct
2024-07-02,25,76,21,0.607,166,Tablet,Social
2024-07-02,8,25,7,0.607,166,Tablet,Email
2024-07-03,241,663,191,0.417,184,Desktop,Organic
2024-07-03,172,473,136,0.417,184,Desktop,Paid
2024-07-03,138,379,109,0.417,184,Desktop,Direct
2024-07-03,103,284,82,0.417,184,Desktop,Social
2024-07-03,34,94,27,0.417,184,Desktop,Email
2024-07-03,418,1408,299,0.716,131,Mobile,Organic
2024-07-03,299,1006,214,0.716,131,Mobile,Paid
2024-07-03,239,804,171,0.716,131,Mobile,Direct
2024-07-03,179,603,128,0.716,131,Mobile,Social
2024-07-03,59,201,42,0.716,131,Mobile,Email
2024-07-03,75,204,63,0.626,120,Tablet,Organic
2024-07-03,53,146,45,0.626,120,Tablet,Paid
2024-07-03,43,117,36,0.626,120,Tablet,Direct
2024-07-03,32,87,27,0.626,120,Tablet,Social
2024-07-03,10,29,9,0.626,120,Tablet,Email
2024-07-04,202,711,181,0.473,232,Desktop,Organic
2024-07-04,144,508,129,0.473,232,Desktop,Paid
2024-07-04,115,406,103,0.473,232,Desktop,Direct
2024-07-04,86,305,77,0.473,232,Desktop,Social
2024-07-04,28,101,25,0.473,232,Desktop,Email
2024-07-04,337,1131,268,0.71,129,Mobile,Organic
2024-07-04,241,808,191,0.71,129,Mobile,Paid
2024-07-04,192,646,153,0.71,129,Mobile,Direct
2024-07-04,144,485,115,0.71,129,Mobile,Social
2024-07-04,48,161,38,0.71,129,Mobile,Email
2024-07-04,60,234,49,0.482,219,Tablet,Organic
2024-07-04,43,167,35,0.482,219,Tablet,Paid
2024-07-04,34,134,28,0.482,219,Tablet,Direct
2024-07-04,25,100,21,0.482,219,Tablet,Social
2024-07-04,8,33,7,0.482,219,Tablet,Email
2024-07-05,259,710,192,0.59,251,Desktop,Organic
2024-07-05,185,507,137,0.59,251,Desktop,Paid
2024-07-05,148,405,109,0.59,251,Desktop,Direct
2024-07-05,111,304,82,0.59,251,Desktop,Social
2024-07-05,37,101,27,0.59,251,Desktop,Email
2024-07-05,373,1202,294,0.585,122,Mobile,Organic
2024-07-05,266,859,210,0.585,122,Mobile,Paid
2024-07-05,213,687,168,0.585,122,Mobile,Direct
2024-07-05,159,515,126,0.585,122,Mobile,Social
2024-07-05,53,171,42,0.585,122,Mobile,Email
2024-07-05,72,213,56,0.616,229,Tablet,Organic
2024-07-05,51,152,40,0.616,229,Tablet,Paid
2024-07-05,41,121,32,0.616,229,Tablet,Direct
2024-07-05,31,91,24,0.616,229,Tablet,Social
2024-07-05,10,30,8,0.616,229,Tablet,Email
2024-07-06,302,1167,218,0.537,185,Desktop,Organic
2024-07-06,216,833,155,0.537,185,Desktop,Paid
2024-07-06,173,667,124,0.537,185,Desktop,Direct
2024-07-06,129,500,93,0.537,185,Desktop,Social
2024-07-06,43,166,31,0.537,185,Desktop,Email
2024-07-06,449,1848,386,0.688,146,Mobile,Organic
2024-07-06,320,1320,276,0.688,146,Mobile,Paid
2024-07-06,256,1056,221,0.688,146,Mobile,Direct
2024-07-06,192,792,165,0.688,146,Mobile,Social
2024-07-06,64,264,55,0.688,146,Mobile,Email
2024-07-06,84,310,73,0.648,184,Tablet,Organic
2024-07-06,60,221,52,0.648,184,Tablet,Paid
2024-07-06,48,177,41,0.648,184,Tablet,Direct
2024-07-06,36,133,31,0.648,184,Tablet,Social
2024-07-06,12,44,10,0.648,184,Tablet,Email
2024-07-07,240,962,206,0.412,205,Desktop,Organic
2024-07-07,171,687,147,0.412,205,Desktop,Paid
2024-07-07,137,550,117,0.412,205,Desktop,Direct
2024-07-07,102,412,88,0.412,205,Desktop,Social
2024-07-07,34,137,29,0.412,205,Desktop,Email
2024-07-07,372,940,302,0.558,122,Mobile,Organic
2024-07-07,265,672,215,0.558,122,Mobile,Paid
2024-07-07,212,537,172,0.558,122,Mobile,Direct
2024-07-07,159,403,129,0.558,122,Mobile,Social
2024-07-07,53,134,43,0.558,122,Mobile,Email
2024-07-07,78,200,55,0.531,197,Tablet,Organic
2024-07-07,55,143,39,0.531,197,Tablet,Paid
2024-07-07,44,114,31,0.531,197,Tablet,Direct
2024-07-07,33,86,23,0.531,197,Tablet,Social
2024-07-07,11,28,7,0.531,197,Tablet,Email
2024-07-08,250,747,178,0.58,291,Desktop,Organic
2024-07-08,179,533,127,0.58,291,Desktop,Paid
2024-07-08,143,427,102,0.58,291,Desktop,Direct
2024-07-08,107,320,76,0.58,291,Desktop,Social
2024-07-08,35,106,25,0.58,291,Desktop,Email
2024-07-08,411,1757,339,0.614,125,Mobile,Organic
2024-07-08,294,1255,242,0.614,125,Mobile,Paid
2024-07-08,235,1004,193,0.614,125,Mobile,Direct
2024-07-08,176,753,145,0.614,125,Mobile,Social
2024-07-08,58,251,48,0.614,125,Mobile,Email
2024-07-08,78,315,61,0.533,237,Tablet,Organic
2024-07-08,56,225,44,0.533,237,Tablet,Paid
2024-07-08,45,180,35,0.533,237,Tablet,Direct
2024-07-08,33,135,26,0.533,237,Tablet,Social
2024-07-08,11,45,8,0.533,237,Tablet,Email
2024-07-09,232,978,205,0.549,226,Desktop,Organic
2024-07-09,165,699,146,0.549,226,Desktop,Paid
2024-07-09,132,559,117,0.549,226,Desktop,Direct
2024-07-09,99,419,87,0.549,226,Desktop,Social
2024-07-09,33,139,29,0.549,226,Desktop,Email
2024-07-09,413,1142,318,0.746,123,Mobile,Organic
2024-07-09,295,815,227,0.746,123,Mobile,Paid
2024-07-09,236,652,182,0.746,123,Mobile,Direct
2024-07-09,177,489,136,0.746,123,Mobile,Social
2024-07-09,59,163,45,0.746,123,Mobile,Email
2024-07-09,68,296,58,0.574,141,Tablet,Organic
2024-07-09,48,212,42,0.574,141,Tablet,Paid
2024-07-09,39,169,33,0.574,141,Tablet,Direct
2024-07-09,29,127,25,0.574,141,Tablet,Social
2024-07-09,9,42,8,0.574,141,Tablet,Email
2024-07-10,243,1094,215,0.477,212,Desktop,Organic
2024-07-10,174,782,153,0.477,212,Desktop,Paid
2024-07-10,139,625,123,0.477,212,Desktop,Direct
2024-07-10,104,469,92,0.477,212,Desktop,Social
2024-07-10,34,156,30,0.477,212,Desktop,Email
2024-07-10,369,1337,327,0.714,164,Mobile,Organic
2024-07-10,264,955,233,0.714,164,Mobile,Paid
2024-07-10,211,764,187,0.714,164,Mobile,Direct
2024-07-10,158,573,140,0.714,164,Mobile,Social
2024-07-10,52,191,46,0.714,164,Mobile,Email
2024-07-10,71,299,56,0.469,220,Tablet,Organic
2024-07-10,50,214,40,0.469,220,Tablet,Paid
2024-07-10,40,171,32,0.469,220,Tablet,Direct
2024-07-10,30,128,24,0.469,220,Tablet,Social
2024-07-10,10,42,8,0.469,220,Tablet,Email
2024-07-11,250,684,177,0.41,180,Desktop,Organic
2024-07-11,178,488,127,0.41,180,Desktop,Paid
2024-07-11,143,391,101,0.41,180,Desktop,Direct
2024-07-11,107,293,76,0.41,180,Desktop,Social
2024-07-11,35,97,25,0.41,180,Desktop,Email
2024-07-11,401,1438,322,0.748,177,Mobile,Organic
2024-07-11,287,1027,230,0.748,177,Mobile,Paid
2024-07-11,229,821,184,0.748,177,Mobile,Direct
2024-07-11,172,616,138,0.748,177,Mobile,Social
2024-07-11,57,205,46,0.748,177,Mobile,Email
2024-07-11,70,277,60,0.563,234,Tablet,Organic
2024-07-11,50,198,43,0.563,234,Tablet,Paid
2024-07-11,40,158,34,0.563,234,Tablet,Direct
2024-07-11,30,118,26,0.563,234,Tablet,Social
2024-07-11,10,39,8,0.563,234,Tablet,Email
2024-07-12,254,991,193,0.53,229,Desktop,Organic
2024-07-12,181,708,138,0.53,229,Desktop,Paid
2024-07-12,145,566,110,0.53,229,Desktop,Direct
2024-07-12,108,424,82,0.53,229,Desktop,Social
2024-07-12,36,141,27,0.53,229,Desktop,Email
2024-07-12,455,1694,396,0.676,169,Mobile,Organic
2024-07-12,325,1210,283,0.676,169,Mobile,Paid
2024-07-12,260,968,226,0.676,169,Mobile,Direct
2024-07-12,195,726,169,0.676,169,Mobile,Social
2024-07-12,65,242,56,0.676,169,Mobile,Email
2024-07-12,77,281,67,0.499,164,Tablet,Organic
2024-07-12,55,201,48,0.499,164,Tablet,Paid
2024-07-12,44,161,38,0.499,164,Tablet,Direct
2024-07-12,33,120,28,0.499,164,Tablet,Social
2024-07-12,11,40,9,0.499,164,Tablet,Email
2024-07-13,277,1032,197,0.566,217,Desktop,Organic
2024-07-13,198,737,140,0.566,217,Desktop,Paid
2024-07-13,158,590,112,0.566,217,Desktop,Direct
2024-07-13,118,442,84,0.566,217,Desktop,Social
2024-07-13,39,147,28,0.566,217,Desktop,Email
2024-07-13,443,1324,333,0.553,133,Mobile,Organic
2024-07-13,317,946,238,0.553,133,Mobile,Paid
2024-07-13,253,757,190,0.553,133,Mobile,Direct
2024-07-13,190,567,143,0.553,133,Mobile,Social
2024-07-13,63,189,47,0.553,133,Mobile,Email
2024-07-13,80,204,69,0.535,164,Tablet,Organic
2024-07-13,57,145,49,0.535,164,Tablet,Paid
2024-07-13,45,116,39,0.535,164,Tablet,Direct
2024-07-13,34,87,29,0.535,164,Tablet,Social
2024-07-13,11,29,9,0.535,164,Tablet,Email
2024-07-14,288,748,254,0.559,287,Desktop,Organic
2024-07-14,206,534,182,0.559,287,Desktop,Paid
2024-07-14,164,427,145,0.559,287,Desktop,Direct
2024-07-14,123,320,109,0.559,287,Desktop,Social
2024-07-14,41,106,36,0.559,287,Desktop,Email
2024-07-14,384,1440,340,0.616,134,Mobile,Organic
2024-07-14,274,1029,243,0.616,134,Mobile,Paid
2024-07-14,219,823,194,0.616,134,Mobile,Direct
2024-07-14,164,617,145,0.616,134,Mobile,Social
2024-07-14,54,205,48,0.616,134,Mobile,Email
2024-07-14,72,211,58,0.605,185,Tablet,Organic
2024-07-14,51,151,41,0.605,185,Tablet,Paid
2024-07-14,41,120,33,0.605,185,Tablet,Direct
2024-07-14,31,90,25,0.605,185,Tablet,Social
2024-07-14,10,30,8,0.605,185,Tablet,Email
2024-07-15,177,623,141,0.557,233,Desktop,Organic
2024-07-15,126,445,101,0.557,233,Desktop,Paid
2024-07-15,101,356,80,0.557,233,Desktop,Direct
2024-07-15,75,267,60,0.557,233,Desktop,Social
2024-07-15,25,89,20,0.557,233,Desktop,Email
2024-07-15,276,814,194,0.689,176,Mobile,Organic
2024-07-15,197,582,138,0.689,176,Mobile,Paid
2024-07-15,158,465,111,0.689,176,Mobile,Direct
2024-07-15,118,349,83,0.689,176,Mobile,Social
2024-07-15,39,116,27,0.689,176,Mobile,Email
2024-07-15,50,158,38,0.461,142,Tablet,Organic
2024-07-15,36,113,27,0.461,142,Tablet,Paid
2024-07-15,28,90,22,0.461,142,Tablet,Direct
2024-07-15,21,67,16,0.461,142,Tablet,Social
2024-07-15,7,22,5,0.461,142,Tablet,Email
2024-07-16,177,597,141,0.534,297,Desktop,Organic
2024-07-16,126,426,101,0.534,297,Desktop,Paid
2024-07-16,101,341,81,0.534,297,Desktop,Direct
2024-07-16,75,256,60,0.534,297,Desktop,Social
2024-07-16,25,85,20,0.534,297,Desktop,Email
2024-07-16,294,1157,212,0.747,146,Mobile,Organic
2024-07-16,210,827,152,0.747,146,Mobile,Paid
2024-07-16,168,661,121,0.747,146,Mobile,Direct
2024-07-16,126,496,91,0.747,146,Mobile,Social
2024-07-16,42,165,30,0.747,146,Mobile,Email
2024-07-16,57,242,46,0.468,122,Tablet,Organic
2024-07-16,40,173,33,0.468,122,Tablet,Paid
2024-07-16,32,138,26,0.468,122,Tablet,Direct
2024-07-16,24,103,20,0.468,122,Tablet,Social
2024-07-16,8,34,6,0.468,122,Tablet,Email
2024-07-17,242,616,204,0.565,239,Desktop,Organic
2024-07-17,173,440,145,0.565,239,Desktop,Paid
2024-07-17,138,352,116,0.565,239,Desktop,Direct
2024-07-17,103,264,87,0.565,239,Desktop,Social
2024-07-17,34,88,29,0.565,239,Desktop,Email
2024-07-17,424,1096,320,0.745,96,Mobile,Organic
2024-07-17,303,783,228,0.745,96,Mobile,Paid
2024-07-17,242,626,183,0.745,96,Mobile,Direct
2024-07-17,181,469,137,0.745,96,Mobile,Social
2024-07-17,60,156,45,0.745,96,Mobile,Email
2024-07-17,73,273,64,0.493,212,Tablet,Organic
2024-07-17,52,195,45,0.493,212,Tablet,Paid
2024-07-17,42,156,36,0.493,212,Tablet,Direct
2024-07-17,31,117,27,0.493,212,Tablet,Social
2024-07-17,10,39,9,0.493,212,Tablet,Email
2024-07-18,214,868,173,0.579,250,Desktop,Organic
2024-07-18,153,620,124,0.579,250,Desktop,Paid
2024-07-18,122,496,99,0.579,250,Desktop,Direct
2024-07-18,91,372,74,0.579,250,Desktop,Social
2024-07-18,30,124,24,0.579,250,Desktop,Email
2024-07-18,359,1265,311,0.591,141,Mobile,Organic
2024-07-18,256,904,222,0.591,141,Mobile,Paid
2024-07-18,205,723,178,0.591,141,Mobile,Direct
2024-07-18,154,542,133,0.591,141,Mobile,Social
2024-07-18,51,180,44,0.591,141,Mobile,Email
2024-07-18,61,198,53,0.571,165,Tablet,Organic
2024-07-18,43,141,38,0.571,165,Tablet,Paid
2024-07-18,35,113,30,0.571,165,Tablet,Direct
2024-07-18,26,84,22,0.571,165,Tablet,Social
2024-07-18,8,28,7,0.571,165,Tablet,Email
2024-07-19,230,597,164,0.46,277,Desktop,Organic
2024-07-19,164,426,117,0.46,277,Desktop,Paid
2024-07-19,131,341,94,0.46,277,Desktop,Direct
2024-07-19,98,256,70,0.46,277,Desktop,Social
2024-07-19,32,85,23,0.46,277,Desktop,Email
2024-07-19,340,1177,280,0.609,97,Mobile,Organic
2024-07-19,243,841,200,0.609,97,Mobile,Paid
2024-07-19,194,672,160,0.609,97,Mobile,Direct
2024-07-19,146,504,120,0.609,97,Mobile,Social
2024-07-19,48,168,40,0.609,97,Mobile,Email
2024-07-19,68,246,59,0.563,227,Tablet,Organic
2024-07-19,49,175,42,0.563,227,Tablet,Paid
2024-07-19,39,140,33,0.563,227,Tablet,Direct
2024-07-19,29,105,25,0.563,227,Tablet,Social
2024-07-19,9,35,8,0.563,227,Tablet,Email
2024-07-20,233,721,208,0.47,263,Desktop,Organic
2024-07-20,166,515,148,0.47,263,Desktop,Paid
2024-07-20,133,412,119,0.47,263,Desktop,Direct
2024-07-20,99,309,89,0.47,263,Desktop,Social
2024-07-20,33,103,29,0.47,263,Desktop,Email
2024-07-20,358,1114,303,0.613,177,Mobile,Organic
2024-07-20,255,796,216,0.613,177,Mobile,Paid
2024-07-20,204,636,173,0.613,177,Mobile,Direct
2024-07-20,153,477,130,0.613,177,Mobile,Social
2024-07-20,51,159,43,0.613,177,Mobile,Email
2024-07-20,77,237,68,0.56,134,Tablet,Organic
2024-07-20,55,169,49,0.56,134,Tablet,Paid
2024-07-20,44,135,39,0.56,134,Tablet,Direct
2024-07-20,33,101,29,0.56,134,Tablet,Social
2024-07-20,11,33,9,0.56,134,Tablet,Email
2024-07-21,237,644,179,0.54,274,Desktop,Organic
2024-07-21,169,460,128,0.54,274,Desktop,Paid
2024-07-21,135,368,102,0.54,274,Desktop,Direct
2024-07-21,101,276,77,0.54,274,Desktop,Social
2024-07-21,33,92,25,0.54,274,Desktop,Email
2024-07-21,420,1140,331,0.66,133,Mobile,Organic
2024-07-21,300,814,236,0.66,133,Mobile,Paid
2024-07-21,240,651,189,0.66,133,Mobile,Direct
2024-07-21,180,488,142,0.66,133,Mobile,Social
2024-07-21,60,162,47,0.66,133,Mobile,Email
2024-07-21,68,203,61,0.602,135,Tablet,Organic
2024-07-21,49,145,44,0.602,135,Tablet,Paid
2024-07-21,39,116,35,0.602,135,Tablet,Direct
2024-07-21,29,87,26,0.602,135,Tablet,Social
2024-07-21,9,29,8,0.602,135,Tablet,Email
2024-07-22,175,523,130,0.504,255,Desktop,Organic
2024-07-22,125,374,93,0.504,255,Desktop,Paid
2024-07-22,100,299,74,0.504,255,Desktop,Direct
2024-07-22,75,224,55,0.504,255,Desktop,Social
2024-07-22,25,74,18,0.504,255,Desktop,Email
2024-07-22,245,939,190,0.704,119,Mobile,Organic
2024-07-22,175,670,136,0.704,119,Mobile,Paid
2024-07-22,140,536,109,0.704,119,Mobile,Direct
2024-07-22,105,402,81,0.704,119,Mobile,Social
2024-07-22,35,134,27,0.704,119,Mobile,Email
2024-07-22,47,188,35,0.453,120,Tablet,Organic
2024-07-22,34,134,25,0.453,120,Tablet,Paid
2024-07-22,27,107,20,0.453,120,Tablet,Direct
2024-07-22,20,80,15,0.453,120,Tablet,Social
2024-07-22,6,26,5,0.453,120,Tablet,Email
2024-07-23,228,988,201,0.486,216,Desktop,Organic
2024-07-23,163,706,144,0.486,216,Desktop,Paid
2024-07-23,130,565,115,0.486,216,Desktop,Direct
2024-07-23,97,423,86,0.486,216,Desktop,Social
2024-07-23,32,141,28,0.486,216,Desktop,Email
2024-07-23,305,1067,222,0.559,104,Mobile,Organic
2024-07-23,218,762,159,0.559,104,Mobile,Paid
2024-07-23,174,610,127,0.559,104,Mobile,Direct
2024-07-23,130,457,95,0.559,104,Mobile,Social
2024-07-23,43,152,31,0.559,104,Mobile,Email
2024-07-23,58,233,47,0.64,144,Tablet,Organic
2024-07-23,42,166,34,0.64,144,Tablet,Paid
2024-07-23,33,133,27,0.64,144,Tablet,Direct
2024-07-23,25,99,20,0.64,144,Tablet,Social
2024-07-23,8,33,6,0.64,144,Tablet,Email
2024-07-24,230,799,185,0.569,272,Desktop,Organic
2024-07-24,164,570,132,0.569,272,Desktop,Paid
2024-07-24,131,456,106,0.569,272,Desktop,Direct
2024-07-24,98,342,79,0.569,272,Desktop,Social
2024-07-24,32,114,26,0.569,272,Desktop,Email
2024-07-24,362,1013,267,0.721,140,Mobile,Organic
2024-07-24,259,723,191,0.721,140,Mobile,Paid
2024-07-24,207,579,152,0.721,140,Mobile,Direct
2024-07-24,155,434,114,0.721,140,Mobile,Social
2024-07-24,51,144,38,0.721,140,Mobile,Email
2024-07-24,54,201,48,0.558,155,Tablet,Organic
2024-07-24,38,144,34,0.558,155,Tablet,Paid
2024-07-24,31,115,27,0.558,155,Tablet,Direct
2024-07-24,23,86,20,0.558,155,Tablet,Social
2024-07-24,7,28,6,0.558,155,Tablet,Email
2024-07-25,224,605,187,0.479,192,Desktop,Organic
2024-07-25,160,432,134,0.479,192,Desktop,Paid
2024-07-25,128,345,107,0.479,192,Desktop,Direct
2024-07-25,96,259,80,0.479,192,Desktop,Social
2024-07-25,32,86,26,0.479,192,Desktop,Email
2024-07-25,359,1371,314,0.681,171,Mobile,Organic
2024-07-25,256,979,224,0.681,171,Mobile,Paid
2024-07-25,205,783,179,0.681,171,Mobile,Direct
2024-07-25,153,587,134,0.681,171,Mobile,Social
2024-07-25,51,195,44,0.681,171,Mobile,Email
2024-07-25,68,226,54,0.647,140,Tablet,Organic
2024-07-25,49,162,39,0.647,140,Tablet,Paid
2024-07-25,39,129,31,0.647,140,Tablet,Direct
2024-07-25,29,97,23,0.647,140,Tablet,Social
2024-07-25,9,32,7,0.647,140,Tablet,Email
2024-07-26,240,1056,186,0.403,273,Desktop,Organic
2024-07-26,171,754,133,0.403,273,Desktop,Paid
2024-07-26,137,603,106,0.403,273,Desktop,Direct
2024-07-26,103,452,80,0.403,273,Desktop,Social
2024-07-26,34,150,26,0.403,273,Desktop,Email
2024-07-26,414,1741,331,0.732,95,Mobile,Organic
2024-07-26,295,1244,236,0.732,95,Mobile,Paid
2024-07-26,236,995,189,0.732,95,Mobile,Direct
2024-07-26,177,746,142,0.732,95,Mobile,Social
2024-07-26,59,248,47,0.732,95,Mobile,Email
2024-07-26,75,261,53,0.595,139,Tablet,Organic
2024-07-26,53,186,38,0.595,139,Tablet,Paid
2024-07-26,43,149,30,0.595,139,Tablet,Direct
2024-07-26,32,111,22,0.595,139,Tablet,Social
2024-07-26,10,37,7,0.595,139,Tablet,Email
2024-07-27,258,905,182,0.509,189,Desktop,Organic
2024-07-27,184,647,130,0.509,189,Desktop,Paid
2024-07-27,147,517,104,0.509,189,Desktop,Direct
2024-07-27,110,388,78,0.509,189,Desktop,Social
2024-07-27,36,129,26,0.509,189,Desktop,Email
2024-07-27,411,1140,340,0.57,145,Mobile,Organic
2024-07-27,294,814,243,0.57,145,Mobile,Paid
2024-07-27,235,651,194,0.57,145,Mobile,Direct
2024-07-27,176,488,145,0.57,145,Mobile,Social
2024-07-27,58,162,48,0.57,145,Mobile,Email
2024-07-27,79,357,62,0.493,124,Tablet,Organic
2024-07-27,57,255,44,0.493,124,Tablet,Paid
2024-07-27,45,204,35,0.493,124,Tablet,Direct
2024-07-27,34,153,26,0.493,124,Tablet,Social
2024-07-27,11,51,8,0.493,124,Tablet,Email
2024-07-28,219,550,177,0.57,286,Desktop,Organic
2024-07-28,156,393,126,0.57,286,Desktop,Paid
2024-07-28,125,314,101,0.57,286,Desktop,Direct
2024-07-28,94,235,76,0.57,286,Desktop,Social
2024-07-28,31,78,25,0.57,286,Desktop,Email
2024-07-28,324,1400,290,0.66,94,Mobile,Organic
2024-07-28,231,1000,207,0.66,94,Mobile,Paid
2024-07-28,185,800,166,0.66,94,Mobile,Direct
2024-07-28,139,600,124,0.66,94,Mobile,Social
2024-07-28,46,200,41,0.66,94,Mobile,Email
2024-07-28,65,288,57,0.557,143,Tablet,Organic
2024-07-28,47,206,41,0.557,143,Tablet,Paid
2024-07-28,37,165,33,0.557,143,Tablet,Direct
2024-07-28,28,123,24,0.557,143,Tablet,Social
2024-07-28,9,41,8,0.557,143,Tablet,Email
2024-07-29,240,1042,190,0.547,196,Desktop,Organic
2024-07-29,171,744,135,0.547,196,Desktop,Paid
2024-07-29,137,595,108,0.547,196,Desktop,Direct
2024-07-29,103,446,81,0.547,196,Desktop,Social
2024-07-29,34,148,27,0.547,196,Desktop,Email
2024-07-29,341,922,243,0.749,151,Mobile,Organic
2024-07-29,244,659,174,0.749,151,Mobile,Paid
2024-07-29,195,527,139,0.749,151,Mobile,Direct
2024-07-29,146,395,104,0.749,151,Mobile,Social
2024-07-29,48,131,34,0.749,151,Mobile,Email
2024-07-29,66,223,56,0.51,158,Tablet,Organic
2024-07-29,47,159,40,0.51,158,Tablet,Paid
2024-07-29,38,127,32,0.51,158,Tablet,Direct
2024-07-29,28,95,24,0.51,158,Tablet,Social
2024-07-29,9,31,8,0.51,158,Tablet,Email
2024-07-30,259,1004,193,0.405,239,Desktop,Organic
2024-07-30,185,717,138,0.405,239,Desktop,Paid
2024-07-30,148,573,110,0.405,239,Desktop,Direct
2024-07-30,111,430,82,0.405,239,Desktop,Social
2024-07-30,37,143,27,0.405,239,Desktop,Email
2024-07-30,414,1734,307,0.655,173,Mobile,Organic
2024-07-30,296,1239,219,0.655,173,Mobile,Paid
2024-07-30,237,991,175,0.655,173,Mobile,Direct
2024-07-30,177,743,131,0.655,173,Mobile,Social
2024-07-30,59,247,43,0.655,173,Mobile,Email
2024-07-30,76,242,67,0.498,132,Tablet,Organic
2024-07-30,54,173,48,0.498,132,Tablet,Paid
2024-07-30,43,138,38,0.498,132,Tablet,Direct
2024-07-30,32,103,28,0.498,132,Tablet,Social
2024-07-30,10,34,9,0.498,132,Tablet,Email
2024-07-31,246,860,186,0.579,220,Desktop,Organic
2024-07-31,176,614,133,0.579,220,Desktop,Paid
2024-07-31,140,491,106,0.579,220,Desktop,Direct
2024-07-31,105,368,79,0.579,220,Desktop,Social
2024-07-31,35,122,26,0.579,220,Desktop,Email
2024-07-31,420,1458,373,0.57,146,Mobile,Organic
2024-07-31,300,1041,267,0.57,146,Mobile,Paid
2024-07-31,240,833,213,0.57,146,Mobile,Direct
2024-07-31,180,625,160,0.57,146,Mobile,Social
2024-07-31,60,208,53,0.57,146,Mobile,Email
2024-07-31,68,270,52,0.483,236,Tablet,Organic
2024-07-31,49,193,37,0.483,236,Tablet,Paid
2024-07-31,39,154,29,0.483,236,Tablet,Direct
2024-07-31,29,115,22,0.483,236,Tablet,Social
2024-07-31,9,38,7,0.483,236,Tablet,Email
2024-08-01,265,736,211,0.52,295,Desktop,Organic
2024-08-01,189,525,150,0.52,295,Desktop,Paid
2024-08-01,151,420,120,0.52,295,Desktop,Direct
2024-08-01,113,315,90,0.52,295,Desktop,Social
2024-08-01,37,105,30,0.52,295,Desktop,Email
2024-08-01,405,1173,292,0.745,104,Mobile,Organic
2024-08-01,289,838,209,0.745,104,Mobile,Paid
2024-08-01,231,670,167,0.745,104,Mobile,Direct
2024-08-01,173,502,125,0.745,104,Mobile,Social
2024-08-01,57,167,41,0.745,104,Mobile,Email
2024-08-01,73,300,56,0.623,177,Tablet,Organic
2024-08-01,52,214,40,0.623,177,Tablet,Paid
2024-08-01,41,171,32,0.623,177,Tablet,Direct
2024-08-01,31,128,24,0.623,177,Tablet,Social
2024-08-01,10,42,8,0.623,177,Tablet,Email
2024-08-02,236,597,208,0.504,265,Desktop,Organic
2024-08-02,169,427,149,0.504,265,Desktop,Paid
2024-08-02,135,341,119,0.504,265,Desktop,Direct
2024-08-02,101,256,89,0.504,265,Desktop,Social
2024-08-02,33,85,29,0.504,265,Desktop,Email
2024-08-02,378,1625,322,0.616,130,Mobile,Organic
2024-08-02,270,1161,230,0.616,130,Mobile,Paid
2024-08-02,216,929,184,0.616,130,Mobile,Direct
2024-08-02,162,696,138,0.616,130,Mobile,Social
2024-08-02,54,232,46,0.616,130,Mobile,Email
2024-08-02,68,225,49,0.573,178,Tablet,Organic
2024-08-02,49,161,35,0.573,178,Tablet,Paid
2024-08-02,39,128,28,0.573,178,Tablet,Direct
2024-08-02,29,96,21,0.573,178,Tablet,Social
2024-08-02,9,32,7,0.573,178,Tablet,Email
2024-08-03,344,948,303,0.533,216,Desktop,Organic
2024-08-03,246,677,216,0.533,216,Desktop,Paid
2024-08-03,197,541,173,0.533,216,Desktop,Direct
2024-08-03,147,406,130,0.533,216,Desktop,Social
2024-08-03,49,135,43,0.533,216,Desktop,Email
2024-08-03,533,1931,417,0.641,144,Mobile,Organic
2024-08-03,380,1380,298,0.641,144,Mobile,Paid
2024-08-03,304,1104,238,0.641,144,Mobile,Direct
2024-08-03,228,828,179,0.641,144,Mobile,Social
2024-08-03,76,276,59,0.641,144,Mobile,Email
2024-08-03,102,268,81,0.477,206,Tablet,Organic
2024-08-03,73,191,58,0.477,206,Tablet,Paid
2024-08-03,58,153,46,0.477,206,Tablet,Direct
2024-08-03,44,115,34,0.477,206,Tablet,Social
2024-08-03,14,38,11,0.477,206,Tablet,Email
2024-08-04,268,682,204,0.555,192,Desktop,Organic
2024-08-04,191,487,146,0.555,192,Desktop,Paid
2024-08-04,153,390,116,0.555,192,Desktop,Direct
2024-08-04,114,292,87,0.555,192,Desktop,Social
2024-08-04,38,97,29,0.555,192,Desktop,Email
2024-08-04,428,1446,379,0.597,126,Mobile,Organic
2024-08-04,306,1033,270,0.597,126,Mobile,Paid
2024-08-04,244,826,216,0.597,126,Mobile,Direct
2024-08-04,183,619,162,0.597,126,Mobile,Social
2024-08-04,61,206,54,0.597,126,Mobile,Email
2024-08-04,78,229,58,0.477,144,Tablet,Organic
2024-08-04,55,163,41,0.477,144,Tablet,Paid
2024-08-04,44,131,33,0.477,144,Tablet,Direct
2024-08-04,33,98,24,0.477,144,Tablet,Social
2024-08-04,11,32,8,0.477,144,Tablet,Email
2024-08-05,258,716,199,0.576,230,Desktop,Organic
2024-08-05,184,512,142,0.576,230,Desktop,Paid
2024-08-05,147,409,113,0.576,230,Desktop,Direct
2024-08-05,110,307,85,0.576,230,Desktop,Social
2024-08-05,36,102,28,0.576,230,Desktop,Email
2024-08-05,404,1351,328,0.729,178,Mobile,Organic
2024-08-05,288,965,234,0.729,178,Mobile,Paid
2024-08-05,231,772,187,0.729,178,Mobile,Direct
2024-08-05,173,579,140,0.729,178,Mobile,Social
2024-08-05,57,193,46,0.729,178,Mobile,Email
2024-08-05,66,215,51,0.504,186,Tablet,Organic
2024-08-05,47,153,36,0.504,186,Tablet,Paid
2024-08-05,38,123,29,0.504,186,Tablet,Direct
2024-08-05,28,92,22,0.504,186,Tablet,Social
2024-08-05,9,30,7,0.504,186,Tablet,Email
2024-08-06,219,953,184,0.566,249,Desktop,Organic
2024-08-06,156,681,131,0.566,249,Desktop,Paid
2024-08-06,125,544,105,0.566,249,Desktop,Direct
2024-08-06,93,408,78,0.566,249,Desktop,Social
2024-08-06,31,136,26,0.566,249,Desktop,Email
2024-08-06,338,1172,279,0.551,125,Mobile,Organic
2024-08-06,242,837,199,0.551,125,Mobile,Paid
2024-08-06,193,670,159,0.551,125,Mobile,Direct
2024-08-06,145,502,119,0.551,125,Mobile,Social
2024-08-06,48,167,39,0.551,125,Mobile,Email
2024-08-06,57,151,49,0.533,154,Tablet,Organic
2024-08-06,40,108,35,0.533,154,Tablet,Paid
2024-08-06,32,86,28,0.533,154,Tablet,Direct
2024-08-06,24,64,21,0.533,154,Tablet,Social
2024-08-06,8,21,7,0.533,154,Tablet,Email
2024-08-07,253,851,191,0.557,247,Desktop,Organic
2024-08-07,180,608,136,0.557,247,Desktop,Paid
2024-08-07,144,486,109,0.557,247,Desktop,Direct
2024-08-07,108,365,82,0.557,247,Desktop,Social
2024-08-07,36,121,27,0.557,247,Desktop,Email
2024-08-07,418,1052,343,0.636,122,Mobile,Organic
2024-08-07,299,751,245,0.636,122,Mobile,Paid
2024-08-07,239,601,196,0.636,122,Mobile,Direct
2024-08-07,179,451,147,0.636,122,Mobile,Social
2024-08-07,59,150,49,0.636,122,Mobile,Email
2024-08-07,73,310,55,0.639,232,Tablet,Organic
2024-08-07,52,221,39,0.639,232,Tablet,Paid
2024-08-07,41,177,31,0.639,232,Tablet,Direct
2024-08-07,31,133,23,0.639,232,Tablet,Social
2024-08-07,10,44,7,0.639,232,Tablet,Email
2024-08-08,179,634,135,0.48,258,Desktop,Organic
2024-08-08,128,453,96,0.48,258,Desktop,Paid
2024-08-08,102,362,77,0.48,258,Desktop,Direct
2024-08-08,76,272,57,0.48,258,Desktop,Social
2024-08-08,25,90,19,0.48,258,Desktop,Email
2024-08-08,304,1205,265,0.68,104,Mobile,Organic
2024-08-08,217,861,189,0.68,104,Mobile,Paid
2024-08-08,174,688,151,0.68,104,Mobile,Direct
2024-08-08,130,516,113,0.68,104,Mobile,Social
2024-08-08,43,172,37,0.68,104,Mobile,Email
2024-08-08,54,237,41,0.614,135,Tablet,Organic
2024-08-08,39,169,29,0.614,135,Tablet,Paid
2024-08-08,31,135,23,0.614,135,Tablet,Direct
2024-08-08,23,101,17,0.614,135,Tablet,Social
2024-08-08,7,33,5,0.614,135,Tablet,Email
2024-08-09,322,1382,269,0.565,186,Desktop,Organic
2024-08-09,230,987,192,0.565,186,Desktop,Paid
2024-08-09,184,790,154,0.565,186,Desktop,Direct
2024-08-09,138,592,115,0.565,186,Desktop,Social
2024-08-09,46,197,38,0.565,186,Desktop,Email
2024-08-09,534,1547,385,0.748,123,Mobile,Organic
2024-08-09,381,1105,275,0.748,123,Mobile,Paid
2024-08-09,305,884,220,0.748,123,Mobile,Direct
2024-08-09,228,663,165,0.748,123,Mobile,Social
2024-08-09,76,221,55,0.748,123,Mobile,Email
2024-08-09,96,319,85,0.459,173,Tablet,Organic
2024-08-09,69,228,60,0.459,173,Tablet,Paid
2024-08-09,55,182,48,0.459,173,Tablet,Direct
2024-08-09,41,137,36,0.459,173,Tablet,Social
2024-08-09,13,45,12,0.459,173,Tablet,Email
2024-08-10,323,1395,282,0.563,191,Desktop,Organic
2024-08-10,231,996,201,0.563,191,Desktop,Paid
2024-08-10,184,797,161,0.563,191,Desktop,Direct
2024-08-10,138,598,120,0.563,191,Desktop,Social
2024-08-10,46,199,40,0.563,191,Desktop,Email
2024-08-10,536,1611,443,0.622,175,Mobile,Organic
2024-08-10,383,1151,317,0.622,175,Mobile,Paid
2024-08-10,306,920,253,0.622,175,Mobile,Direct
2024-08-10,229,690,190,0.622,175,Mobile,Social
2024-08-10,76,230,63,0.622,175,Mobile,Email
2024-08-10,92,263,82,0.649,228,Tablet,Organic
2024-08-10,66,188,59,0.649,228,Tablet,Paid
2024-08-10,52,150,47,0.649,228,Tablet,Direct
2024-08-10,39,112,35,0.649,228,Tablet,Social
2024-08-10,13,37,11,0.649,228,Tablet,Email
2024-08-11,260,811,217,0.468,290,Desktop,Organic
2024-08-11,186,579,155,0.468,290,Desktop,Paid
2024-08-11,149,463,124,0.468,290,Desktop,Direct
2024-08-11,111,347,93,0.468,290,Desktop,Social
2024-08-11,37,115,31,0.468,290,Desktop,Email
2024-08-11,417,1808,297,0.614,107,Mobile,Organic
2024-08-11,298,1292,212,0.614,107,Mobile,Paid
2024-08-11,238,1033,170,0.614,107,Mobile,Direct
2024-08-11,179,775,127,0.614,107,Mobile,Social
2024-08-11,59,258,42,0.614,107,Mobile,Email
2024-08-11,73,254,63,0.466,239,Tablet,Organic
2024-08-11,52,181,45,0.466,239,Tablet,Paid
2024-08-11,41,145,36,0.466,239,Tablet,Direct
2024-08-11,31,109,27,0.466,239,Tablet,Social
2024-08-11,10,36,9,0.466,239,Tablet,Email
2024-08-12,203,866,150,0.568,288,Desktop,Organic
2024-08-12,145,619,107,0.568,288,Desktop,Paid
2024-08-12,116,495,85,0.568,288,Desktop,Direct
2024-08-12,87,371,64,0.568,288,Desktop,Social
2024-08-12,29,123,21,0.568,288,Desktop,Email
2024-08-12,310,1225,238,0.67,171,Mobile,Organic
2024-08-12,222,875,170,0.67,171,Mobile,Paid
2024-08-12,177,700,136,0.67,171,Mobile,Direct
2024-08-12,133,525,102,0.67,171,Mobile,Social
2024-08-12,44,175,34,0.67,171,Mobile,Email
2024-08-12,55,174,49,0.487,151,Tablet,Organic
2024-08-12,39,124,35,0.487,151,Tablet,Paid
2024-08-12,31,99,28,0.487,151,Tablet,Direct
2024-08-12,23,74,21,0.487,151,Tablet,Social
2024-08-12,7,24,7,0.487,151,Tablet,Email
2024-08-13,183,812,163,0.548,280,Desktop,Organic
2024-08-13,131,580,117,0.548,280,Desktop,Paid
2024-08-13,105,464,93,0.548,280,Desktop,Direct
2024-08-13,78,348,70,0.548,280,Desktop,Social
2024-08-13,26,116,23,0.548,280,Desktop,Email
2024-08-13,279,825,240,0.57,173,Mobile,Organic
2024-08-13,199,589,171,0.57,173,Mobile,Paid
2024-08-13,159,471,137,0.57,173,Mobile,Direct
2024-08-13,119,353,103,0.57,173,Mobile,Social
2024-08-13,39,117,34,0.57,173,Mobile,Email
2024-08-13,51,153,45,0.499,235,Tablet,Organic
2024-08-13,37,109,32,0.499,235,Tablet,Paid
2024-08-13,29,87,26,0.499,235,Tablet,Direct
2024-08-13,22,65,19,0.499,235,Tablet,Social
2024-08-13,7,21,6,0.499,235,Tablet,Email
2024-08-14,241,738,199,0.457,207,Desktop,Organic
2024-08-14,172,527,142,0.457,207,Desktop,Paid
2024-08-14,138,422,114,0.457,207,Desktop,Direct
2024-08-14,103,316,85,0.457,207,Desktop,Social
2024-08-14,34,105,28,0.457,207,Desktop,Email
2024-08-14,399,1115,335,0.619,131,Mobile,Organic
2024-08-14,285,796,239,0.619,131,Mobile,Paid
2024-08-14,228,637,191,0.619,131,Mobile,Direct
2024-08-14,171,478,143,0.619,131,Mobile,Social
2024-08-14,57,159,47,0.619,131,Mobile,Email
2024-08-14,68,297,54,0.579,153,Tablet,Organic
2024-08-14,49,212,39,0.579,153,Tablet,Paid
2024-08-14,39,170,31,0.579,153,Tablet,Direct
2024-08-14,29,127,23,0.579,153,Tablet,Social
2024-08-14,9,42,7,0.579,153,Tablet,Email
2024-08-15,247,851,195,0.452,256,Desktop,Organic
2024-08-15,176,608,139,0.452,256,Desktop,Paid
2024-08-15,141,486,111,0.452,256,Desktop,Direct
2024-08-15,105,364,83,0.452,256,Desktop,Social
2024-08-15,35,121,27,0.452,256,Desktop,Email
2024-08-15,354,1080,291,0.58,168,Mobile,Organic
2024-08-15,253,771,208,0.58,168,Mobile,Paid
2024-08-15,202,617,166,0.58,168,Mobile,Direct
2024-08-15,151,463,125,0.58,168,Mobile,Social
2024-08-15,50,154,41,0.58,168,Mobile,Email
2024-08-15,68,242,57,0.509,187,Tablet,Organic
2024-08-15,49,173,40,0.509,187,Tablet,Paid
2024-08-15,39,138,32,0.509,187,Tablet,Direct
2024-08-15,29,103,24,0.509,187,Tablet,Social
2024-08-15,9,34,8,0.509,187,Tablet,Email
2024-08-16,271,1035,193,0.406,248,Desktop,Organic
2024-08-16,193,739,138,0.406,248,Desktop,Paid
2024-08-16,155,591,110,0.406,248,Desktop,Direct
2024-08-16,116,443,83,0.406,248,Desktop,Social
2024-08-16,38,147,27,0.406,248,Desktop,Email
2024-08-16,399,1232,293,0.652,142,Mobile,Organic
2024-08-16,285,880,209,0.652,142,Mobile,Paid
2024-08-16,228,704,167,0.652,142,Mobile,Direct
2024-08-16,171,528,125,0.652,142,Mobile,Social
2024-08-16,57,176,41,0.652,142,Mobile,Email
2024-08-16,67,221,50,0.474,180,Tablet,Organic
2024-08-16,48,158,36,0.474,180,Tablet,Paid
2024-08-16,38,126,29,0.474,180,Tablet,Direct
2024-08-16,29,94,21,0.474,180,Tablet,Social
2024-08-16,9,31,7,0.474,180,Tablet,Email
2024-08-17,316,1089,270,0.594,283,Desktop,Organic
2024-08-17,226,778,193,0.594,283,Desktop,Paid
2024-08-17,181,622,154,0.594,283,Desktop,Direct
2024-08-17,135,466,115,0.594,283,Desktop,Social
2024-08-17,45,155,38,0.594,283,Desktop,Email
2024-08-17,427,1507,304,0.618,122,Mobile,Organic
2024-08-17,305,1077,217,0.618,122,Mobile,Paid
2024-08-17,244,861,174,0.618,122,Mobile,Direct
2024-08-17,183,646,130,0.618,122,Mobile,Social
2024-08-17,61,215,43,0.618,122,Mobile,Email
2024-08-17,84,305,64,0.62,183,Tablet,Organic
2024-08-17,60,218,46,0.62,183,Tablet,Paid
2024-08-17,48,174,37,0.62,183,Tablet,Direct
2024-08-17,36,130,27,0.62,183,Tablet,Social
2024-08-17,12,43,9,0.62,183,Tablet,Email
2024-08-18,277,1187,213,0.423,197,Desktop,Organic
2024-08-18,198,848,152,0.423,197,Desktop,Paid
2024-08-18,158,678,121,0.423,197,Desktop,Direct
2024-08-18,118,508,91,0.423,197,Desktop,Social
2024-08-18,39,169,30,0.423,197,Desktop,Email
2024-08-18,418,1285,369,0.605,154,Mobile,Organic
2024-08-18,298,918,264,0.605,154,Mobile,Paid
2024-08-18,239,734,211,0.605,154,Mobile,Direct
2024-08-18,179,550,158,0.605,154,Mobile,Social
2024-08-18,59,183,52,0.605,154,Mobile,Email
2024-08-18,71,182,60,0.533,198,Tablet,Organic
2024-08-18,51,130,43,0.533,198,Tablet,Paid
2024-08-18,40,104,34,0.533,198,Tablet,Direct
2024-08-18,30,78,26,0.533,198,Tablet,Social
2024-08-18,10,26,8,0.533,198,Tablet,Email
2024-08-19,222,829,169,0.465,233,Desktop,Organic
2024-08-19,159,592,120,0.465,233,Desktop,Paid
2024-08-19,127,474,96,0.465,233,Desktop,Direct
2024-08-19,95,355,72,0.465,233,Desktop,Social
2024-08-19,31,118,24,0.465,233,Desktop,Email
2024-08-19,361,1377,272,0.615,91,Mobile,Organic
2024-08-19,258,984,194,0.615,91,Mobile,Paid
2024-08-19,206,787,155,0.615,91,Mobile,Direct
2024-08-19,154,590,116,0.615,91,Mobile,Social
2024-08-19,51,196,38,0.615,91,Mobile,Email
2024-08-19,62,279,52,0.475,182,Tablet,Organic
2024-08-19,44,199,37,0.475,182,Tablet,Paid
2024-08-19,35,159,30,0.475,182,Tablet,Direct
2024-08-19,26,119,22,0.475,182,Tablet,Social
2024-08-19,8,39,7,0.475,182,Tablet,Email
2024-08-20,157,518,130,0.419,259,Desktop,Organic
2024-08-20,112,370,93,0.419,259,Desktop,Paid
2024-08-20,90,296,74,0.419,259,Desktop,Direct
2024-08-20,67,222,55,0.419,259,Desktop,Social
2024-08-20,22,74,18,0.419,259,Desktop,Email
2024-08-20,248,748,212,0.745,135,Mobile,Organic
2024-08-20,177,534,151,0.745,135,Mobile,Paid
2024-08-20,142,427,121,0.745,135,Mobile,Direct
2024-08-20,106,320,90,0.745,135,Mobile,Social
2024-08-20,35,106,30,0.745,135,Mobile,Email
2024-08-20,46,159,41,0.46,126,Tablet,Organic
2024-08-20,33,114,29,0.46,126,Tablet,Paid
2024-08-20,26,91,23,0.46,126,Tablet,Direct
2024-08-20,19,68,17,0.46,126,Tablet,Social
2024-08-20,6,22,5,0.46,126,Tablet,Email
2024-08-21,256,1128,216,0.528,291,Desktop,Organic
2024-08-21,183,806,154,0.528,291,Desktop,Paid
2024-08-21,146,645,123,0.528,291,Desktop,Direct
2024-08-21,110,483,92,0.528,291,Desktop,Social
2024-08-21,36,161,30,0.528,291,Desktop,Email
2024-08-21,385,1129,303,0.586,112,Mobile,Organic
2024-08-21,275,807,216,0.586,112,Mobile,Paid
2024-08-21,220,645,173,0.586,112,Mobile,Direct
2024-08-21,165,484,130,0.586,112,Mobile,Social
2024-08-21,55,161,43,0.586,112,Mobile,Email
2024-08-21,73,297,66,0.476,160,Tablet,Organic
2024-08-21,52,212,47,0.476,160,Tablet,Paid
2024-08-21,42,169,37,0.476,160,Tablet,Direct
2024-08-21,31,127,28,0.476,160,Tablet,Social
2024-08-21,10,42,9,0.476,160,Tablet,Email
2024-08-22,243,863,182,0.498,237,Desktop,Organic
2024-08-22,173,616,130,0.498,237,Desktop,Paid
2024-08-22,139,493,104,0.498,237,Desktop,Direct
2024-08-22,104,370,78,0.498,237,Desktop,Social
2024-08-22,34,123,26,0.498,237,Desktop,Email
2024-08-22,392,1600,340,0.598,144,Mobile,Organic
2024-08-22,280,1143,243,0.598,144,Mobile,Paid
2024-08-22,224,914,194,0.598,144,Mobile,Direct
2024-08-22,168,685,145,0.598,144,Mobile,Social
2024-08-22,56,228,48,0.598,144,Mobile,Email
2024-08-22,69,242,53,0.59,198,Tablet,Organic
2024-08-22,49,173,38,0.59,198,Tablet,Paid
2024-08-22,39,138,30,0.59,198,Tablet,Direct
2024-08-22,29,104,22,0.59,198,Tablet,Social
2024-08-22,9,34,7,0.59,198,Tablet,Email
2024-08-23,345,997,280,0.422,242,Desktop,Organic
2024-08-23,246,712,200,0.422,242,Desktop,Paid
2024-08-23,197,569,160,0.422,242,Desktop,Direct
2024-08-23,147,427,120,0.422,242,Desktop,Social
2024-08-23,49,142,40,0.422,242,Desktop,Email
2024-08-23,494,1500,431,0.711,139,Mobile,Organic
2024-08-23,353,1071,308,0.711,139,Mobile,Paid
2024-08-23,282,857,246,0.711,139,Mobile,Direct
2024-08-23,211,642,184,0.711,139,Mobile,Social
2024-08-23,70,214,61,0.711,139,Mobile,Email
2024-08-23,87,305,67,0.645,226,Tablet,Organic
2024-08-23,62,218,48,0.645,226,Tablet,Paid
2024-08-23,49,174,38,0.645,226,Tablet,Direct
2024-08-23,37,131,28,0.645,226,Tablet,Social
2024-08-23,12,43,9,0.645,226,Tablet,Email
2024-08-24,251,1001,176,0.484,290,Desktop,Organic
2024-08-24,179,715,126,0.484,290,Desktop,Paid
2024-08-24,143,572,101,0.484,290,Desktop,Direct
2024-08-24,107,429,75,0.484,290,Desktop,Social
2024-08-24,35,143,25,0.484,290,Desktop,Email
2024-08-24,342,1268,278,0.583,173,Mobile,Organic
2024-08-24,244,906,199,0.583,173,Mobile,Paid
2024-08-24,195,725,159,0.583,173,Mobile,Direct
2024-08-24,146,543,119,0.583,173,Mobile,Social
2024-08-24,48,181,39,0.583,173,Mobile,Email
2024-08-24,66,274,57,0.649,234,Tablet,Organic
2024-08-24,47,195,41,0.649,234,Tablet,Paid
2024-08-24,38,156,33,0.649,234,Tablet,Direct
2024-08-24,28,117,24,0.649,234,Tablet,Social
2024-08-24,9,39,8,0.649,234,Tablet,Email
2024-08-25,256,1136,183,0.53,248,Desktop,Organic
2024-08-25,183,811,131,0.53,248,Desktop,Paid
2024-08-25,146,649,104,0.53,248,Desktop,Direct
2024-08-25,110,486,78,0.53,248,Desktop,Social
2024-08-25,36,162,26,0.53,248,Desktop,Email
2024-08-25,450,1190,375,0.678,163,Mobile,Organic
2024-08-25,321,850,268,0.678,163,Mobile,Paid
2024-08-25,257,680,214,0.678,163,Mobile,Direct
2024-08-25,193,510,160,0.678,163,Mobile,Social
2024-08-25,64,170,53,0.678,163,Mobile,Email
2024-08-25,74,244,53,0.616,209,Tablet,Organic
2024-08-25,53,174,38,0.616,209,Tablet,Paid
2024-08-25,42,139,30,0.616,209,Tablet,Direct
2024-08-25,32,104,22,0.616,209,Tablet,Social
2024-08-25,10,34,7,0.616,209,Tablet,Email
2024-08-26,250,698,215,0.56,274,Desktop,Organic
2024-08-26,179,499,154,0.56,274,Desktop,Paid
2024-08-26,143,399,123,0.56,274,Desktop,Direct
2024-08-26,107,299,92,0.56,274,Desktop,Social
2024-08-26,35,99,30,0.56,274,Desktop,Email
2024-08-26,359,1277,273,0.672,140,Mobile,Organic
2024-08-26,256,912,195,0.672,140,Mobile,Paid
2024-08-26,205,729,156,0.672,140,Mobile,Direct
2024-08-26,153,547,117,0.672,140,Mobile,Social
2024-08-26,51,182,39,0.672,140,Mobile,Email
2024-08-26,75,311,62,0.601,225,Tablet,Organic
2024-08-26,53,222,44,0.601,225,Tablet,Paid
2024-08-26,43,178,35,0.601,225,Tablet,Direct
2024-08-26,32,133,26,0.601,225,Tablet,Social
2024-08-26,10,44,8,0.601,225,Tablet,Email
2024-08-27,152,420,116,0.503,258,Desktop,Organic
2024-08-27,109,300,83,0.503,258,Desktop,Paid
2024-08-27,87,240,66,0.503,258,Desktop,Direct
2024-08-27,65,180,50,0.503,258,Desktop,Social
2024-08-27,21,60,16,0.503,258,Desktop,Email
2024-08-27,279,1138,206,0.673,90,Mobile,Organic
2024-08-27,199,813,147,0.673,90,Mobile,Paid
2024-08-27,159,650,118,0.673,90,Mobile,Direct
2024-08-27,119,487,88,0.673,90,Mobile,Social
2024-08-27,39,162,29,0.673,90,Mobile,Email
2024-08-27,51,218,44,0.527,191,Tablet,Organic
2024-08-27,36,156,31,0.527,191,Tablet,Paid
2024-08-27,29,124,25,0.527,191,Tablet,Direct
2024-08-27,21,93,18,0.527,191,Tablet,Social
2024-08-27,7,31,6,0.527,191,Tablet,Email
2024-08-28,218,943,182,0.542,291,Desktop,Organic
2024-08-28,156,674,130,0.542,291,Desktop,Paid
2024-08-28,125,539,104,0.542,291,Desktop,Direct
2024-08-28,93,404,78,0.542,291,Desktop,Social
2024-08-28,31,134,26,0.542,291,Desktop,Email
2024-08-28,334,1288,287,0.705,106,Mobile,Organic
2024-08-28,239,920,205,0.705,106,Mobile,Paid
2024-08-28,191,736,164,0.705,106,Mobile,Direct
2024-08-28,143,552,123,0.705,106,Mobile,Social
2024-08-28,47,184,41,0.705,106,Mobile,Email
2024-08-28,65,253,52,0.489,129,Tablet,Organic
2024-08-28,47,181,37,0.489,129,Tablet,Paid
2024-08-28,37,144,29,0.489,129,Tablet,Direct
2024-08-28,28,108,22,0.489,129,Tablet,Social
2024-08-28,9,36,7,0.489,129,Tablet,Email
2024-08-29,219,896,177,0.427,258,Desktop,Organic
2024-08-29,156,640,126,0.427,258,Desktop,Paid
2024-08-29,125,512,101,0.427,258,Desktop,Direct
2024-08-29,94,384,75,0.427,258,Desktop,Social
2024-08-29,31,128,25,0.427,258,Desktop,Email
2024-08-29,358,1214,264,0.569,167,Mobile,Organic
2024-08-29,255,867,188,0.569,167,Mobile,Paid
2024-08-29,204,694,151,0.569,167,Mobile,Direct
2024-08-29,153,520,113,0.569,167,Mobile,Social
2024-08-29,51,173,37,0.569,167,Mobile,Email
2024-08-29,62,239,47,0.607,133,Tablet,Organic
2024-08-29,45,171,33,0.607,133,Tablet,Paid
2024-08-29,36,137,27,0.607,133,Tablet,Direct
2024-08-29,27,102,20,0.607,133,Tablet,Social
2024-08-29,9,34,6,0.607,133,Tablet,Email
2024-08-30,288,1279,234,0.594,271,Desktop,Organic
2024-08-30,206,914,167,0.594,271,Desktop,Paid
2024-08-30,164,731,134,0.594,271,Desktop,Direct
2024-08-30,123,548,100,0.594,271,Desktop,Social
2024-08-30,41,182,33,0.594,271,Desktop,Email
2024-08-30,464,1747,386,0.661,90,Mobile,Organic
2024-08-30,331,1248,276,0.661,90,Mobile,Paid
2024-08-30,265,998,221,0.661,90,Mobile,Direct
2024-08-30,198,748,165,0.661,90,Mobile,Social
2024-08-30,66,249,55,0.661,90,Mobile,Email
2024-08-30,87,381,75,0.603,173,Tablet,Organic
2024-08-30,62,272,54,0.603,173,Tablet,Paid
2024-08-30,50,218,43,0.603,173,Tablet,Direct
2024-08-30,37,163,32,0.603,173,Tablet,Social
2024-08-30,12,54,10,0.603,173,Tablet,Email
2024-08-31,352,1531,293,0.483,219,Desktop,Organic
2024-08-31,251,1094,209,0.483,219,Desktop,Paid
2024-08-31,201,875,167,0.483,219,Desktop,Direct
2024-08-31,151,656,125,0.483,219,Desktop,Social
2024-08-31,50,218,41,0.483,219,Desktop,Email
2024-08-31,576,1507,480,0.729,104,Mobile,Organic
2024-08-31,411,1077,343,0.729,104,Mobile,Paid
2024-08-31,329,861,274,0.729,104,Mobile,Direct
2024-08-31,246,646,206,0.729,104,Mobile,Social
2024-08-31,82,215,68,0.729,104,Mobile,Email
2024-08-31,93,401,79,0.638,130,Tablet,Organic
2024-08-31,66,286,57,0.638,130,Tablet,Paid
2024-08-31,53,229,45,0.638,130,Tablet,Direct
2024-08-31,39,172,34,0.638,130,Tablet,Social
2024-08-31,13,57,11,0.638,130,Tablet,Email
2024-09-01,516,1783,421,0.455,279,Desktop,Organic
2024-09-01,369,1274,301,0.455,279,Desktop,Paid
2024-09-01,295,1019,240,0.455,279,Desktop,Direct
2024-09-01,221,764,180,0.455,279,Desktop,Social
2024-09-01,73,254,60,0.455,279,Desktop,Email
2024-09-01,719,2418,635,0.674,162,Mobile,Organic
2024-09-01,514,1727,453,0.674,162,Mobile,Paid
2024-09-01,411,1382,363,0.674,162,Mobile,Direct
2024-09-01,308,1036,272,0.674,162,Mobile,Social
2024-09-01,102,345,90,0.674,162,Mobile,Email
2024-09-01,140,543,120,0.644,206,Tablet,Organic
2024-09-01,100,388,86,0.644,206,Tablet,Paid
2024-09-01,80,310,68,0.644,206,Tablet,Direct
2024-09-01,60,232,51,0.644,206,Tablet,Social
2024-09-01,20,77,17,0.644,206,Tablet,Email
2024-09-02,276,692,198,0.597,227,Desktop,Organic
2024-09-02,197,494,141,0.597,227,Desktop,Paid
2024-09-02,158,395,113,0.597,227,Desktop,Direct
2024-09-02,118,296,84,0.597,227,Desktop,Social
2024-09-02,39,98,28,0.597,227,Desktop,Email
2024-09-02,444,1513,372,0.642,127,Mobile,Organic
2024-09-02,317,1080,266,0.642,127,Mobile,Paid
2024-09-02,253,864,212,0.642,127,Mobile,Direct
2024-09-02,190,648,159,0.642,127,Mobile,Social
2024-09-02,63,216,53,0.642,127,Mobile,Email
2024-09-02,85,343,75,0.523,174,Tablet,Organic
2024-09-02,60,245,53,0.523,174,Tablet,Paid
2024-09-02,48,196,43,0.523,174,Tablet,Direct
2024-09-02,36,147,32,0.523,174,Tablet,Social
2024-09-02,12,49,10,0.523,174,Tablet,Email
2024-09-03,294,1019,224,0.553,220,Desktop,Organic
2024-09-03,210,728,160,0.553,220,Desktop,Paid
2024-09-03,168,582,128,0.553,220,Desktop,Direct
2024-09-03,126,436,96,0.553,220,Desktop,Social
2024-09-03,42,145,32,0.553,220,Desktop,Email
2024-09-03,444,1399,312,0.7,155,Mobile,Organic
2024-09-03,317,999,223,0.7,155,Mobile,Paid
2024-09-03,254,799,178,0.7,155,Mobile,Direct
2024-09-03,190,599,134,0.7,155,Mobile,Social
2024-09-03,63,199,44,0.7,155,Mobile,Email
2024-09-03,77,202,66,0.628,171,Tablet,Organic
2024-09-03,55,144,47,0.628,171,Tablet,Paid
2024-09-03,44,115,38,0.628,171,Tablet,Direct
2024-09-03,33,86,28,0.628,171,Tablet,Social
2024-09-03,11,28,9,0.628,171,Tablet,Email
2024-09-04,350,1320,305,0.568,280,Desktop,Organic
2024-09-04,250,943,218,0.568,280,Desktop,Paid
2024-09-04,200,754,174,0.568,280,Desktop,Direct
2024-09-04,150,565,130,0.568,280,Desktop,Social
2024-09-04,50,188,43,0.568,280,Desktop,Email
2024-09-04,576,1825,500,0.729,109,Mobile,Organic
2024-09-04,411,1303,357,0.729,109,Mobile,Paid
2024-09-04,329,1043,286,0.729,109,Mobile,Direct
2024-09-04,246,782,214,0.729,109,Mobile,Social
2024-09-04,82,260,71,0.729,109,Mobile,Email
2024-09-04,102,258,75,0.625,155,Tablet,Organic
2024-09-04,73,184,54,0.625,155,Tablet,Paid
2024-09-04,58,147,43,0.625,155,Tablet,Direct
2024-09-04,43,110,32,0.625,155,Tablet,Social
2024-09-04,14,36,10,0.625,155,Tablet,Email
2024-09-05,302,1075,249,0.566,197,Desktop,Organic
2024-09-05,216,768,178,0.566,197,Desktop,Paid
2024-09-05,172,614,142,0.566,197,Desktop,Direct
2024-09-05,129,460,107,0.566,197,Desktop,Social
2024-09-05,43,153,35,0.566,197,Desktop,Email
2024-09-05,448,1957,385,0.626,121,Mobile,Organic
2024-09-05,320,1398,275,0.626,121,Mobile,Paid
2024-09-05,256,1118,220,0.626,121,Mobile,Direct
2024-09-05,192,838,165,0.626,121,Mobile,Social
2024-09-05,64,279,55,0.626,121,Mobile,Email
2024-09-05,78,214,68,0.536,134,Tablet,Organic
2024-09-05,56,153,48,0.536,134,Tablet,Paid
2024-09-05,45,122,39,0.536,134,Tablet,Direct
2024-09-05,33,91,29,0.536,134,Tablet,Social
2024-09-05,11,30,9,0.536,134,Tablet,Email
2024-09-06,472,1614,361,0.412,194,Desktop,Organic
2024-09-06,337,1153,258,0.412,194,Desktop,Paid
2024-09-06,269,922,206,0.412,194,Desktop,Direct
2024-09-06,202,691,154,0.412,194,Desktop,Social
2024-09-06,67,230,51,0.412,194,Desktop,Email
2024-09-06,688,2877,569,0.686,129,Mobile,Organic
2024-09-06,491,2055,407,0.686,129,Mobile,Paid
2024-09-06,393,1644,325,0.686,129,Mobile,Direct
2024-09-06,295,1233,244,0.686,129,Mobile,Social
2024-09-06,98,411,81,0.686,129,Mobile,Email
2024-09-06,124,360,101,0.646,169,Tablet,Organic
2024-09-06,88,257,72,0.646,169,Tablet,Paid
2024-09-06,71,206,58,0.646,169,Tablet,Direct
2024-09-06,53,154,43,0.646,169,Tablet,Social
2024-09-06,17,51,14,0.646,169,Tablet,Email
2024-09-07,464,1206,367,0.523,279,Desktop,Organic
2024-09-07,331,861,262,0.523,279,Desktop,Paid
2024-09-07,265,689,210,0.523,279,Desktop,Direct
2024-09-07,199,516,157,0.523,279,Desktop,Social
2024-09-07,66,172,52,0.523,279,Desktop,Email
2024-09-07,800,2241,698,0.652,91,Mobile,Organic
2024-09-07,572,1601,499,0.652,91,Mobile,Paid
2024-09-07,457,1280,399,0.652,91,Mobile,Direct
2024-09-07,343,960,299,0.652,91,Mobile,Social
2024-09-07,114,320,99,0.652,91,Mobile,Email
2024-09-07,140,488,112,0.592,174,Tablet,Organic
2024-09-07,100,348,80,0.592,174,Tablet,Paid
2024-09-07,80,279,64,0.592,174,Tablet,Direct
2024-09-07,60,209,48,0.592,174,Tablet,Social
2024-09-07,20,69,16,0.592,174,Tablet,Email
2024-09-08,486,1466,361,0.47,228,Desktop,Organic
2024-09-08,347,1047,258,0.47,228,Desktop,Paid
2024-09-08,278,837,206,0.47,228,Desktop,Direct
2024-09-08,208,628,155,0.47,228,Desktop,Social
2024-09-08,69,209,51,0.47,228,Desktop,Email
2024-09-08,769,2525,644,0.749,130,Mobile,Organic
2024-09-08,549,1804,460,0.749,130,Mobile,Paid
2024-09-08,439,1443,368,0.749,130,Mobile,Direct
2024-09-08,329,1082,276,0.749,130,Mobile,Social
2024-09-08,109,360,92,0.749,130,Mobile,Email
2024-09-08,131,462,116,0.497,224,Tablet,Organic
2024-09-08,94,330,83,0.497,224,Tablet,Paid
2024-09-08,75,264,66,0.497,224,Tablet,Direct
2024-09-08,56,198,50,0.497,224,Tablet,Social
2024-09-08,18,66,16,0.497,224,Tablet,Email
2024-09-09,423,1818,317,0.563,250,Desktop,Organic
2024-09-09,302,1299,227,0.563,250,Desktop,Paid
2024-09-09,241,1039,181,0.563,250,Desktop,Direct
2024-09-09,181,779,136,0.563,250,Desktop,Social
2024-09-09,60,259,45,0.563,250,Desktop,Email
2024-09-09,653,1784,587,0.72,162,Mobile,Organic
2024-09-09,466,1274,419,0.72,162,Mobile,Paid
2024-09-09,373,1019,335,0.72,162,Mobile,Direct
2024-09-09,280,764,251,0.72,162,Mobile,Social
2024-09-09,93,254,83,0.72,162,Mobile,Email
2024-09-09,115,392,84,0.582,127,Tablet,Organic
2024-09-09,82,280,60,0.582,127,Tablet,Paid
2024-09-09,65,224,48,0.582,127,Tablet,Direct
2024-09-09,49,168,36,0.582,127,Tablet,Social
2024-09-09,16,56,12,0.582,127,Tablet,Email
2024-09-10,359,1592,271,0.507,288,Desktop,Organic
2024-09-10,256,1137,193,0.507,288,Desktop,Paid
2024-09-10,205,909,155,0.507,288,Desktop,Direct
2024-09-10,153,682,116,0.507,288,Desktop,Social
2024-09-10,51,227,38,0.507,288,Desktop,Email
2024-09-10,505,1560,437,0.612,144,Mobile,Organic
2024-09-10,361,1114,312,0.612,144,Mobile,Paid
2024-09-10,288,891,250,0.612,144,Mobile,Direct
2024-09-10,216,668,187,0.612,144,Mobile,Social
2024-09-10,72,222,62,0.612,144,Mobile,Email
2024-09-10,104,426,89,0.578,173,Tablet,Organic
2024-09-10,74,304,64,0.578,173,Tablet,Paid
2024-09-10,59,243,51,0.578,173,Tablet,Direct
2024-09-10,44,182,38,0.578,173,Tablet,Social
2024-09-10,14,60,12,0.578,173,Tablet,Email
2024-09-11,338,1300,248,0.562,205,Desktop,Organic
2024-09-11,242,929,177,0.562,205,Desktop,Paid
2024-09-11,193,743,142,0.562,205,Desktop,Direct
2024-09-11,145,557,106,0.562,205,Desktop,Social
2024-09-11,48,185,35,0.562,205,Desktop,Email
2024-09-11,484,2087,378,0.597,178,Mobile,Organic
2024-09-11,345,1491,270,0.597,178,Mobile,Paid
2024-09-11,276,1192,216,0.597,178,Mobile,Direct
2024-09-11,207,894,162,0.597,178,Mobile,Social
2024-09-11,69,298,54,0.597,178,Mobile,Email
2024-09-11,87,257,76,0.616,127,Tablet,Organic
2024-09-11,62,184,54,0.616,127,Tablet,Paid
2024-09-11,50,147,43,0.616,127,Tablet,Direct
2024-09-11,37,110,32,0.616,127,Tablet,Social
2024-09-11,12,36,10,0.616,127,Tablet,Email
2024-09-12,364,1189,297,0.405,213,Desktop,Organic
2024-09-12,260,849,212,0.405,213,Desktop,Paid
2024-09-12,208,679,170,0.405,213,Desktop,Direct
2024-09-12,156,509,127,0.405,213,Desktop,Social
2024-09-12,52,169,42,0.405,213,Desktop,Email
2024-09-12,543,1411,427,0.611,143,Mobile,Organic
2024-09-12,388,1008,305,0.611,143,Mobile,Paid
2024-09-12,310,806,244,0.611,143,Mobile,Direct
2024-09-12,232,604,183,0.611,143,Mobile,Social
2024-09-12,77,201,61,0.611,143,Mobile,Email
2024-09-12,91,290,78,0.463,131,Tablet,Organic
2024-09-12,65,207,55,0.463,131,Tablet,Paid
2024-09-12,52,166,44,0.463,131,Tablet,Direct
2024-09-12,39,124,33,0.463,131,Tablet,Social
2024-09-12,13,41,11,0.463,131,Tablet,Email
2024-09-13,577,2013,468,0.419,283,Desktop,Organic
2024-09-13,412,1438,335,0.419,283,Desktop,Paid
2024-09-13,329,1150,268,0.419,283,Desktop,Direct
2024-09-13,247,862,201,0.419,283,Desktop,Social
2024-09-13,82,287,67,0.419,283,Desktop,Email
2024-09-13,859,2273,769,0.582,161,Mobile,Organic
2024-09-13,614,1624,549,0.582,161,Mobile,Paid
2024-09-13,491,1299,439,0.582,161,Mobile,Direct
2024-09-13,368,974,329,0.582,161,Mobile,Social
2024-09-13,122,324,109,0.582,161,Mobile,Email
2024-09-13,153,399,126,0.619,171,Tablet,Organic
2024-09-13,109,285,90,0.619,171,Tablet,Paid
2024-09-13,87,228,72,0.619,171,Tablet,Direct
2024-09-13,65,171,54,0.619,171,Tablet,Social
2024-09-13,21,57,18,0.619,171,Tablet,Email
2024-09-14,558,1978,490,0.567,216,Desktop,Organic
2024-09-14,398,1413,350,0.567,216,Desktop,Paid
2024-09-14,319,1130,280,0.567,216,Desktop,Direct
2024-09-14,239,848,210,0.567,216,Desktop,Social
2024-09-14,79,282,70,0.567,216,Desktop,Email
2024-09-14,754,3237,592,0.695,98,Mobile,Organic
2024-09-14,538,2312,423,0.695,98,Mobile,Paid
2024-09-14,431,1850,338,0.695,98,Mobile,Direct
2024-09-14,323,1387,253,0.695,98,Mobile,Social
2024-09-14,107,462,84,0.695,98,Mobile,Email
2024-09-14,148,510,108,0.572,139,Tablet,Organic
2024-09-14,106,364,77,0.572,139,Tablet,Paid
2024-09-14,85,291,62,0.572,139,Tablet,Direct
2024-09-14,63,218,46,0.572,139,Tablet,Social
2024-09-14,21,72,15,0.572,139,Tablet,Email
2024-09-15,458,1655,323,0.548,269,Desktop,Organic
2024-09-15,327,1182,231,0.548,269,Desktop,Paid
2024-09-15,261,946,184,0.548,269,Desktop,Direct
2024-09-15,196,709,138,0.548,269,Desktop,Social
2024-09-15,65,236,46,0.548,269,Desktop,Email
2024-09-15,702,1971,631,0.552,146,Mobile,Organic
2024-09-15,501,1408,451,0.552,146,Mobile,Paid
2024-09-15,401,1126,361,0.552,146,Mobile,Direct
2024-09-15,301,844,270,0.552,146,Mobile,Social
2024-09-15,100,281,90,0.552,146,Mobile,Email
2024-09-15,131,514,107,0.59,204,Tablet,Organic
2024-09-15,93,367,76,0.59,204,Tablet,Paid
2024-09-15,75,294,61,0.59,204,Tablet,Direct
2024-09-15,56,220,45,0.59,204,Tablet,Social
2024-09-15,18,73,15,0.59,204,Tablet,Email
2024-09-16,353,925,253,0.413,274,Desktop,Organic
2024-09-16,252,660,180,0.413,274,Desktop,Paid
2024-09-16,202,528,144,0.413,274,Desktop,Direct
2024-09-16,151,396,108,0.413,274,Desktop,Social
2024-09-16,50,132,36,0.413,274,Desktop,Email
2024-09-16,657,1764,505,0.662,129,Mobile,Organic
2024-09-16,469,1260,361,0.662,129,Mobile,Paid
2024-09-16,375,1008,289,0.662,129,Mobile,Direct
2024-09-16,281,756,216,0.662,129,Mobile,Social
2024-09-16,93,252,72,0.662,129,Mobile,Email
2024-09-16,117,453,96,0.577,176,Tablet,Organic
2024-09-16,83,324,68,0.577,176,Tablet,Paid
2024-09-16,67,259,55,0.577,176,Tablet,Direct
2024-09-16,50,194,41,0.577,176,Tablet,Social
2024-09-16,16,64,13,0.577,176,Tablet,Email
2024-09-17,409,1507,355,0.573,291,Desktop,Organic
2024-09-17,292,1077,254,0.573,291,Desktop,Paid
2024-09-17,234,861,203,0.573,291,Desktop,Direct
2024-09-17,175,646,152,0.573,291,Desktop,Social
2024-09-17,58,215,50,0.573,291,Desktop,Email
2024-09-17,589,1902,483,0.558,90,Mobile,Organic
2024-09-17,421,1358,345,0.558,90,Mobile,Paid
2024-09-17,337,1087,276,0.558,90,Mobile,Direct
2024-09-17,252,815,207,0.558,90,Mobile,Social
2024-09-17,84,271,69,0.558,90,Mobile,Email
2024-09-17,122,505,91,0.502,194,Tablet,Organic
2024-09-17,87,361,65,0.502,194,Tablet,Paid
2024-09-17,70,289,52,0.502,194,Tablet,Direct
2024-09-17,52,216,39,0.502,194,Tablet,Social
2024-09-17,17,72,13,0.502,194,Tablet,Email
2024-09-18,305,1059,259,0.411,219,Desktop,Organic
2024-09-18,218,757,185,0.411,219,Desktop,Paid
2024-09-18,174,605,148,0.411,219,Desktop,Direct
2024-09-18,130,454,111,0.411,219,Desktop,Social
2024-09-18,43,151,37,0.411,219,Desktop,Email
2024-09-18,425,1640,333,0.584,145,Mobile,Organic
2024-09-18,303,1171,238,0.584,145,Mobile,Paid
2024-09-18,243,937,190,0.584,145,Mobile,Direct
2024-09-18,182,703,142,0.584,145,Mobile,Social
2024-09-18,60,234,47,0.584,145,Mobile,Email
2024-09-18,84,335,63,0.589,150,Tablet,Organic
2024-09-18,60,239,45,0.589,150,Tablet,Paid
2024-09-18,48,191,36,0.589,150,Tablet,Direct
2024-09-18,36,143,27,0.589,150,Tablet,Social
2024-09-18,12,47,9,0.589,150,Tablet,Email
2024-09-19,339,852,246,0.53,220,Desktop,Organic
2024-09-19,242,608,175,0.53,220,Desktop,Paid
2024-09-19,194,487,140,0.53,220,Desktop,Direct
2024-09-19,145,365,105,0.53,220,Desktop,Social
2024-09-19,48,121,35,0.53,220,Desktop,Email
2024-09-19,521,1591,375,0.743,168,Mobile,Organic
2024-09-19,372,1137,268,0.743,168,Mobile,Paid
2024-09-19,298,909,214,0.743,168,Mobile,Direct
2024-09-19,223,682,160,0.743,168,Mobile,Social
2024-09-19,74,227,53,0.743,168,Mobile,Email
2024-09-19,88,332,75,0.523,164,Tablet,Organic
2024-09-19,63,237,54,0.523,164,Tablet,Paid
2024-09-19,50,190,43,0.523,164,Tablet,Direct
2024-09-19,38,142,32,0.523,164,Tablet,Social
2024-09-19,12,47,10,0.523,164,Tablet,Email
2024-09-20,519,1786,364,0.552,253,Desktop,Organic
2024-09-20,370,1275,260,0.552,253,Desktop,Paid
2024-09-20,296,1020,208,0.552,253,Desktop,Direct
2024-09-20,222,765,156,0.552,253,Desktop,Social
2024-09-20,74,255,52,0.552,253,Desktop,Email
2024-09-20,711,2438,625,0.713,103,Mobile,Organic
2024-09-20,508,1741,447,0.713,103,Mobile,Paid
2024-09-20,406,1393,357,0.713,103,Mobile,Direct
2024-09-20,305,1045,268,0.713,103,Mobile,Social
2024-09-20,101,348,89,0.713,103,Mobile,Email
2024-09-20,149,439,112,0.5,137,Tablet,Organic
2024-09-20,106,313,80,0.5,137,Tablet,Paid
2024-09-20,85,251,64,0.5,137,Tablet,Direct
2024-09-20,64,188,48,0.5,137,Tablet,Social
2024-09-20,21,62,16,0.5,137,Tablet,Email
2024-09-21,555,1925,452,0.486,293,Desktop,Organic
2024-09-21,397,1375,323,0.486,293,Desktop,Paid
2024-09-21,317,1100,258,0.486,293,Desktop,Direct
2024-09-21,238,825,194,0.486,293,Desktop,Social
2024-09-21,79,275,64,0.486,293,Desktop,Email
2024-09-21,769,1934,569,0.595,91,Mobile,Organic
2024-09-21,549,1381,406,0.595,91,Mobile,Paid
2024-09-21,439,1105,325,0.595,91,Mobile,Direct
2024-09-21,329,828,243,0.595,91,Mobile,Social
2024-09-21,109,276,81,0.595,91,Mobile,Email
2024-09-21,147,444,123,0.604,206,Tablet,Organic
2024-09-21,105,317,88,0.604,206,Tablet,Paid
2024-09-21,84,254,70,0.604,206,Tablet,Direct
2024-09-21,63,190,52,0.604,206,Tablet,Social
2024-09-21,21,63,17,0.604,206,Tablet,Email
2024-09-22,495,1409,435,0.408,282,Desktop,Organic
2024-09-22,354,1006,311,0.408,282,Desktop,Paid
2024-09-22,283,805,248,0.408,282,Desktop,Direct
2024-09-22,212,603,186,0.408,282,Desktop,Social
2024-09-22,70,201,62,0.408,282,Desktop,Email
2024-09-22,744,2633,548,0.697,136,Mobile,Organic
2024-09-22,531,1880,391,0.697,136,Mobile,Paid
2024-09-22,425,1504,313,0.697,136,Mobile,Direct
2024-09-22,318,1128,235,0.697,136,Mobile,Social
2024-09-22,106,376,78,0.697,136,Mobile,Email
2024-09-22,140,513,122,0.6,122,Tablet,Organic
2024-09-22,100,367,87,0.6,122,Tablet,Paid
2024-09-22,80,293,70,0.6,122,Tablet,Direct
2024-09-22,60,220,52,0.6,122,Tablet,Social
2024-09-22,20,73,17,0.6,122,Tablet,Email
2024-09-23,399,1287,320,0.493,206,Desktop,Organic
2024-09-23,285,919,228,0.493,206,Desktop,Paid
2024-09-23,228,735,183,0.493,206,Desktop,Direct
2024-09-23,171,551,137,0.493,206,Desktop,Social
2024-09-23,57,183,45,0.493,206,Desktop,Email
2024-09-23,553,1451,426,0.577,150,Mobile,Organic
2024-09-23,395,1036,304,0.577,150,Mobile,Paid
2024-09-23,316,829,243,0.577,150,Mobile,Direct
2024-09-23,237,621,182,0.577,150,Mobile,Social
2024-09-23,79,207,60,0.577,150,Mobile,Email
2024-09-23,109,439,96,0.583,236,Tablet,Organic
2024-09-23,78,313,69,0.583,236,Tablet,Paid
2024-09-23,62,251,55,0.583,236,Tablet,Direct
2024-09-23,46,188,41,0.583,236,Tablet,Social
2024-09-23,15,62,13,0.583,236,Tablet,Email
2024-09-24,365,975,270,0.427,292,Desktop,Organic
2024-09-24,261,697,193,0.427,292,Desktop,Paid
2024-09-24,209,557,154,0.427,292,Desktop,Direct
2024-09-24,156,418,115,0.427,292,Desktop,Social
2024-09-24,52,139,38,0.427,292,Desktop,Email
2024-09-24,667,2987,495,0.61,98,Mobile,Organic
2024-09-24,476,2134,354,0.61,98,Mobile,Paid
2024-09-24,381,1707,283,0.61,98,Mobile,Direct
2024-09-24,286,1280,212,0.61,98,Mobile,Social
2024-09-24,95,426,70,0.61,98,Mobile,Email
2024-09-24,124,383,110,0.545,160,Tablet,Organic
2024-09-24,89,274,79,0.545,160,Tablet,Paid
2024-09-24,71,219,63,0.545,160,Tablet,Direct
2024-09-24,53,164,47,0.545,160,Tablet,Social
2024-09-24,17,54,15,0.545,160,Tablet,Email
2024-09-25,383,1475,284,0.498,208,Desktop,Organic
2024-09-25,273,1054,203,0.498,208,Desktop,Paid
2024-09-25,219,843,162,0.498,208,Desktop,Direct
2024-09-25,164,632,121,0.498,208,Desktop,Social
2024-09-25,54,210,40,0.498,208,Desktop,Email
2024-09-25,593,2185,479,0.552,92,Mobile,Organic
2024-09-25,424,1561,342,0.552,92,Mobile,Paid
2024-09-25,339,1249,274,0.552,92,Mobile,Direct
2024-09-25,254,936,205,0.552,92,Mobile,Social
2024-09-25,84,312,68,0.552,92,Mobile,Email
2024-09-25,115,514,88,0.551,184,Tablet,Organic
2024-09-25,82,367,63,0.551,184,Tablet,Paid
2024-09-25,66,294,50,0.551,184,Tablet,Direct
2024-09-25,49,220,37,0.551,184,Tablet,Social
2024-09-25,16,73,12,0.551,184,Tablet,Email
2024-09-26,375,1069,273,0.557,206,Desktop,Organic
2024-09-26,268,764,195,0.557,206,Desktop,Paid
2024-09-26,214,611,156,0.557,206,Desktop,Direct
2024-09-26,160,458,117,0.557,206,Desktop,Social
2024-09-26,53,152,39,0.557,206,Desktop,Email
2024-09-26,664,2474,571,0.616,151,Mobile,Organic
2024-09-26,474,1767,408,0.616,151,Mobile,Paid
2024-09-26,379,1414,326,0.616,151,Mobile,Direct
2024-09-26,284,1060,244,0.616,151,Mobile,Social
2024-09-26,94,353,81,0.616,151,Mobile,Email
2024-09-26,113,328,94,0.608,166,Tablet,Organic
2024-09-26,81,234,67,0.608,166,Tablet,Paid
2024-09-26,65,187,53,0.608,166,Tablet,Direct
2024-09-26,48,140,40,0.608,166,Tablet,Social
2024-09-26,16,46,13,0.608,166,Tablet,Email
2024-09-27,453,1431,352,0.588,198,Desktop,Organic
2024-09-27,324,1022,251,0.588,198,Desktop,Paid
2024-09-27,259,817,201,0.588,198,Desktop,Direct
2024-09-27,194,613,150,0.588,198,Desktop,Social
2024-09-27,64,204,50,0.588,198,Desktop,Email
2024-09-27,771,3282,571,0.606,126,Mobile,Organic
2024-09-27,551,2344,408,0.606,126,Mobile,Paid
2024-09-27,441,1875,326,0.606,126,Mobile,Direct
2024-09-27,330,1406,245,0.606,126,Mobile,Social
2024-09-27,110,468,81,0.606,126,Mobile,Email
2024-09-27,132,401,118,0.568,202,Tablet,Organic
2024-09-27,94,287,84,0.568,202,Tablet,Paid
2024-09-27,75,229,67,0.568,202,Tablet,Direct
2024-09-27,56,172,50,0.568,202,Tablet,Social
2024-09-27,18,57,16,0.568,202,Tablet,Email
2024-09-28,373,989,311,0.589,185,Desktop,Organic
2024-09-28,266,706,222,0.589,185,Desktop,Paid
2024-09-28,213,565,178,0.589,185,Desktop,Direct
2024-09-28,160,424,133,0.589,185,Desktop,Social
2024-09-28,53,141,44,0.589,185,Desktop,Email
2024-09-28,673,2451,578,0.59,143,Mobile,Organic
2024-09-28,481,1751,413,0.59,143,Mobile,Paid
2024-09-28,384,1400,330,0.59,143,Mobile,Direct
2024-09-28,288,1050,247,0.59,143,Mobile,Social
2024-09-28,96,350,82,0.59,143,Mobile,Email
2024-09-28,113,290,87,0.62,143,Tablet,Organic
2024-09-28,80,207,62,0.62,143,Tablet,Paid
2024-09-28,64,166,50,0.62,143,Tablet,Direct
2024-09-28,48,124,37,0.62,143,Tablet,Social
2024-09-28,16,41,12,0.62,143,Tablet,Email
2024-09-29,481,1343,392,0.6,225,Desktop,Organic
2024-09-29,343,959,280,0.6,225,Desktop,Paid
2024-09-29,275,767,224,0.6,225,Desktop,Direct
2024-09-29,206,575,168,0.6,225,Desktop,Social
2024-09-29,68,191,56,0.6,225,Desktop,Email
2024-09-29,795,2283,637,0.69,161,Mobile,Organic
2024-09-29,568,1631,455,0.69,161,Mobile,Paid
2024-09-29,454,1305,364,0.69,161,Mobile,Direct
2024-09-29,340,978,273,0.69,161,Mobile,Social
2024-09-29,113,326,91,0.69,161,Mobile,Email
2024-09-29,138,362,108,0.488,121,Tablet,Organic
2024-09-29,99,258,77,0.488,121,Tablet,Paid
2024-09-29,79,207,62,0.488,121,Tablet,Direct
2024-09-29,59,155,46,0.488,121,Tablet,Social
2024-09-29,19,51,15,0.488,121,Tablet,Email
2024-09-30,358,1438,316,0.463,184,Desktop,Organic
2024-09-30,256,1027,226,0.463,184,Desktop,Paid
2024-09-30,205,822,180,0.463,184,Desktop,Direct
2024-09-30,153,616,135,0.463,184,Desktop,Social
2024-09-30,51,205,45,0.463,184,Desktop,Email
2024-09-30,525,1957,375,0.593,105,Mobile,Organic
2024-09-30,375,1398,268,0.593,105,Mobile,Paid
2024-09-30,300,1118,214,0.593,105,Mobile,Direct
2024-09-30,225,839,160,0.593,105,Mobile,Social
2024-09-30,75,279,53,0.593,105,Mobile,Email
2024-09-30,94,352,78,0.615,201,Tablet,Organic
2024-09-30,67,251,56,0.615,201,Tablet,Paid
2024-09-30,54,201,45,0.615,201,Tablet,Direct
2024-09-30,40,150,33,0.615,201,Tablet,Social
2024-09-30,13,50,11,0.615,201,Tablet,Email
2024-10-01,226,801,175,0.406,188,Desktop,Organic
2024-10-01,161,572,125,0.406,188,Desktop,Paid
2024-10-01,129,457,100,0.406,188,Desktop,Direct
2024-10-01,97,343,75,0.406,188,Desktop,Social
2024-10-01,32,114,25,0.406,188,Desktop,Email
2024-10-01,364,913,262,0.669,105,Mobile,Organic
2024-10-01,260,652,187,0.669,105,Mobile,Paid
2024-10-01,208,522,149,0.669,105,Mobile,Direct
2024-10-01,156,391,112,0.669,105,Mobile,Social
2024-10-01,52,130,37,0.669,105,Mobile,Email
2024-10-01,66,261,46,0.606,169,Tablet,Organic
2024-10-01,47,186,33,0.606,169,Tablet,Paid
2024-10-01,38,149,26,0.606,169,Tablet,Direct
2024-10-01,28,111,20,0.606,169,Tablet,Social
2024-10-01,9,37,6,0.606,169,Tablet,Email
2024-10-02,163,625,123,0.556,212,Desktop,Organic
2024-10-02,116,446,88,0.556,212,Desktop,Paid
2024-10-02,93,357,70,0.556,212,Desktop,Direct
2024-10-02,70,267,52,0.556,212,Desktop,Social
2024-10-02,23,89,17,0.556,212,Desktop,Email
2024-10-02,248,863,212,0.718,105,Mobile,Organic
2024-10-02,177,616,151,0.718,105,Mobile,Paid
2024-10-02,142,493,121,0.718,105,Mobile,Direct
2024-10-02,106,370,91,0.718,105,Mobile,Social
2024-10-02,35,123,30,0.718,105,Mobile,Email
2024-10-02,45,178,36,0.549,170,Tablet,Organic
2024-10-02,32,127,25,0.549,170,Tablet,Paid
2024-10-02,26,102,20,0.549,170,Tablet,Direct
2024-10-02,19,76,15,0.549,170,Tablet,Social
2024-10-02,6,25,5,0.549,170,Tablet,Email
2024-10-03,189,830,159,0.415,290,Desktop,Organic
2024-10-03,135,593,114,0.415,290,Desktop,Paid
2024-10-03,108,474,91,0.415,290,Desktop,Direct
2024-10-03,81,355,68,0.415,290,Desktop,Social
2024-10-03,27,118,22,0.415,290,Desktop,Email
2024-10-03,287,892,230,0.609,111,Mobile,Organic
2024-10-03,205,637,164,0.609,111,Mobile,Paid
2024-10-03,164,509,131,0.609,111,Mobile,Direct
2024-10-03,123,382,98,0.609,111,Mobile,Social
2024-10-03,41,127,32,0.609,111,Mobile,Email
2024-10-03,60,268,49,0.548,235,Tablet,Organic
2024-10-03,43,192,35,0.548,235,Tablet,Paid
2024-10-03,34,153,28,0.548,235,Tablet,Direct
2024-10-03,25,115,21,0.548,235,Tablet,Social
2024-10-03,8,38,7,0.548,235,Tablet,Email
2024-10-04,207,567,150,0.552,183,Desktop,Organic
2024-10-04,148,405,107,0.552,183,Desktop,Paid
2024-10-04,118,324,85,0.552,183,Desktop,Direct
2024-10-04,88,243,64,0.552,183,Desktop,Social
2024-10-04,29,81,21,0.552,183,Desktop,Email
2024-10-04,363,1526,288,0.643,143,Mobile,Organic
2024-10-04,259,1090,206,0.643,143,Mobile,Paid
2024-10-04,207,872,165,0.643,143,Mobile,Direct
2024-10-04,155,654,123,0.643,143,Mobile,Social
2024-10-04,51,218,41,0.643,143,Mobile,Email
2024-10-04,64,251,47,0.475,235,Tablet,Organic
2024-10-04,46,179,34,0.475,235,Tablet,Paid
2024-10-04,37,143,27,0.475,235,Tablet,Direct
2024-10-04,27,107,20,0.475,235,Tablet,Social
2024-10-04,9,35,6,0.475,235,Tablet,Email
2024-10-05,207,522,147,0.537,192,Desktop,Organic
2024-10-05,148,373,105,0.537,192,Desktop,Paid
2024-10-05,118,298,84,0.537,192,Desktop,Direct
2024-10-05,89,223,63,0.537,192,Desktop,Social
2024-10-05,29,74,21,0.537,192,Desktop,Email
2024-10-05,310,1103,244,0.7,117,Mobile,Organic
2024-10-05,221,788,175,0.7,117,Mobile,Paid
2024-10-05,177,630,140,0.7,117,Mobile,Direct
2024-10-05,133,472,105,0.7,117,Mobile,Social
2024-10-05,44,157,35,0.7,117,Mobile,Email
2024-10-05,64,271,51,0.513,185,Tablet,Organic
2024-10-05,45,193,36,0.513,185,Tablet,Paid
2024-10-05,36,155,29,0.513,185,Tablet,Direct
2024-10-05,27,116,21,0.513,185,Tablet,Social
2024-10-05,9,38,7,0.513,185,Tablet,Email
2024-10-06,153,633,108,0.444,282,Desktop,Organic
2024-10-06,109,452,77,0.444,282,Desktop,Paid
2024-10-06,87,362,61,0.444,282,Desktop,Direct
2024-10-06,65,271,46,0.444,282,Desktop,Social
2024-10-06,21,90,15,0.444,282,Desktop,Email
2024-10-06,231,738,201,0.583,125,Mobile,Organic
2024-10-06,165,527,144,0.583,125,Mobile,Paid
2024-10-06,132,422,115,0.583,125,Mobile,Direct
2024-10-06,99,316,86,0.583,125,Mobile,Social
2024-10-06,33,105,28,0.583,125,Mobile,Email
2024-10-06,45,166,31,0.519,131,Tablet,Organic
2024-10-06,32,118,22,0.519,131,Tablet,Paid
2024-10-06,26,95,18,0.519,131,Tablet,Direct
2024-10-06,19,71,13,0.519,131,Tablet,Social
2024-10-06,6,23,4,0.519,131,Tablet,Email
2024-10-07,176,603,146,0.436,218,Desktop,Organic
2024-10-07,126,430,104,0.436,218,Desktop,Paid
2024-10-07,100,344,83,0.436,218,Desktop,Direct
2024-10-07,75,258,62,0.436,218,Desktop,Social
2024-10-07,25,86,20,0.436,218,Desktop,Email
2024-10-07,246,1041,180,0.589,148,Mobile,Organic
2024-10-07,175,744,128,0.589,148,Mobile,Paid
2024-10-07,140,595,103,0.589,148,Mobile,Direct
2024-10-07,105,446,77,0.589,148,Mobile,Social
2024-10-07,35,148,25,0.589,148,Mobile,Email
2024-10-07,43,164,38,0.485,222,Tablet,Organic
2024-10-07,30,117,27,0.485,222,Tablet,Paid
2024-10-07,24,94,21,0.485,222,Tablet,Direct
2024-10-07,18,70,16,0.485,222,Tablet,Social
2024-10-07,6,23,5,0.485,222,Tablet,Email
2024-10-08,191,795,145,0.415,289,Desktop,Organic
2024-10-08,136,568,104,0.415,289,Desktop,Paid
2024-10-08,109,454,83,0.415,289,Desktop,Direct
2024-10-08,81,341,62,0.415,289,Desktop,Social
2024-10-08,27,113,20,0.415,289,Desktop,Email
2024-10-08,268,1001,192,0.691,163,Mobile,Organic
2024-10-08,191,715,137,0.691,163,Mobile,Paid
2024-10-08,153,572,109,0.691,163,Mobile,Direct
2024-10-08,115,429,82,0.691,163,Mobile,Social
2024-10-08,38,143,27,0.691,163,Mobile,Email
2024-10-08,46,158,33,0.548,124,Tablet,Organic
2024-10-08,33,113,24,0.548,124,Tablet,Paid
2024-10-08,26,90,19,0.548,124,Tablet,Direct
2024-10-08,19,67,14,0.548,124,Tablet,Social
2024-10-08,6,22,4,0.548,124,Tablet,Email
2024-10-09,172,629,140,0.487,281,Desktop,Organic
2024-10-09,123,449,100,0.487,281,Desktop,Paid
2024-10-09,98,359,80,0.487,281,Desktop,Direct
2024-10-09,74,269,60,0.487,281,Desktop,Social
2024-10-09,24,89,20,0.487,281,Desktop,Email
2024-10-09,246,951,215,0.596,176,Mobile,Organic
2024-10-09,175,680,154,0.596,176,Mobile,Paid
2024-10-09,140,544,123,0.596,176,Mobile,Direct
2024-10-09,105,408,92,0.596,176,Mobile,Social
2024-10-09,35,136,30,0.596,176,Mobile,Email
2024-10-09,46,125,36,0.487,135,Tablet,Organic
2024-10-09,33,89,25,0.487,135,Tablet,Paid
2024-10-09,26,71,20,0.487,135,Tablet,Direct
2024-10-09,19,53,15,0.487,135,Tablet,Social
2024-10-09,6,17,5,0.487,135,Tablet,Email
2024-10-10,167,610,129,0.424,209,Desktop,Organic
2024-10-10,119,436,92,0.424,209,Desktop,Paid
2024-10-10,95,349,74,0.424,209,Desktop,Direct
2024-10-10,71,261,55,0.424,209,Desktop,Social
2024-10-10,23,87,18,0.424,209,Desktop,Email
2024-10-10,264,854,189,0.696,120,Mobile,Organic
2024-10-10,189,610,135,0.696,120,Mobile,Paid
2024-10-10,151,488,108,0.696,120,Mobile,Direct
2024-10-10,113,366,81,0.696,120,Mobile,Social
2024-10-10,37,122,27,0.696,120,Mobile,Email
2024-10-10,42,159,29,0.529,144,Tablet,Organic
2024-10-10,30,114,21,0.529,144,Tablet,Paid
2024-10-10,24,91,16,0.529,144,Tablet,Direct
2024-10-10,18,68,12,0.529,144,Tablet,Social
2024-10-10,6,22,4,0.529,144,Tablet,Email
2024-10-11,291,1209,212,0.595,237,Desktop,Organic
2024-10-11,208,864,151,0.595,237,Desktop,Paid
2024-10-11,166,691,121,0.595,237,Desktop,Direct
2024-10-11,124,518,91,0.595,237,Desktop,Social
2024-10-11,41,172,30,0.595,237,Desktop,Email
2024-10-11,394,1649,302,0.676,127,Mobile,Organic
2024-10-11,281,1178,216,0.676,127,Mobile,Paid
2024-10-11,225,942,172,0.676,127,Mobile,Direct
2024-10-11,168,706,129,0.676,127,Mobile,Social
2024-10-11,56,235,43,0.676,127,Mobile,Email
2024-10-11,75,223,53,0.609,147,Tablet,Organic
2024-10-11,53,159,38,0.609,147,Tablet,Paid
2024-10-11,43,127,30,0.609,147,Tablet,Direct
2024-10-11,32,95,22,0.609,147,Tablet,Social
2024-10-11,10,31,7,0.609,147,Tablet,Email
2024-10-12,274,839,204,0.42,218,Desktop,Organic
2024-10-12,196,599,146,0.42,218,Desktop,Paid
2024-10-12,157,479,116,0.42,218,Desktop,Direct
2024-10-12,117,359,87,0.42,218,Desktop,Social
2024-10-12,39,119,29,0.42,218,Desktop,Email
2024-10-12,444,1735,313,0.661,99,Mobile,Organic
2024-10-12,317,1239,224,0.661,99,Mobile,Paid
2024-10-12,254,991,179,0.661,99,Mobile,Direct
2024-10-12,190,743,134,0.661,99,Mobile,Social
2024-10-12,63,247,44,0.661,99,Mobile,Email
2024-10-12,74,243,57,0.469,157,Tablet,Organic
2024-10-12,53,174,41,0.469,157,Tablet,Paid
2024-10-12,42,139,33,0.469,157,Tablet,Direct
2024-10-12,32,104,24,0.469,157,Tablet,Social
2024-10-12,10,34,8,0.469,157,Tablet,Email
2024-10-13,216,698,193,0.556,207,Desktop,Organic
2024-10-13,154,499,138,0.556,207,Desktop,Paid
2024-10-13,123,399,110,0.556,207,Desktop,Direct
2024-10-13,92,299,82,0.556,207,Desktop,Social
2024-10-13,30,99,27,0.556,207,Desktop,Email
2024-10-13,339,1278,304,0.723,122,Mobile,Organic
2024-10-13,242,913,217,0.723,122,Mobile,Paid
2024-10-13,194,730,174,0.723,122,Mobile,Direct
2024-10-13,145,547,130,0.723,122,Mobile,Social
2024-10-13,48,182,43,0.723,122,Mobile,Email
2024-10-13,67,266,59,0.528,209,Tablet,Organic
2024-10-13,48,190,42,0.528,209,Tablet,Paid
2024-10-13,38,152,34,0.528,209,Tablet,Direct
2024-10-13,28,114,25,0.528,209,Tablet,Social
2024-10-13,9,38,8,0.528,209,Tablet,Email
2024-10-14,147,591,129,0.404,205,Desktop,Organic
2024-10-14,105,422,92,0.404,205,Desktop,Paid
2024-10-14,84,338,74,0.404,205,Desktop,Direct
2024-10-14,63,253,55,0.404,205,Desktop,Social
2024-10-14,21,84,18,0.404,205,Desktop,Email
2024-10-14,207,675,159,0.67,139,Mobile,Organic
2024-10-14,148,482,114,0.67,139,Mobile,Paid
2024-10-14,118,386,91,0.67,139,Mobile,Direct
2024-10-14,89,289,68,0.67,139,Mobile,Social
2024-10-14,29,96,22,0.67,139,Mobile,Email
2024-10-14,42,141,29,0.569,222,Tablet,Organic
2024-10-14,30,101,21,0.569,222,Tablet,Paid
2024-10-14,24,80,17,0.569,222,Tablet,Direct
2024-10-14,18,60,12,0.569,222,Tablet,Social
2024-10-14,6,20,4,0.569,222,Tablet,Email
2024-10-15,158,435,142,0.516,199,Desktop,Organic
2024-10-15,113,310,101,0.516,199,Desktop,Paid
2024-10-15,90,248,81,0.516,199,Desktop,Direct
2024-10-15,68,186,61,0.516,199,Desktop,Social
2024-10-15,22,62,20,0.516,199,Desktop,Email
2024-10-15,242,830,200,0.71,115,Mobile,Organic
2024-10-15,173,593,143,0.71,115,Mobile,Paid
2024-10-15,138,474,114,0.71,115,Mobile,Direct
2024-10-15,103,355,85,0.71,115,Mobile,Social
2024-10-15,34,118,28,0.71,115,Mobile,Email
2024-10-15,38,124,27,0.479,196,Tablet,Organic
2024-10-15,27,89,19,0.479,196,Tablet,Paid
2024-10-15,21,71,15,0.479,196,Tablet,Direct
2024-10-15,16,53,11,0.479,196,Tablet,Social
2024-10-15,5,17,3,0.479,196,Tablet,Email
2024-10-16,214,852,179,0.469,244,Desktop,Organic
2024-10-16,153,608,128,0.469,244,Desktop,Paid
2024-10-16,122,487,102,0.469,244,Desktop,Direct
2024-10-16,92,365,76,0.469,244,Desktop,Social
2024-10-16,30,121,25,0.469,244,Desktop,Email
2024-10-16,322,1215,278,0.678,160,Mobile,Organic
2024-10-16,230,868,199,0.678,160,Mobile,Paid
2024-10-16,184,694,159,0.678,160,Mobile,Direct
2024-10-16,138,521,119,0.678,160,Mobile,Social
2024-10-16,46,173,39,0.678,160,Mobile,Email
2024-10-16,52,144,36,0.619,233,Tablet,Organic
2024-10-16,37,103,26,0.619,233,Tablet,Paid
2024-10-16,29,82,20,0.619,233,Tablet,Direct
2024-10-16,22,62,15,0.619,233,Tablet,Social
2024-10-16,7,20,5,0.619,233,Tablet,Email
2024-10-17,144,427,123,0.468,214,Desktop,Organic
2024-10-17,103,305,88,0.468,214,Desktop,Paid
2024-10-17,82,244,70,0.468,214,Desktop,Direct
2024-10-17,61,183,52,0.468,214,Desktop,Social
2024-10-17,20,61,17,0.468,214,Desktop,Email
2024-10-17,244,757,183,0.707,155,Mobile,Organic
2024-10-17,175,540,131,0.707,155,Mobile,Paid
2024-10-17,140,432,105,0.707,155,Mobile,Direct
2024-10-17,105,324,78,0.707,155,Mobile,Social
2024-10-17,35,108,26,0.707,155,Mobile,Email
2024-10-17,47,188,33,0.631,232,Tablet,Organic
2024-10-17,33,134,24,0.631,232,Tablet,Paid
2024-10-17,27,107,19,0.631,232,Tablet,Direct
2024-10-17,20,80,14,0.631,232,Tablet,Social
2024-10-17,6,26,4,0.631,232,Tablet,Email
2024-10-18,208,644,169,0.471,294,Desktop,Organic
2024-10-18,148,460,121,0.471,294,Desktop,Paid
2024-10-18,119,368,97,0.471,294,Desktop,Direct
2024-10-18,89,276,72,0.471,294,Desktop,Social
2024-10-18,29,92,24,0.471,294,Desktop,Email
2024-10-18,391,1017,323,0.73,178,Mobile,Organic
2024-10-18,279,726,230,0.73,178,Mobile,Paid
2024-10-18,223,581,184,0.73,178,Mobile,Direct
2024-10-18,167,435,138,0.73,178,Mobile,Social
2024-10-18,55,145,46,0.73,178,Mobile,Email
2024-10-18,67,217,53,0.645,170,Tablet,Organic
2024-10-18,48,155,38,0.645,170,Tablet,Paid
2024-10-18,38,124,30,0.645,170,Tablet,Direct
2024-10-18,29,93,23,0.645,170,Tablet,Social
2024-10-18,9,31,7,0.645,170,Tablet,Email
2024-10-19,207,577,155,0.483,191,Desktop,Organic
2024-10-19,148,412,111,0.483,191,Desktop,Paid
2024-10-19,118,330,89,0.483,191,Desktop,Direct
2024-10-19,89,247,66,0.483,191,Desktop,Social
2024-10-19,29,82,22,0.483,191,Desktop,Email
2024-10-19,360,1341,292,0.738,113,Mobile,Organic
2024-10-19,257,958,209,0.738,113,Mobile,Paid
2024-10-19,206,766,167,0.738,113,Mobile,Direct
2024-10-19,154,574,125,0.738,113,Mobile,Social
2024-10-19,51,191,41,0.738,113,Mobile,Email
2024-10-19,54,193,40,0.536,155,Tablet,Organic
2024-10-19,39,138,29,0.536,155,Tablet,Paid
2024-10-19,31,110,23,0.536,155,Tablet,Direct
2024-10-19,23,82,17,0.536,155,Tablet,Social
2024-10-19,7,27,5,0.536,155,Tablet,Email
2024-10-20,200,677,144,0.412,231,Desktop,Organic
2024-10-20,143,484,103,0.412,231,Desktop,Paid
2024-10-20,114,387,82,0.412,231,Desktop,Direct
2024-10-20,85,290,61,0.412,231,Desktop,Social
2024-10-20,28,96,20,0.412,231,Desktop,Email
2024-10-20,299,965,229,0.732,108,Mobile,Organic
2024-10-20,213,689,163,0.732,108,Mobile,Paid
2024-10-20,171,551,131,0.732,108,Mobile,Direct
2024-10-20,128,413,98,0.732,108,Mobile,Social
2024-10-20,42,137,32,0.732,108,Mobile,Email
2024-10-20,59,171,50,0.54,142,Tablet,Organic
2024-10-20,42,122,36,0.54,142,Tablet,Paid
2024-10-20,34,98,29,0.54,142,Tablet,Direct
2024-10-20,25,73,21,0.54,142,Tablet,Social
2024-10-20,8,24,7,0.54,142,Tablet,Email
2024-10-21,124,386,88,0.474,261,Desktop,Organic
2024-10-21,89,275,63,0.474,261,Desktop,Paid
2024-10-21,71,220,50,0.474,261,Desktop,Direct
2024-10-21,53,165,38,0.474,261,Desktop,Social
2024-10-21,17,55,12,0.474,261,Desktop,Email
2024-10-21,177,530,158,0.673,121,Mobile,Organic
2024-10-21,126,378,113,0.673,121,Mobile,Paid
2024-10-21,101,303,90,0.673,121,Mobile,Direct
2024-10-21,75,227,67,0.673,121,Mobile,Social
2024-10-21,25,75,22,0.673,121,Mobile,Email
2024-10-21,35,127,28,0.539,193,Tablet,Organic
2024-10-21,25,91,20,0.539,193,Tablet,Paid
2024-10-21,20,72,16,0.539,193,Tablet,Direct
2024-10-21,15,54,12,0.539,193,Tablet,Social
2024-10-21,5,18,4,0.539,193,Tablet,Email
2024-10-22,175,653,154,0.405,290,Desktop,Organic
2024-10-22,125,467,110,0.405,290,Desktop,Paid
2024-10-22,100,373,88,0.405,290,Desktop,Direct
2024-10-22,75,280,66,0.405,290,Desktop,Social
2024-10-22,25,93,22,0.405,290,Desktop,Email
2024-10-22,276,1215,202,0.667,148,Mobile,Organic
2024-10-22,197,868,144,0.667,148,Mobile,Paid
2024-10-22,157,694,115,0.667,148,Mobile,Direct
2024-10-22,118,521,86,0.667,148,Mobile,Social
2024-10-22,39,173,28,0.667,148,Mobile,Email
2024-10-22,52,175,37,0.612,213,Tablet,Organic
2024-10-22,37,125,26,0.612,213,Tablet,Paid
2024-10-22,29,100,21,0.612,213,Tablet,Direct
2024-10-22,22,75,16,0.612,213,Tablet,Social
2024-10-22,7,25,5,0.612,213,Tablet,Email
2024-10-23,165,550,147,0.496,211,Desktop,Organic
2024-10-23,118,393,105,0.496,211,Desktop,Paid
2024-10-23,94,314,84,0.496,211,Desktop,Direct
2024-10-23,71,235,63,0.496,211,Desktop,Social
2024-10-23,23,78,21,0.496,211,Desktop,Email
2024-10-23,276,886,202,0.73,139,Mobile,Organic
2024-10-23,197,633,144,0.73,139,Mobile,Paid
2024-10-23,157,506,115,0.73,139,Mobile,Direct
2024-10-23,118,379,86,0.73,139,Mobile,Social
2024-10-23,39,126,28,0.73,139,Mobile,Email
2024-10-23,53,140,44,0.58,239,Tablet,Organic
2024-10-23,38,100,31,0.58,239,Tablet,Paid
2024-10-23,30,80,25,0.58,239,Tablet,Direct
2024-10-23,22,60,19,0.58,239,Tablet,Social
2024-10-23,7,20,6,0.58,239,Tablet,Email
2024-10-24,187,830,152,0.431,236,Desktop,Organic
2024-10-24,134,593,109,0.431,236,Desktop,Paid
2024-10-24,107,474,87,0.431,236,Desktop,Direct
2024-10-24,80,356,65,0.431,236,Desktop,Social
2024-10-24,26,118,21,0.431,236,Desktop,Email
2024-10-24,242,889,212,0.653,100,Mobile,Organic
2024-10-24,173,635,152,0.653,100,Mobile,Paid
2024-10-24,138,508,121,0.653,100,Mobile,Direct
2024-10-24,104,381,91,0.653,100,Mobile,Social
2024-10-24,34,127,30,0.653,100,Mobile,Email
2024-10-24,45,143,34,0.617,150,Tablet,Organic
2024-10-24,32,102,24,0.617,150,Tablet,Paid
2024-10-24,25,82,19,0.617,150,Tablet,Direct
2024-10-24,19,61,14,0.617,150,Tablet,Social
2024-10-24,6,20,4,0.617,150,Tablet,Email
2024-10-25,234,743,164,0.437,291,Desktop,Organic
2024-10-25,167,531,117,0.437,291,Desktop,Paid
2024-10-25,134,425,94,0.437,291,Desktop,Direct
2024-10-25,100,318,70,0.437,291,Desktop,Social
2024-10-25,33,106,23,0.437,291,Desktop,Email
2024-10-25,410,1472,320,0.717,100,Mobile,Organic
2024-10-25,293,1051,229,0.717,100,Mobile,Paid
2024-10-25,234,841,183,0.717,100,Mobile,Direct
2024-10-25,176,630,137,0.717,100,Mobile,Social
2024-10-25,58,210,45,0.717,100,Mobile,Email
2024-10-25,73,200,63,0.608,183,Tablet,Organic
2024-10-25,52,143,45,0.608,183,Tablet,Paid
2024-10-25,41,114,36,0.608,183,Tablet,Direct
2024-10-25,31,85,27,0.608,183,Tablet,Social
2024-10-25,10,28,9,0.608,183,Tablet,Email
2024-10-26,217,893,185,0.576,282,Desktop,Organic
2024-10-26,155,638,132,0.576,282,Desktop,Paid
2024-10-26,124,510,105,0.576,282,Desktop,Direct
2024-10-26,93,382,79,0.576,282,Desktop,Social
2024-10-26,31,127,26,0.576,282,Desktop,Email
2024-10-26,308,780,242,0.594,91,Mobile,Organic
2024-10-26,220,557,173,0.594,91,Mobile,Paid
2024-10-26,176,445,138,0.594,91,Mobile,Direct
2024-10-26,132,334,103,0.594,91,Mobile,Social
2024-10-26,44,111,34,0.594,91,Mobile,Email
2024-10-26,59,176,42,0.562,183,Tablet,Organic
2024-10-26,42,126,30,0.562,183,Tablet,Paid
2024-10-26,34,100,24,0.562,183,Tablet,Direct
2024-10-26,25,75,18,0.562,183,Tablet,Social
2024-10-26,8,25,6,0.562,183,Tablet,Email
2024-10-27,203,695,158,0.428,262,Desktop,Organic
2024-10-27,145,497,113,0.428,262,Desktop,Paid
2024-10-27,116,397,90,0.428,262,Desktop,Direct
2024-10-27,87,298,67,0.428,262,Desktop,Social
2024-10-27,29,99,22,0.428,262,Desktop,Email
2024-10-27,283,1199,205,0.553,91,Mobile,Organic
2024-10-27,202,856,146,0.553,91,Mobile,Paid
2024-10-27,162,685,117,0.553,91,Mobile,Direct
2024-10-27,121,513,87,0.553,91,Mobile,Social
2024-10-27,40,171,29,0.553,91,Mobile,Email
2024-10-27,56,151,44,0.57,237,Tablet,Organic
2024-10-27,40,108,31,0.57,237,Tablet,Paid
2024-10-27,32,86,25,0.57,237,Tablet,Direct
2024-10-27,24,64,18,0.57,237,Tablet,Social
2024-10-27,8,21,6,0.57,237,Tablet,Email
2024-10-28,171,748,129,0.57,250,Desktop,Organic
2024-10-28,122,534,92,0.57,250,Desktop,Paid
2024-10-28,97,427,73,0.57,250,Desktop,Direct
2024-10-28,73,320,55,0.57,250,Desktop,Social
2024-10-28,24,106,18,0.57,250,Desktop,Email
2024-10-28,306,838,233,0.652,161,Mobile,Organic
2024-10-28,219,599,167,0.652,161,Mobile,Paid
2024-10-28,175,479,133,0.652,161,Mobile,Direct
2024-10-28,131,359,100,0.652,161,Mobile,Social
2024-10-28,43,119,33,0.652,161,Mobile,Email
2024-10-28,50,181,38,0.473,203,Tablet,Organic
2024-10-28,36,129,27,0.473,203,Tablet,Paid
2024-10-28,28,103,21,0.473,203,Tablet,Direct
2024-10-28,21,77,16,0.473,203,Tablet,Social
2024-10-28,7,25,5,0.473,203,Tablet,Email
2024-10-29,185,648,152,0.52,235,Desktop,Organic
2024-10-29,132,463,109,0.52,235,Desktop,Paid
2024-10-29,106,370,87,0.52,235,Desktop,Direct
2024-10-29,79,277,65,0.52,235,Desktop,Social
2024-10-29,26,92,21,0.52,235,Desktop,Email
2024-10-29,279,908,236,0.595,154,Mobile,Organic
2024-10-29,199,649,169,0.595,154,Mobile,Paid
2024-10-29,159,519,135,0.595,154,Mobile,Direct
2024-10-29,119,389,101,0.595,154,Mobile,Social
2024-10-29,39,129,33,0.595,154,Mobile,Email
2024-10-29,51,226,45,0.548,125,Tablet,Organic
2024-10-29,36,161,32,0.548,125,Tablet,Paid
2024-10-29,29,129,25,0.548,125,Tablet,Direct
2024-10-29,21,96,19,0.548,125,Tablet,Social
2024-10-29,7,32,6,0.548,125,Tablet,Email
2024-10-30,168,644,118,0.482,271,Desktop,Organic
2024-10-30,120,460,84,0.482,271,Desktop,Paid
2024-10-30,96,368,67,0.482,271,Desktop,Direct
2024-10-30,72,276,50,0.482,271,Desktop,Social
2024-10-30,24,92,16,0.482,271,Desktop,Email
2024-10-30,299,1331,264,0.603,151,Mobile,Organic
2024-10-30,213,951,189,0.603,151,Mobile,Paid
2024-10-30,171,761,151,0.603,151,Mobile,Direct
2024-10-30,128,570,113,0.603,151,Mobile,Social
2024-10-30,42,190,37,0.603,151,Mobile,Email
2024-10-30,50,128,39,0.554,222,Tablet,Organic
2024-10-30,36,91,28,0.554,222,Tablet,Paid
2024-10-30,28,73,22,0.554,222,Tablet,Direct
2024-10-30,21,54,16,0.554,222,Tablet,Social
2024-10-30,7,18,5,0.554,222,Tablet,Email
2024-10-31,152,498,127,0.417,255,Desktop,Organic
2024-10-31,109,356,91,0.417,255,Desktop,Paid
2024-10-31,87,285,73,0.417,255,Desktop,Direct
2024-10-31,65,213,54,0.417,255,Desktop,Social
2024-10-31,21,71,18,0.417,255,Desktop,Email
2024-10-31,235,1029,203,0.675,142,Mobile,Organic
2024-10-31,168,735,145,0.675,142,Mobile,Paid
2024-10-31,134,588,116,0.675,142,Mobile,Direct
2024-10-31,101,441,87,0.675,142,Mobile,Social
2024-10-31,33,147,29,0.675,142,Mobile,Email
2024-10-31,43,108,35,0.487,148,Tablet,Organic
2024-10-31,30,77,25,0.487,148,Tablet,Paid
2024-10-31,24,61,20,0.487,148,Tablet,Direct
2024-10-31,18,46,15,0.487,148,Tablet,Social
2024-10-31,6,15,5,0.487,148,Tablet,Email
2024-11-01,379,1110,284,0.409,206,Desktop,Organic
2024-11-01,270,793,203,0.409,206,Desktop,Paid
2024-11-01,216,634,162,0.409,206,Desktop,Direct
2024-11-01,162,475,121,0.409,206,Desktop,Social
2024-11-01,54,158,40,0.409,206,Desktop,Email
2024-11-01,521,2340,384,0.565,121,Mobile,Organic
2024-11-01,372,1671,274,0.565,121,Mobile,Paid
2024-11-01,297,1337,219,0.565,121,Mobile,Direct
2024-11-01,223,1002,164,0.565,121,Mobile,Social
2024-11-01,74,334,54,0.565,121,Mobile,Email
2024-11-01,107,421,92,0.6,137,Tablet,Organic
2024-11-01,76,300,65,0.6,137,Tablet,Paid
2024-11-01,61,240,52,0.6,137,Tablet,Direct
2024-11-01,45,180,39,0.6,137,Tablet,Social
2024-11-01,15,60,13,0.6,137,Tablet,Email
2024-11-02,292,999,258,0.434,233,Desktop,Organic
2024-11-02,208,714,184,0.434,233,Desktop,Paid
2024-11-02,167,571,147,0.434,233,Desktop,Direct
2024-11-02,125,428,110,0.434,233,Desktop,Social
2024-11-02,41,142,36,0.434,233,Desktop,Email
2024-11-02,397,1421,348,0.7,155,Mobile,Organic
2024-11-02,283,1015,248,0.7,155,Mobile,Paid
2024-11-02,227,812,199,0.7,155,Mobile,Direct
2024-11-02,170,609,149,0.7,155,Mobile,Social
2024-11-02,56,203,49,0.7,155,Mobile,Email
2024-11-02,72,222,64,0.636,215,Tablet,Organic
2024-11-02,52,159,46,0.636,215,Tablet,Paid
2024-11-02,41,127,37,0.636,215,Tablet,Direct
2024-11-02,31,95,27,0.636,215,Tablet,Social
2024-11-02,10,31,9,0.636,215,Tablet,Email
2024-11-03,338,1514,240,0.42,227,Desktop,Organic
2024-11-03,241,1081,172,0.42,227,Desktop,Paid
2024-11-03,193,865,137,0.42,227,Desktop,Direct
2024-11-03,144,649,103,0.42,227,Desktop,Social
2024-11-03,48,216,34,0.42,227,Desktop,Email
2024-11-03,494,1823,386,0.596,147,Mobile,Organic
2024-11-03,353,1302,276,0.596,147,Mobile,Paid
2024-11-03,282,1042,220,0.596,147,Mobile,Direct
2024-11-03,212,781,165,0.596,147,Mobile,Social
2024-11-03,70,260,55,0.596,147,Mobile,Email
2024-11-03,80,288,66,0.628,152,Tablet,Organic
2024-11-03,57,206,47,0.628,152,Tablet,Paid
2024-11-03,46,165,38,0.628,152,Tablet,Direct
2024-11-03,34,123,28,0.628,152,Tablet,Social
2024-11-03,11,41,9,0.628,152,Tablet,Email
2024-11-04,215,826,171,0.547,286,Desktop,Organic
2024-11-04,154,590,122,0.547,286,Desktop,Paid
2024-11-04,123,472,97,0.547,286,Desktop,Direct
2024-11-04,92,354,73,0.547,286,Desktop,Social
2024-11-04,30,118,24,0.547,286,Desktop,Email
2024-11-04,346,1491,242,0.656,94,Mobile,Organic
2024-11-04,247,1065,173,0.656,94,Mobile,Paid
2024-11-04,198,852,138,0.656,94,Mobile,Direct
2024-11-04,148,639,104,0.656,94,Mobile,Social
2024-11-04,49,213,34,0.656,94,Mobile,Email
2024-11-04,66,291,58,0.552,194,Tablet,Organic
2024-11-04,47,208,41,0.552,194,Tablet,Paid
2024-11-04,38,166,33,0.552,194,Tablet,Direct
2024-11-04,28,124,25,0.552,194,Tablet,Social
2024-11-04,9,41,8,0.552,194,Tablet,Email
2024-11-05,294,1292,253,0.437,243,Desktop,Organic
2024-11-05,210,923,180,0.437,243,Desktop,Paid
2024-11-05,168,738,144,0.437,243,Desktop,Direct
2024-11-05,126,553,108,0.437,243,Desktop,Social
2024-11-05,42,184,36,0.437,243,Desktop,Email
2024-11-05,451,1187,334,0.688,93,Mobile,Organic
2024-11-05,322,848,238,0.688,93,Mobile,Paid
2024-11-05,258,678,191,0.688,93,Mobile,Direct
2024-11-05,193,509,143,0.688,93,Mobile,Social
2024-11-05,64,169,47,0.688,93,Mobile,Email
2024-11-05,95,343,70,0.612,220,Tablet,Organic
2024-11-05,68,245,50,0.612,220,Tablet,Paid
2024-11-05,54,196,40,0.612,220,Tablet,Direct
2024-11-05,40,147,30,0.612,220,Tablet,Social
2024-11-05,13,49,10,0.612,220,Tablet,Email
2024-11-06,243,859,179,0.582,271,Desktop,Organic
2024-11-06,173,613,128,0.582,271,Desktop,Paid
2024-11-06,139,491,102,0.582,271,Desktop,Direct
2024-11-06,104,368,76,0.582,271,Desktop,Social
2024-11-06,34,122,25,0.582,271,Desktop,Email
2024-11-06,374,1087,318,0.551,120,Mobile,Organic
2024-11-06,267,777,227,0.551,120,Mobile,Paid
2024-11-06,214,621,181,0.551,120,Mobile,Direct
2024-11-06,160,466,136,0.551,120,Mobile,Social
2024-11-06,53,155,45,0.551,120,Mobile,Email
2024-11-06,68,172,60,0.555,208,Tablet,Organic
2024-11-06,49,123,43,0.555,208,Tablet,Paid
2024-11-06,39,98,34,0.555,208,Tablet,Direct
2024-11-06,29,73,25,0.555,208,Tablet,Social
2024-11-06,9,24,8,0.555,208,Tablet,Email
2024-11-07,196,602,153,0.516,267,Desktop,Organic
2024-11-07,140,430,109,0.516,267,Desktop,Paid
2024-11-07,112,344,87,0.516,267,Desktop,Direct
2024-11-07,84,258,65,0.516,267,Desktop,Social
2024-11-07,28,86,21,0.516,267,Desktop,Email
2024-11-07,316,1226,246,0.712,108,Mobile,Organic
2024-11-07,225,876,176,0.712,108,Mobile,Paid
2024-11-07,180,700,141,0.712,108,Mobile,Direct
2024-11-07,135,525,105,0.712,108,Mobile,Social
2024-11-07,45,175,35,0.712,108,Mobile,Email
2024-11-07,57,228,47,0.628,139,Tablet,Organic
2024-11-07,41,163,34,0.628,139,Tablet,Paid
2024-11-07,33,130,27,0.628,139,Tablet,Direct
2024-11-07,24,97,20,0.628,139,Tablet,Social
2024-11-07,8,32,6,0.628,139,Tablet,Email
2024-11-08,372,1345,287,0.58,259,Desktop,Organic
2024-11-08,265,961,205,0.58,259,Desktop,Paid
2024-11-08,212,768,164,0.58,259,Desktop,Direct
2024-11-08,159,576,123,0.58,259,Desktop,Social
2024-11-08,53,192,41,0.58,259,Desktop,Email
2024-11-08,541,2100,437,0.557,105,Mobile,Organic
2024-11-08,387,1500,312,0.557,105,Mobile,Paid
2024-11-08,309,1200,249,0.557,105,Mobile,Direct
2024-11-08,232,900,187,0.557,105,Mobile,Social
2024-11-08,77,300,62,0.557,105,Mobile,Email
2024-11-08,98,342,77,0.58,149,Tablet,Organic
2024-11-08,70,244,55,0.58,149,Tablet,Paid
2024-11-08,56,195,44,0.58,149,Tablet,Direct
2024-11-08,42,146,33,0.58,149,Tablet,Social
2024-11-08,14,48,11,0.58,149,Tablet,Email
2024-11-09,377,1337,294,0.431,239,Desktop,Organic
2024-11-09,269,955,210,0.431,239,Desktop,Paid
2024-11-09,215,764,168,0.431,239,Desktop,Direct
2024-11-09,161,573,126,0.431,239,Desktop,Social
2024-11-09,53,191,42,0.431,239,Desktop,Email
2024-11-09,608,1537,445,0.733,151,Mobile,Organic
2024-11-09,434,1098,318,0.733,151,Mobile,Paid
2024-11-09,347,878,254,0.733,151,Mobile,Direct
2024-11-09,260,659,190,0.733,151,Mobile,Social
2024-11-09,86,219,63,0.733,151,Mobile,Email
2024-11-09,108,287,83,0.456,190,Tablet,Organic
2024-11-09,77,205,59,0.456,190,Tablet,Paid
2024-11-09,62,164,47,0.456,190,Tablet,Direct
2024-11-09,46,123,35,0.456,190,Tablet,Social
2024-11-09,15,41,11,0.456,190,Tablet,Email
2024-11-10,318,1122,238,0.522,206,Desktop,Organic
2024-11-10,227,802,170,0.522,206,Desktop,Paid
2024-11-10,182,641,136,0.522,206,Desktop,Direct
2024-11-10,136,481,102,0.522,206,Desktop,Social
2024-11-10,45,160,34,0.522,206,Desktop,Email
2024-11-10,552,1744,456,0.595,158,Mobile,Organic
2024-11-10,394,1245,326,0.595,158,Mobile,Paid
2024-11-10,315,996,260,0.595,158,Mobile,Direct
2024-11-10,236,747,195,0.595,158,Mobile,Social
2024-11-10,78,249,65,0.595,158,Mobile,Email
2024-11-10,88,320,64,0.642,142,Tablet,Organic
2024-11-10,63,229,46,0.642,142,Tablet,Paid
2024-11-10,50,183,37,0.642,142,Tablet,Direct
2024-11-10,38,137,27,0.642,142,Tablet,Social
2024-11-10,12,45,9,0.642,142,Tablet,Email
2024-11-11,281,942,216,0.519,209,Desktop,Organic
2024-11-11,201,673,154,0.519,209,Desktop,Paid
2024-11-11,160,538,123,0.519,209,Desktop,Direct
2024-11-11,120,404,92,0.519,209,Desktop,Social
2024-11-11,40,134,30,0.519,209,Desktop,Email
2024-11-11,507,1867,429,0.599,176,Mobile,Organic
2024-11-11,362,1334,306,0.599,176,Mobile,Paid
2024-11-11,290,1067,245,0.599,176,Mobile,Direct
2024-11-11,217,800,183,0.599,176,Mobile,Social
2024-11-11,72,266,61,0.599,176,Mobile,Email
2024-11-11,81,275,67,0.613,169,Tablet,Organic
2024-11-11,58,196,48,0.613,169,Tablet,Paid
2024-11-11,46,157,38,0.613,169,Tablet,Direct
2024-11-11,34,117,28,0.613,169,Tablet,Social
2024-11-11,11,39,9,0.613,169,Tablet,Email
2024-11-12,248,1061,214,0.556,199,Desktop,Organic
2024-11-12,177,758,153,0.556,199,Desktop,Paid
2024-11-12,141,606,122,0.556,199,Desktop,Direct
2024-11-12,106,454,92,0.556,199,Desktop,Social
2024-11-12,35,151,30,0.556,199,Desktop,Email
2024-11-12,434,1795,337,0.661,95,Mobile,Organic
2024-11-12,310,1282,241,0.661,95,Mobile,Paid
2024-11-12,248,1026,193,0.661,95,Mobile,Direct
2024-11-12,186,769,144,0.661,95,Mobile,Social
2024-11-12,62,256,48,0.661,95,Mobile,Email
2024-11-12,72,237,51,0.467,204,Tablet,Organic
2024-11-12,52,170,36,0.467,204,Tablet,Paid
2024-11-12,41,136,29,0.467,204,Tablet,Direct
2024-11-12,31,102,22,0.467,204,Tablet,Social
2024-11-12,10,34,7,0.467,204,Tablet,Email
2024-11-13,215,538,163,0.421,298,Desktop,Organic
2024-11-13,153,384,116,0.421,298,Desktop,Paid
2024-11-13,123,307,93,0.421,298,Desktop,Direct
2024-11-13,92,230,69,0.421,298,Desktop,Social
2024-11-13,30,76,23,0.421,298,Desktop,Email
2024-11-13,337,867,273,0.701,101,Mobile,Organic
2024-11-13,240,619,195,0.701,101,Mobile,Paid
2024-11-13,192,495,156,0.701,101,Mobile,Direct
2024-11-13,144,371,117,0.701,101,Mobile,Social
2024-11-13,48,123,39,0.701,101,Mobile,Email
2024-11-13,57,178,43,0.487,217,Tablet,Organic
2024-11-13,41,127,31,0.487,217,Tablet,Paid
2024-11-13,32,102,25,0.487,217,Tablet,Direct
2024-11-13,24,76,18,0.487,217,Tablet,Social
2024-11-13,8,25,6,0.487,217,Tablet,Email
2024-11-14,311,821,275,0.561,195,Desktop,Organic
2024-11-14,222,586,196,0.561,195,Desktop,Paid
2024-11-14,177,469,157,0.561,195,Desktop,Direct
2024-11-14,133,352,118,0.561,195,Desktop,Social
2024-11-14,44,117,39,0.561,195,Desktop,Email
2024-11-14,491,2182,346,0.633,158,Mobile,Organic
2024-11-14,351,1558,247,0.633,158,Mobile,Paid
2024-11-14,281,1247,198,0.633,158,Mobile,Direct
2024-11-14,210,935,148,0.633,158,Mobile,Social
2024-11-14,70,311,49,0.633,158,Mobile,Email
2024-11-14,92,349,70,0.463,148,Tablet,Organic
2024-11-14,65,249,50,0.463,148,Tablet,Paid
2024-11-14,52,199,40,0.463,148,Tablet,Direct
2024-11-14,39,149,30,0.463,148,Tablet,Social
2024-11-14,13,49,10,0.463,148,Tablet,Email
2024-11-15,360,1159,285,0.415,229,Desktop,Organic
2024-11-15,257,828,204,0.415,229,Desktop,Paid
2024-11-15,205,662,163,0.415,229,Desktop,Direct
2024-11-15,154,496,122,0.415,229,Desktop,Social
2024-11-15,51,165,40,0.415,229,Desktop,Email
2024-11-15,628,2381,560,0.633,173,Mobile,Organic
2024-11-15,449,1701,400,0.633,173,Mobile,Paid
2024-11-15,359,1360,320,0.633,173,Mobile,Direct
2024-11-15,269,1020,240,0.633,173,Mobile,Social
2024-11-15,89,340,80,0.633,173,Mobile,Email
2024-11-15,107,320,90,0.617,169,Tablet,Organic
2024-11-15,76,228,64,0.617,169,Tablet,Paid
2024-11-15,61,183,51,0.617,169,Tablet,Direct
2024-11-15,45,137,38,0.617,169,Tablet,Social
2024-11-15,15,45,12,0.617,169,Tablet,Email
2024-11-16,327,962,260,0.496,239,Desktop,Organic
2024-11-16,233,687,186,0.496,239,Desktop,Paid
2024-11-16,187,550,148,0.496,239,Desktop,Direct
2024-11-16,140,412,111,0.496,239,Desktop,Social
2024-11-16,46,137,37,0.496,239,Desktop,Email
2024-11-16,541,1962,453,0.605,120,Mobile,Organic
2024-11-16,386,1402,323,0.605,120,Mobile,Paid
2024-11-16,309,1121,259,0.605,120,Mobile,Direct
2024-11-16,232,841,194,0.605,120,Mobile,Social
2024-11-16,77,280,64,0.605,120,Mobile,Email
2024-11-16,92,245,82,0.636,181,Tablet,Organic
2024-11-16,66,175,59,0.636,181,Tablet,Paid
2024-11-16,53,140,47,0.636,181,Tablet,Direct
2024-11-16,39,105,35,0.636,181,Tablet,Social
2024-11-16,13,35,11,0.636,181,Tablet,Email
2024-11-17,348,1482,306,0.438,254,Desktop,Organic
2024-11-17,249,1058,219,0.438,254,Desktop,Paid
2024-11-17,199,847,175,0.438,254,Desktop,Direct
2024-11-17,149,635,131,0.438,254,Desktop,Social
2024-11-17,49,211,43,0.438,254,Desktop,Email
2024-11-17,625,1609,453,0.603,90,Mobile,Organic
2024-11-17,446,1149,324,0.603,90,Mobile,Paid
2024-11-17,357,919,259,0.603,90,Mobile,Direct
2024-11-17,267,689,194,0.603,90,Mobile,Social
2024-11-17,89,229,64,0.603,90,Mobile,Email
2024-11-17,100,421,80,0.462,134,Tablet,Organic
2024-11-17,71,300,57,0.462,134,Tablet,Paid
2024-11-17,57,240,45,0.462,134,Tablet,Direct
2024-11-17,43,180,34,0.462,134,Tablet,Social
2024-11-17,14,60,11,0.462,134,Tablet,Email
2024-11-18,270,1103,220,0.509,188,Desktop,Organic
2024-11-18,193,788,157,0.509,188,Desktop,Paid
2024-11-18,154,630,126,0.509,188,Desktop,Direct
2024-11-18,115,472,94,0.509,188,Desktop,Social
2024-11-18,38,157,31,0.509,188,Desktop,Email
2024-11-18,406,1104,284,0.597,154,Mobile,Organic
2024-11-18,290,789,203,0.597,154,Mobile,Paid
2024-11-18,232,631,162,0.597,154,Mobile,Direct
2024-11-18,174,473,122,0.597,154,Mobile,Social
2024-11-18,58,157,40,0.597,154,Mobile,Email
2024-11-18,71,200,53,0.495,215,Tablet,Organic
2024-11-18,50,143,38,0.495,215,Tablet,Paid
2024-11-18,40,114,30,0.495,215,Tablet,Direct
2024-11-18,30,85,22,0.495,215,Tablet,Social
2024-11-18,10,28,7,0.495,215,Tablet,Email
2024-11-19,297,869,222,0.525,232,Desktop,Organic
2024-11-19,212,621,159,0.525,232,Desktop,Paid
2024-11-19,169,497,127,0.525,232,Desktop,Direct
2024-11-19,127,372,95,0.525,232,Desktop,Social
2024-11-19,42,124,31,0.525,232,Desktop,Email
2024-11-19,555,1999,389,0.696,118,Mobile,Organic
2024-11-19,397,1428,278,0.696,118,Mobile,Paid
2024-11-19,317,1142,222,0.696,118,Mobile,Direct
2024-11-19,238,856,167,0.696,118,Mobile,Social
2024-11-19,79,285,55,0.696,118,Mobile,Email
2024-11-19,100,254,78,0.621,193,Tablet,Organic
2024-11-19,71,181,56,0.621,193,Tablet,Paid
2024-11-19,57,145,44,0.621,193,Tablet,Direct
2024-11-19,43,108,33,0.621,193,Tablet,Social
2024-11-19,14,36,11,0.621,193,Tablet,Email
2024-11-20,286,999,241,0.5,254,Desktop,Organic
2024-11-20,204,714,172,0.5,254,Desktop,Paid
2024-11-20,163,571,138,0.5,254,Desktop,Direct
2024-11-20,122,428,103,0.5,254,Desktop,Social
2024-11-20,40,142,34,0.5,254,Desktop,Email
2024-11-20,470,1251,341,0.611,104,Mobile,Organic
2024-11-20,336,893,243,0.611,104,Mobile,Paid
2024-11-20,268,715,195,0.611,104,Mobile,Direct
2024-11-20,201,536,146,0.611,104,Mobile,Social
2024-11-20,67,178,48,0.611,104,Mobile,Email
2024-11-20,90,291,68,0.522,125,Tablet,Organic
2024-11-20,64,208,48,0.522,125,Tablet,Paid
2024-11-20,51,166,39,0.522,125,Tablet,Direct
2024-11-20,38,125,29,0.522,125,Tablet,Social
2024-11-20,12,41,9,0.522,125,Tablet,Email
2024-11-21,282,913,224,0.504,205,Desktop,Organic
2024-11-21,202,652,160,0.504,205,Desktop,Paid
2024-11-21,161,521,128,0.504,205,Desktop,Direct
2024-11-21,121,391,96,0.504,205,Desktop,Social
2024-11-21,40,130,32,0.504,205,Desktop,Email
2024-11-21,417,1104,293,0.731,134,Mobile,Organic
2024-11-21,298,788,209,0.731,134,Mobile,Paid
2024-11-21,238,631,167,0.731,134,Mobile,Direct
2024-11-21,179,473,125,0.731,134,Mobile,Social
2024-11-21,59,157,41,0.731,134,Mobile,Email
2024-11-21,85,214,65,0.462,226,Tablet,Organic
2024-11-21,61,153,47,0.462,226,Tablet,Paid
2024-11-21,49,122,37,0.462,226,Tablet,Direct
2024-11-21,36,92,28,0.462,226,Tablet,Social
2024-11-21,12,30,9,0.462,226,Tablet,Email
2024-11-22,396,1486,352,0.457,186,Desktop,Organic
2024-11-22,283,1061,252,0.457,186,Desktop,Paid
2024-11-22,226,849,201,0.457,186,Desktop,Direct
2024-11-22,169,636,151,0.457,186,Desktop,Social
2024-11-22,56,212,50,0.457,186,Desktop,Email
2024-11-22,607,2466,516,0.736,164,Mobile,Organic
2024-11-22,434,1762,368,0.736,164,Mobile,Paid
2024-11-22,347,1409,295,0.736,164,Mobile,Direct
2024-11-22,260,1057,221,0.736,164,Mobile,Social
2024-11-22,86,352,73,0.736,164,Mobile,Email
2024-11-22,110,491,92,0.463,161,Tablet,Organic
2024-11-22,79,351,65,0.463,161,Tablet,Paid
2024-11-22,63,281,52,0.463,161,Tablet,Direct
2024-11-22,47,210,39,0.463,161,Tablet,Social
2024-11-22,15,70,13,0.463,161,Tablet,Email
2024-11-23,381,1567,279,0.458,224,Desktop,Organic
2024-11-23,272,1119,199,0.458,224,Desktop,Paid
2024-11-23,218,895,159,0.458,224,Desktop,Direct
2024-11-23,163,671,119,0.458,224,Desktop,Social
2024-11-23,54,223,39,0.458,224,Desktop,Email
2024-11-23,623,2433,447,0.567,109,Mobile,Organic
2024-11-23,445,1738,319,0.567,109,Mobile,Paid
2024-11-23,356,1390,255,0.567,109,Mobile,Direct
2024-11-23,267,1043,191,0.567,109,Mobile,Social
2024-11-23,89,347,63,0.567,109,Mobile,Email
2024-11-23,116,500,100,0.623,237,Tablet,Organic
2024-11-23,83,357,71,0.623,237,Tablet,Paid
2024-11-23,66,285,57,0.623,237,Tablet,Direct
2024-11-23,49,214,43,0.623,237,Tablet,Social
2024-11-23,16,71,14,0.623,237,Tablet,Email
2024-11-24,327,992,281,0.477,202,Desktop,Organic
2024-11-24,234,708,200,0.477,202,Desktop,Paid
2024-11-24,187,567,160,0.477,202,Desktop,Direct
2024-11-24,140,425,120,0.477,202,Desktop,Social
2024-11-24,46,141,40,0.477,202,Desktop,Email
2024-11-24,513,1470,361,0.589,168,Mobile,Organic
2024-11-24,367,1050,258,0.589,168,Mobile,Paid
2024-11-24,293,840,206,0.589,168,Mobile,Direct
2024-11-24,220,630,154,0.589,168,Mobile,Social
2024-11-24,73,210,51,0.589,168,Mobile,Email
2024-11-24,89,368,67,0.591,234,Tablet,Organic
2024-11-24,63,263,48,0.591,234,Tablet,Paid
2024-11-24,51,210,38,0.591,234,Tablet,Direct
2024-11-24,38,157,29,0.591,234,Tablet,Social
2024-11-24,12,52,9,0.591,234,Tablet,Email
2024-11-25,240,938,208,0.545,262,Desktop,Organic
2024-11-25,171,670,149,0.545,262,Desktop,Paid
2024-11-25,137,536,119,0.545,262,Desktop,Direct
2024-11-25,102,402,89,0.545,262,Desktop,Social
2024-11-25,34,134,29,0.545,262,Desktop,Email
2024-11-25,415,1669,333,0.557,99,Mobile,Organic
2024-11-25,297,1192,238,0.557,99,Mobile,Paid
2024-11-25,237,954,190,0.557,99,Mobile,Direct
2024-11-25,178,715,143,0.557,99,Mobile,Social
2024-11-25,59,238,47,0.557,99,Mobile,Email
2024-11-25,77,222,69,0.638,183,Tablet,Organic
2024-11-25,55,159,49,0.638,183,Tablet,Paid
2024-11-25,44,127,39,0.638,183,Tablet,Direct
2024-11-25,33,95,29,0.638,183,Tablet,Social
2024-11-25,11,31,9,0.638,183,Tablet,Email
2024-11-26,226,741,199,0.576,283,Desktop,Organic
2024-11-26,161,529,142,0.576,283,Desktop,Paid
2024-11-26,129,423,113,0.576,283,Desktop,Direct
2024-11-26,96,317,85,0.576,283,Desktop,Social
2024-11-26,32,105,28,0.576,283,Desktop,Email
2024-11-26,343,1451,250,0.698,144,Mobile,Organic
2024-11-26,245,1036,179,0.698,144,Mobile,Paid
2024-11-26,196,829,143,0.698,144,Mobile,Direct
2024-11-26,147,622,107,0.698,144,Mobile,Social
2024-11-26,49,207,35,0.698,144,Mobile,Email
2024-11-26,65,242,54,0.509,233,Tablet,Organic
2024-11-26,46,173,39,0.509,233,Tablet,Paid
2024-11-26,37,138,31,0.509,233,Tablet,Direct
2024-11-26,28,103,23,0.509,233,Tablet,Social
2024-11-26,9,34,7,0.509,233,Tablet,Email
2024-11-27,212,647,184,0.465,279,Desktop,Organic
2024-11-27,151,462,132,0.465,279,Desktop,Paid
2024-11-27,121,370,105,0.465,279,Desktop,Direct
2024-11-27,91,277,79,0.465,279,Desktop,Social
2024-11-27,30,92,26,0.465,279,Desktop,Email
2024-11-27,322,1190,284,0.645,120,Mobile,Organic
2024-11-27,230,850,203,0.645,120,Mobile,Paid
2024-11-27,184,680,162,0.645,120,Mobile,Direct
2024-11-27,138,510,122,0.645,120,Mobile,Social
2024-11-27,46,170,40,0.645,120,Mobile,Email
2024-11-27,56,235,47,0.547,232,Tablet,Organic
2024-11-27,40,168,34,0.547,232,Tablet,Paid
2024-11-27,32,134,27,0.547,232,Tablet,Direct
2024-11-27,24,100,20,0.547,232,Tablet,Social
2024-11-27,8,33,6,0.547,232,Tablet,Email
2024-11-28,261,836,228,0.595,233,Desktop,Organic
2024-11-28,187,597,163,0.595,233,Desktop,Paid
2024-11-28,149,478,130,0.595,233,Desktop,Direct
2024-11-28,112,358,97,0.595,233,Desktop,Social
2024-11-28,37,119,32,0.595,233,Desktop,Email
2024-11-28,345,1335,249,0.708,115,Mobile,Organic
2024-11-28,247,953,178,0.708,115,Mobile,Paid
2024-11-28,197,763,142,0.708,115,Mobile,Direct
2024-11-28,148,572,106,0.708,115,Mobile,Social
2024-11-28,49,190,35,0.708,115,Mobile,Email
2024-11-28,65,225,51,0.526,178,Tablet,Organic
2024-11-28,46,161,37,0.526,178,Tablet,Paid
2024-11-28,37,129,29,0.526,178,Tablet,Direct
2024-11-28,27,96,22,0.526,178,Tablet,Social
2024-11-28,9,32,7,0.526,178,Tablet,Email
2024-11-29,352,1024,255,0.59,212,Desktop,Organic
2024-11-29,252,731,182,0.59,212,Desktop,Paid
2024-11-29,201,585,146,0.59,212,Desktop,Direct
2024-11-29,151,438,109,0.59,212,Desktop,Social
2024-11-29,50,146,36,0.59,212,Desktop,Email
2024-11-29,544,1883,431,0.668,132,Mobile,Organic
2024-11-29,389,1345,308,0.668,132,Mobile,Paid
2024-11-29,311,1076,246,0.668,132,Mobile,Direct
2024-11-29,233,807,185,0.668,132,Mobile,Social
2024-11-29,77,269,61,0.668,132,Mobile,Email
2024-11-29,93,317,83,0.612,123,Tablet,Organic
2024-11-29,66,227,59,0.612,123,Tablet,Paid
2024-11-29,53,181,47,0.612,123,Tablet,Direct
2024-11-29,40,136,35,0.612,123,Tablet,Social
2024-11-29,13,45,11,0.612,123,Tablet,Email
2024-11-30,346,1507,280,0.525,262,Desktop,Organic
2024-11-30,247,1076,200,0.525,262,Desktop,Paid
2024-11-30,198,861,160,0.525,262,Desktop,Direct
2024-11-30,148,645,120,0.525,262,Desktop,Social
2024-11-30,49,215,40,0.525,262,Desktop,Email
2024-11-30,569,1655,503,0.656,123,Mobile,Organic
2024-11-30,406,1182,360,0.656,123,Mobile,Paid
2024-11-30,325,945,288,0.656,123,Mobile,Direct
2024-11-30,244,709,216,0.656,123,Mobile,Social
2024-11-30,81,236,72,0.656,123,Mobile,Email
2024-11-30,97,321,73,0.474,201,Tablet,Organic
2024-11-30,69,229,52,0.474,201,Tablet,Paid
2024-11-30,55,183,42,0.474,201,Tablet,Direct
2024-11-30,41,137,31,0.474,201,Tablet,Social
2024-11-30,13,45,10,0.474,201,Tablet,Email
2024-12-01,579,1941,464,0.598,226,Desktop,Organic
2024-12-01,413,1387,331,0.598,226,Desktop,Paid
2024-12-01,331,1109,265,0.598,226,Desktop,Direct
2024-12-01,248,832,198,0.598,226,Desktop,Social
2024-12-01,82,277,66,0.598,226,Desktop,Email
2024-12-01,969,3429,771,0.635,140,Mobile,Organic
2024-12-01,692,2449,550,0.635,140,Mobile,Paid
2024-12-01,553,1959,440,0.635,140,Mobile,Direct
2024-12-01,415,1469,330,0.635,140,Mobile,Social
2024-12-01,138,489,110,0.635,140,Mobile,Email
2024-12-01,150,661,108,0.589,158,Tablet,Organic
2024-12-01,107,472,77,0.589,158,Tablet,Paid
2024-12-01,85,378,62,0.589,158,Tablet,Direct
2024-12-01,64,283,46,0.589,158,Tablet,Social
2024-12-01,21,94,15,0.589,158,Tablet,Email
2024-12-02,477,1776,400,0.558,211,Desktop,Organic
2024-12-02,341,1269,285,0.558,211,Desktop,Paid
2024-12-02,273,1015,228,0.558,211,Desktop,Direct
2024-12-02,204,761,171,0.558,211,Desktop,Social
2024-12-02,68,253,57,0.558,211,Desktop,Email
2024-12-02,700,2392,553,0.622,114,Mobile,Organic
2024-12-02,500,1708,395,0.622,114,Mobile,Paid
2024-12-02,400,1367,316,0.622,114,Mobile,Direct
2024-12-02,300,1025,237,0.622,114,Mobile,Social
2024-12-02,100,341,79,0.622,114,Mobile,Email
2024-12-02,139,481,108,0.462,160,Tablet,Organic
2024-12-02,99,344,77,0.462,160,Tablet,Paid
2024-12-02,79,275,62,0.462,160,Tablet,Direct
2024-12-02,59,206,46,0.462,160,Tablet,Social
2024-12-02,19,68,15,0.462,160,Tablet,Email
2024-12-03,530,1620,376,0.464,190,Desktop,Organic
2024-12-03,379,1157,269,0.464,190,Desktop,Paid
2024-12-03,303,926,215,0.464,190,Desktop,Direct
2024-12-03,227,694,161,0.464,190,Desktop,Social
2024-12-03,75,231,53,0.464,190,Desktop,Email
2024-12-03,844,3143,748,0.626,90,Mobile,Organic
2024-12-03,603,2245,534,0.626,90,Mobile,Paid
2024-12-03,482,1796,427,0.626,90,Mobile,Direct
2024-12-03,361,1347,320,0.626,90,Mobile,Social
2024-12-03,120,449,106,0.626,90,Mobile,Email
2024-12-03,148,420,120,0.626,147,Tablet,Organic
2024-12-03,106,300,86,0.626,147,Tablet,Paid
2024-12-03,84,240,68,0.626,147,Tablet,Direct
2024-12-03,63,180,51,0.626,147,Tablet,Social
2024-12-03,21,60,17,0.626,147,Tablet,Email
2024-12-04,584,1595,514,0.512,257,Desktop,Organic
2024-12-04,417,1139,367,0.512,257,Desktop,Paid
2024-12-04,334,911,294,0.512,257,Desktop,Direct
2024-12-04,250,683,220,0.512,257,Desktop,Social
2024-12-04,83,227,73,0.512,257,Desktop,Email
2024-12-04,905,3133,633,0.694,122,Mobile,Organic
2024-12-04,646,2238,452,0.694,122,Mobile,Paid
2024-12-04,517,1790,362,0.694,122,Mobile,Direct
2024-12-04,388,1342,271,0.694,122,Mobile,Social
2024-12-04,129,447,90,0.694,122,Mobile,Email
2024-12-04,150,549,125,0.493,216,Tablet,Organic
2024-12-04,107,392,89,0.493,216,Tablet,Paid
2024-12-04,86,314,71,0.493,216,Tablet,Direct
2024-12-04,64,235,53,0.493,216,Tablet,Social
2024-12-04,21,78,17,0.493,216,Tablet,Email
2024-12-05,597,2625,517,0.586,299,Desktop,Organic
2024-12-05,426,1875,369,0.586,299,Desktop,Paid
2024-12-05,341,1500,295,0.586,299,Desktop,Direct
2024-12-05,255,1125,221,0.586,299,Desktop,Social
2024-12-05,85,375,73,0.586,299,Desktop,Email
2024-12-05,954,3860,815,0.712,163,Mobile,Organic
2024-12-05,682,2757,582,0.712,163,Mobile,Paid
2024-12-05,545,2205,466,0.712,163,Mobile,Direct
2024-12-05,409,1654,349,0.712,163,Mobile,Social
2024-12-05,136,551,116,0.712,163,Mobile,Email
2024-12-05,159,714,136,0.463,168,Tablet,Organic
2024-12-05,114,510,97,0.463,168,Tablet,Paid
2024-12-05,91,408,78,0.463,168,Tablet,Direct
2024-12-05,68,306,58,0.463,168,Tablet,Social
2024-12-05,22,102,19,0.463,168,Tablet,Email
2024-12-06,718,3019,561,0.481,207,Desktop,Organic
2024-12-06,513,2156,401,0.481,207,Desktop,Paid
2024-12-06,410,1725,321,0.481,207,Desktop,Direct
2024-12-06,307,1293,240,0.481,207,Desktop,Social
2024-12-06,102,431,80,0.481,207,Desktop,Email
2024-12-06,1019,3694,756,0.657,111,Mobile,Organic
2024-12-06,728,2638,540,0.657,111,Mobile,Paid
2024-12-06,582,2111,432,0.657,111,Mobile,Direct
2024-12-06,436,1583,324,0.657,111,Mobile,Social
2024-12-06,145,527,108,0.657,111,Mobile,Email
2024-12-06,213,593,183,0.476,202,Tablet,Organic
2024-12-06,152,423,130,0.476,202,Tablet,Paid
2024-12-06,121,339,104,0.476,202,Tablet,Direct
2024-12-06,91,254,78,0.476,202,Tablet,Social
2024-12-06,30,84,26,0.476,202,Tablet,Email
2024-12-07,592,1780,461,0.562,213,Desktop,Organic
2024-12-07,423,1272,329,0.562,213,Desktop,Paid
2024-12-07,338,1017,263,0.562,213,Desktop,Direct
2024-12-07,253,763,197,0.562,213,Desktop,Social
2024-12-07,84,254,65,0.562,213,Desktop,Email
2024-12-07,1025,2625,781,0.629,114,Mobile,Organic
2024-12-07,732,1875,558,0.629,114,Mobile,Paid
2024-12-07,586,1500,446,0.629,114,Mobile,Direct
2024-12-07,439,1125,335,0.629,114,Mobile,Social
2024-12-07,146,375,111,0.629,114,Mobile,Email
2024-12-07,203,610,152,0.563,160,Tablet,Organic
2024-12-07,145,436,109,0.563,160,Tablet,Paid
2024-12-07,116,348,87,0.563,160,Tablet,Direct
2024-12-07,87,261,65,0.563,160,Tablet,Social
2024-12-07,29,87,21,0.563,160,Tablet,Email
2024-12-08,487,1384,429,0.53,281,Desktop,Organic
2024-12-08,348,989,306,0.53,281,Desktop,Paid
2024-12-08,278,791,245,0.53,281,Desktop,Direct
2024-12-08,208,593,184,0.53,281,Desktop,Social
2024-12-08,69,197,61,0.53,281,Desktop,Email
2024-12-08,802,3394,660,0.729,172,Mobile,Organic
2024-12-08,573,2424,472,0.729,172,Mobile,Paid
2024-12-08,458,1939,377,0.729,172,Mobile,Direct
2024-12-08,344,1454,283,0.729,172,Mobile,Social
2024-12-08,114,484,94,0.729,172,Mobile,Email
2024-12-08,130,329,92,0.585,139,Tablet,Organic
2024-12-08,93,235,65,0.585,139,Tablet,Paid
2024-12-08,74,188,52,0.585,139,Tablet,Direct
2024-12-08,56,141,39,0.585,139,Tablet,Social
2024-12-08,18,47,13,0.585,139,Tablet,Email
2024-12-09,382,975,315,0.48,231,Desktop,Organic
2024-12-09,273,696,225,0.48,231,Desktop,Paid
2024-12-09,218,557,180,0.48,231,Desktop,Direct
2024-12-09,163,417,135,0.48,231,Desktop,Social
2024-12-09,54,139,45,0.48,231,Desktop,Email
2024-12-09,604,1559,535,0.67,168,Mobile,Organic
2024-12-09,432,1114,382,0.67,168,Mobile,Paid
2024-12-09,345,891,306,0.67,168,Mobile,Direct
2024-12-09,259,668,229,0.67,168,Mobile,Social
2024-12-09,86,222,76,0.67,168,Mobile,Email
2024-12-09,104,425,79,0.611,121,Tablet,Organic
2024-12-09,74,304,57,0.611,121,Tablet,Paid
2024-12-09,59,243,45,0.611,121,Tablet,Direct
2024-12-09,44,182,34,0.611,121,Tablet,Social
2024-12-09,14,60,11,0.611,121,Tablet,Email
2024-12-10,587,2217,449,0.538,263,Desktop,Organic
2024-12-10,419,1584,321,0.538,263,Desktop,Paid
2024-12-10,335,1267,257,0.538,263,Desktop,Direct
2024-12-10,251,950,192,0.538,263,Desktop,Social
2024-12-10,83,316,64,0.538,263,Desktop,Email
2024-12-10,790,2644,619,0.719,148,Mobile,Organic
2024-12-10,564,1888,442,0.719,148,Mobile,Paid
2024-12-10,451,1511,353,0.719,148,Mobile,Direct
2024-12-10,338,1133,265,0.719,148,Mobile,Social
2024-12-10,112,377,88,0.719,148,Mobile,Email
2024-12-10,144,491,127,0.641,188,Tablet,Organic
2024-12-10,103,350,91,0.641,188,Tablet,Paid
2024-12-10,82,280,72,0.641,188,Tablet,Direct
2024-12-10,61,210,54,0.641,188,Tablet,Social
2024-12-10,20,70,18,0.641,188,Tablet,Email
2024-12-11,579,2411,456,0.568,217,Desktop,Organic
2024-12-11,414,1722,326,0.568,217,Desktop,Paid
2024-12-11,331,1377,260,0.568,217,Desktop,Direct
2024-12-11,248,1033,195,0.568,217,Desktop,Social
2024-12-11,82,344,65,0.568,217,Desktop,Email
2024-12-11,897,2411,676,0.709,130,Mobile,Organic
2024-12-11,641,1722,483,0.709,130,Mobile,Paid
2024-12-11,512,1378,386,0.709,130,Mobile,Direct
2024-12-11,384,1033,289,0.709,130,Mobile,Social
2024-12-11,128,344,96,0.709,130,Mobile,Email
2024-12-11,191,510,166,0.593,233,Tablet,Organic
2024-12-11,136,364,119,0.593,233,Tablet,Paid
2024-12-11,109,291,95,0.593,233,Tablet,Direct
2024-12-11,82,218,71,0.593,233,Tablet,Social
2024-12-11,27,72,23,0.593,233,Tablet,Email
2024-12-12,680,2750,483,0.483,187,Desktop,Organic
2024-12-12,486,1964,345,0.483,187,Desktop,Paid
2024-12-12,388,1571,276,0.483,187,Desktop,Direct
2024-12-12,291,1178,207,0.483,187,Desktop,Social
2024-12-12,97,392,69,0.483,187,Desktop,Email
2024-12-12,930,3322,663,0.68,169,Mobile,Organic
2024-12-12,665,2373,473,0.68,169,Mobile,Paid
2024-12-12,532,1898,379,0.68,169,Mobile,Direct
2024-12-12,399,1424,284,0.68,169,Mobile,Social
2024-12-12,133,474,94,0.68,169,Mobile,Email
2024-12-12,178,534,131,0.532,219,Tablet,Organic
2024-12-12,127,382,94,0.532,219,Tablet,Paid
2024-12-12,102,305,75,0.532,219,Tablet,Direct
2024-12-12,76,229,56,0.532,219,Tablet,Social
2024-12-12,25,76,18,0.532,219,Tablet,Email
2024-12-13,612,2391,539,0.456,269,Desktop,Organic
2024-12-13,437,1708,385,0.456,269,Desktop,Paid
2024-12-13,350,1366,308,0.456,269,Desktop,Direct
2024-12-13,262,1024,231,0.456,269,Desktop,Social
2024-12-13,87,341,77,0.456,269,Desktop,Email
2024-12-13,904,3453,644,0.702,138,Mobile,Organic
2024-12-13,646,2466,460,0.702,138,Mobile,Paid
2024-12-13,516,1973,368,0.702,138,Mobile,Direct
2024-12-13,387,1479,276,0.702,138,Mobile,Social
2024-12-13,129,493,92,0.702,138,Mobile,Email
2024-12-13,185,617,155,0.537,156,Tablet,Organic
2024-12-13,132,441,110,0.537,156,Tablet,Paid
2024-12-13,106,352,88,0.537,156,Tablet,Direct
2024-12-13,79,264,66,0.537,156,Tablet,Social
2024-12-13,26,88,22,0.537,156,Tablet,Email
2024-12-14,691,2769,569,0.541,241,Desktop,Organic
2024-12-14,493,1978,406,0.541,241,Desktop,Paid
2024-12-14,395,1582,325,0.541,241,Desktop,Direct
2024-12-14,296,1187,243,0.541,241,Desktop,Social
2024-12-14,98,395,81,0.541,241,Desktop,Email
2024-12-14,1017,4361,850,0.715,178,Mobile,Organic
2024-12-14,727,3115,607,0.715,178,Mobile,Paid
2024-12-14,581,2492,486,0.715,178,Mobile,Direct
2024-12-14,436,1869,364,0.715,178,Mobile,Social
2024-12-14,145,623,121,0.715,178,Mobile,Email
2024-12-14,175,724,131,0.486,195,Tablet,Organic
2024-12-14,125,517,94,0.486,195,Tablet,Paid
2024-12-14,100,413,75,0.486,195,Tablet,Direct
2024-12-14,75,310,56,0.486,195,Tablet,Social
2024-12-14,25,103,18,0.486,195,Tablet,Email
2024-12-15,769,2744,671,0.561,257,Desktop,Organic
2024-12-15,549,1960,479,0.561,257,Desktop,Paid
2024-12-15,439,1568,383,0.561,257,Desktop,Direct
2024-12-15,329,1176,287,0.561,257,Desktop,Social
2024-12-15,109,392,95,0.561,257,Desktop,Email
2024-12-15,1134,5079,812,0.702,160,Mobile,Organic
2024-12-15,810,3628,580,0.702,160,Mobile,Paid
2024-12-15,648,2902,464,0.702,160,Mobile,Direct
2024-12-15,486,2176,348,0.702,160,Mobile,Social
2024-12-15,162,725,116,0.702,160,Mobile,Email
2024-12-15,226,695,190,0.609,221,Tablet,Organic
2024-12-15,162,496,136,0.609,221,Tablet,Paid
2024-12-15,129,397,109,0.609,221,Tablet,Direct
2024-12-15,97,298,81,0.609,221,Tablet,Social
2024-12-15,32,99,27,0.609,221,Tablet,Email
2024-12-16,537,1841,405,0.418,284,Desktop,Organic
2024-12-16,384,1315,289,0.418,284,Desktop,Paid
2024-12-16,307,1052,231,0.418,284,Desktop,Direct
2024-12-16,230,789,173,0.418,284,Desktop,Social
2024-12-16,76,263,57,0.418,284,Desktop,Email
2024-12-16,771,2505,675,0.727,102,Mobile,Organic
2024-12-16,551,1789,482,0.727,102,Mobile,Paid
2024-12-16,440,1431,385,0.727,102,Mobile,Direct
2024-12-16,330,1073,289,0.727,102,Mobile,Social
2024-12-16,110,357,96,0.727,102,Mobile,Email
2024-12-16,138,556,115,0.513,152,Tablet,Organic
2024-12-16,99,397,82,0.513,152,Tablet,Paid
2024-12-16,79,318,66,0.513,152,Tablet,Direct
2024-12-16,59,238,49,0.513,152,Tablet,Social
2024-12-16,19,79,16,0.513,152,Tablet,Email
2024-12-17,410,1532,341,0.529,193,Desktop,Organic
2024-12-17,293,1094,244,0.529,193,Desktop,Paid
2024-12-17,234,875,195,0.529,193,Desktop,Direct
2024-12-17,175,656,146,0.529,193,Desktop,Social
2024-12-17,58,218,48,0.529,193,Desktop,Email
2024-12-17,725,2948,558,0.668,109,Mobile,Organic
2024-12-17,518,2106,398,0.668,109,Mobile,Paid
2024-12-17,414,1685,319,0.668,109,Mobile,Direct
2024-12-17,310,1263,239,0.668,109,Mobile,Social
2024-12-17,103,421,79,0.668,109,Mobile,Email
2024-12-17,127,400,108,0.496,157,Tablet,Organic
2024-12-17,90,286,77,0.496,157,Tablet,Paid
2024-12-17,72,229,62,0.496,157,Tablet,Direct
2024-12-17,54,171,46,0.496,157,Tablet,Social
2024-12-17,18,57,15,0.496,157,Tablet,Email
2024-12-18,472,1745,354,0.578,271,Desktop,Organic
2024-12-18,337,1246,253,0.578,271,Desktop,Paid
2024-12-18,270,997,202,0.578,271,Desktop,Direct
2024-12-18,202,748,151,0.578,271,Desktop,Social
2024-12-18,67,249,50,0.578,271,Desktop,Email
2024-12-18,686,2658,514,0.553,142,Mobile,Organic
2024-12-18,490,1899,367,0.553,142,Mobile,Paid
2024-12-18,392,1519,294,0.553,142,Mobile,Direct
2024-12-18,294,1139,220,0.553,142,Mobile,Social
2024-12-18,98,379,73,0.553,142,Mobile,Email
2024-12-18,115,497,97,0.471,162,Tablet,Organic
2024-12-18,82,355,69,0.471,162,Tablet,Paid
2024-12-18,65,284,55,0.471,162,Tablet,Direct
2024-12-18,49,213,41,0.471,162,Tablet,Social
2024-12-18,16,71,13,0.471,162,Tablet,Email
2024-12-19,667,1992,584,0.468,202,Desktop,Organic
2024-12-19,476,1423,417,0.468,202,Desktop,Paid
2024-12-19,381,1138,334,0.468,202,Desktop,Direct
2024-12-19,286,854,250,0.468,202,Desktop,Social
2024-12-19,95,284,83,0.468,202,Desktop,Email
2024-12-19,938,2416,799,0.677,158,Mobile,Organic
2024-12-19,670,1726,570,0.677,158,Mobile,Paid
2024-12-19,536,1381,456,0.677,158,Mobile,Direct
2024-12-19,402,1035,342,0.677,158,Mobile,Social
2024-12-19,134,345,114,0.677,158,Mobile,Email
2024-12-19,177,509,146,0.626,137,Tablet,Organic
2024-12-19,126,364,104,0.626,137,Tablet,Paid
2024-12-19,101,291,83,0.626,137,Tablet,Direct
2024-12-19,76,218,62,0.626,137,Tablet,Social
2024-12-19,25,72,20,0.626,137,Tablet,Email
2024-12-20,817,2643,628,0.586,299,Desktop,Organic
2024-12-20,583,1888,449,0.586,299,Desktop,Paid
2024-12-20,467,1510,359,0.586,299,Desktop,Direct
2024-12-20,350,1133,269,0.586,299,Desktop,Social
2024-12-20,116,377,89,0.586,299,Desktop,Email
2024-12-20,1296,5543,985,0.65,124,Mobile,Organic
2024-12-20,926,3959,704,0.65,124,Mobile,Paid
2024-12-20,740,3167,563,0.65,124,Mobile,Direct
2024-12-20,555,2375,422,0.65,124,Mobile,Social
2024-12-20,185,791,140,0.65,124,Mobile,Email
2024-12-20,214,932,173,0.494,238,Tablet,Organic
2024-12-20,153,666,124,0.494,238,Tablet,Paid
2024-12-20,122,533,99,0.494,238,Tablet,Direct
2024-12-20,91,399,74,0.494,238,Tablet,Social
2024-12-20,30,133,24,0.494,238,Tablet,Email
2024-12-21,552,1699,394,0.516,222,Desktop,Organic
2024-12-21,394,1214,281,0.516,222,Desktop,Paid
2024-12-21,315,971,225,0.516,222,Desktop,Direct
2024-12-21,236,728,169,0.516,222,Desktop,Social
2024-12-21,78,242,56,0.516,222,Desktop,Email
2024-12-21,934,3279,719,0.639,129,Mobile,Organic
2024-12-21,667,2342,514,0.639,129,Mobile,Paid
2024-12-21,534,1873,411,0.639,129,Mobile,Direct
2024-12-21,400,1405,308,0.639,129,Mobile,Social
2024-12-21,133,468,102,0.639,129,Mobile,Email
2024-12-21,168,684,135,0.621,201,Tablet,Organic
2024-12-21,120,489,96,0.621,201,Tablet,Paid
2024-12-21,96,391,77,0.621,201,Tablet,Direct
2024-12-21,72,293,58,0.621,201,Tablet,Social
2024-12-21,24,97,19,0.621,201,Tablet,Email
2024-12-22,685,2852,513,0.489,203,Desktop,Organic
2024-12-22,489,2037,366,0.489,203,Desktop,Paid
2024-12-22,391,1630,293,0.489,203,Desktop,Direct
2024-12-22,293,1222,219,0.489,203,Desktop,Social
2024-12-22,97,407,73,0.489,203,Desktop,Email
2024-12-22,1068,2822,876,0.636,122,Mobile,Organic
2024-12-22,763,2016,626,0.636,122,Mobile,Paid
2024-12-22,610,1612,500,0.636,122,Mobile,Direct
2024-12-22,457,1209,375,0.636,122,Mobile,Social
2024-12-22,152,403,125,0.636,122,Mobile,Email
2024-12-22,192,810,160,0.508,210,Tablet,Organic
2024-12-22,137,579,114,0.508,210,Tablet,Paid
2024-12-22,110,463,91,0.508,210,Tablet,Direct
2024-12-22,82,347,68,0.508,210,Tablet,Social
2024-12-22,27,115,22,0.508,210,Tablet,Email
2024-12-23,607,2434,466,0.484,260,Desktop,Organic
2024-12-23,434,1739,333,0.484,260,Desktop,Paid
2024-12-23,347,1391,266,0.484,260,Desktop,Direct
2024-12-23,260,1043,199,0.484,260,Desktop,Social
2024-12-23,86,347,66,0.484,260,Desktop,Email
2024-12-23,927,3017,735,0.729,172,Mobile,Organic
2024-12-23,662,2155,525,0.729,172,Mobile,Paid
2024-12-23,529,1724,420,0.729,172,Mobile,Direct
2024-12-23,397,1293,315,0.729,172,Mobile,Social
2024-12-23,132,431,105,0.729,172,Mobile,Email
2024-12-23,161,704,138,0.552,162,Tablet,Organic
2024-12-23,115,503,99,0.552,162,Tablet,Paid
2024-12-23,92,402,79,0.552,162,Tablet,Direct
2024-12-23,69,302,59,0.552,162,Tablet,Social
2024-12-23,23,100,19,0.552,162,Tablet,Email
2024-12-24,488,1759,344,0.426,238,Desktop,Organic
2024-12-24,348,1257,246,0.426,238,Desktop,Paid
2024-12-24,279,1005,197,0.426,238,Desktop,Direct
2024-12-24,209,754,147,0.426,238,Desktop,Social
2024-12-24,69,251,49,0.426,238,Desktop,Email
2024-12-24,780,2986,565,0.6,161,Mobile,Organic
2024-12-24,557,2133,404,0.6,161,Mobile,Paid
2024-12-24,446,1706,323,0.6,161,Mobile,Direct
2024-12-24,334,1279,242,0.6,161,Mobile,Social
2024-12-24,111,426,80,0.6,161,Mobile,Email
2024-12-24,133,346,105,0.508,189,Tablet,Organic
2024-12-24,95,247,75,0.508,189,Tablet,Paid
2024-12-24,76,198,60,0.508,189,Tablet,Direct
2024-12-24,57,148,45,0.508,189,Tablet,Social
2024-12-24,19,49,15,0.508,189,Tablet,Email
2024-12-25,628,1888,565,0.438,200,Desktop,Organic
2024-12-25,449,1349,403,0.438,200,Desktop,Paid
2024-12-25,359,1079,323,0.438,200,Desktop,Direct
2024-12-25,269,809,242,0.438,200,Desktop,Social
2024-12-25,89,269,80,0.438,200,Desktop,Email
2024-12-25,847,3185,636,0.729,114,Mobile,Organic
2024-12-25,605,2275,454,0.729,114,Mobile,Paid
2024-12-25,484,1820,363,0.729,114,Mobile,Direct
2024-12-25,363,1365,272,0.729,114,Mobile,Social
2024-12-25,121,455,90,0.729,114,Mobile,Email
2024-12-25,171,509,123,0.547,229,Tablet,Organic
2024-12-25,122,363,88,0.547,229,Tablet,Paid
2024-12-25,98,291,70,0.547,229,Tablet,Direct
2024-12-25,73,218,52,0.547,229,Tablet,Social
2024-12-25,24,72,17,0.547,229,Tablet,Email
2024-12-26,515,1358,366,0.439,227,Desktop,Organic
2024-12-26,368,970,262,0.439,227,Desktop,Paid
2024-12-26,294,776,209,0.439,227,Desktop,Direct
2024-12-26,220,582,157,0.439,227,Desktop,Social
2024-12-26,73,194,52,0.439,227,Desktop,Email
2024-12-26,974,3625,871,0.564,125,Mobile,Organic
2024-12-26,696,2589,622,0.564,125,Mobile,Paid
2024-12-26,556,2071,497,0.564,125,Mobile,Direct
2024-12-26,417,1553,373,0.564,125,Mobile,Social
2024-12-26,139,517,124,0.564,125,Mobile,Email
2024-12-26,173,521,125,0.537,237,Tablet,Organic
2024-12-26,124,372,89,0.537,237,Tablet,Paid
2024-12-26,99,298,71,0.537,237,Tablet,Direct
2024-12-26,74,223,53,0.537,237,Tablet,Social
2024-12-26,24,74,17,0.537,237,Tablet,Email
2024-12-27,701,2139,500,0.406,263,Desktop,Organic
2024-12-27,501,1528,357,0.406,263,Desktop,Paid
2024-12-27,401,1222,286,0.406,263,Desktop,Direct
2024-12-27,300,916,214,0.406,263,Desktop,Social
2024-12-27,100,305,71,0.406,263,Desktop,Email
2024-12-27,1007,2888,774,0.623,178,Mobile,Organic
2024-12-27,720,2063,553,0.623,178,Mobile,Paid
2024-12-27,576,1650,442,0.623,178,Mobile,Direct
2024-12-27,432,1237,331,0.623,178,Mobile,Social
2024-12-27,144,412,110,0.623,178,Mobile,Email
2024-12-27,201,724,145,0.587,227,Tablet,Organic
2024-12-27,144,517,104,0.587,227,Tablet,Paid
2024-12-27,115,413,83,0.587,227,Tablet,Direct
2024-12-27,86,310,62,0.587,227,Tablet,Social
2024-12-27,28,103,20,0.587,227,Tablet,Email
2024-12-28,519,2061,371,0.573,206,Desktop,Organic
2024-12-28,370,1472,265,0.573,206,Desktop,Paid
2024-12-28,296,1178,212,0.573,206,Desktop,Direct
2024-12-28,222,883,159,0.573,206,Desktop,Social
2024-12-28,74,294,53,0.573,206,Desktop,Email
2024-12-28,831,2341,676,0.559,165,Mobile,Organic
2024-12-28,593,1672,483,0.559,165,Mobile,Paid
2024-12-28,475,1337,386,0.559,165,Mobile,Direct
2024-12-28,356,1003,289,0.559,165,Mobile,Social
2024-12-28,118,334,96,0.559,165,Mobile,Email
2024-12-28,164,432,138,0.625,205,Tablet,Organic
2024-12-28,117,309,99,0.625,205,Tablet,Paid
2024-12-28,93,247,79,0.625,205,Tablet,Direct
2024-12-28,70,185,59,0.625,205,Tablet,Social
2024-12-28,23,61,19,0.625,205,Tablet,Email
2024-12-29,712,1814,540,0.511,259,Desktop,Organic
2024-12-29,508,1296,386,0.511,259,Desktop,Paid
2024-12-29,407,1037,309,0.511,259,Desktop,Direct
2024-12-29,305,777,231,0.511,259,Desktop,Social
2024-12-29,101,259,77,0.511,259,Desktop,Email
2024-12-29,1018,3546,756,0.72,117,Mobile,Organic
2024-12-29,727,2533,540,0.72,117,Mobile,Paid
2024-12-29,582,2026,432,0.72,117,Mobile,Direct
2024-12-29,436,1520,324,0.72,117,Mobile,Social
2024-12-29,145,506,108,0.72,117,Mobile,Email
2024-12-29,214,645,162,0.473,165,Tablet,Organic
2024-12-29,153,461,116,0.473,165,Tablet,Paid
2024-12-29,122,368,92,0.473,165,Tablet,Direct
2024-12-29,92,276,69,0.473,165,Tablet,Social
2024-12-29,30,92,23,0.473,165,Tablet,Email
2024-12-30,454,1720,362,0.491,243,Desktop,Organic
2024-12-30,324,1229,259,0.491,243,Desktop,Paid
2024-12-30,259,983,207,0.491,243,Desktop,Direct
2024-12-30,194,737,155,0.491,243,Desktop,Social
2024-12-30,64,245,51,0.491,243,Desktop,Email
2024-12-30,737,1951,534,0.574,95,Mobile,Organic
2024-12-30,527,1393,381,0.574,95,Mobile,Paid
2024-12-30,421,1115,305,0.574,95,Mobile,Direct
2024-12-30,316,836,229,0.574,95,Mobile,Social
2024-12-30,105,278,76,0.574,95,Mobile,Email
2024-12-30,122,453,97,0.501,194,Tablet,Organic
2024-12-30,87,324,69,0.501,194,Tablet,Paid
2024-12-30,69,259,55,0.501,194,Tablet,Direct
2024-12-30,52,194,41,0.501,194,Tablet,Social
2024-12-30,17,64,13,0.501,194,Tablet,Email
2024-12-31,520,1410,374,0.412,221,Desktop,Organic
2024-12-31,372,1007,267,0.412,221,Desktop,Paid
2024-12-31,297,806,213,0.412,221,Desktop,Direct
2024-12-31,223,604,160,0.412,221,Desktop,Social
2024-12-31,74,201,53,0.412,221,Desktop,Email
2024-12-31,880,3019,769,0.636,119,Mobile,Organic
2024-12-31,628,2156,549,0.636,119,Mobile,Paid
2024-12-31,503,1725,439,0.636,119,Mobile,Direct
2024-12-31,377,1293,329,0.636,119,Mobile,Social
2024-12-31,125,431,109,0.636,119,Mobile,Email
2024-12-31,167,571,129,0.569,226,Tablet,Organic
2024-12-31,119,408,92,0.569,226,Tablet,Paid
2024-12-31,95,326,74,0.569,226,Tablet,Direct
2024-12-31,71,244,55,0.569,226,Tablet,Social
2024-12-31,23,81,18,0.569,226,Tablet,Email
